vibe::percussive,vibe::raw,vibe::euphoric,vibe::vocal,vibe::intense,vibe::piano,mood_top,genre_pred,energy_rms,engagement,track_id,vibe::dreamy,vibe::minimal,vibe::instrumental,vibe::driving,vibe::dark,vibe::deep,vibe::warm,vibe::hypnotic,vibe::punchy,vibe::atmospheric
2.5465,2.4915,1.6073,1.1597,0.4254,0.391,percussive / raw / euphoric,percussive,0.35122,0.33092,11309065,,,,,,,,,,
,0.8338,,0.9348,,0.0282,vocal / raw / dreamy,vocal,-0.75982,-0.29149,94954597,0.2106,-0.003,-0.0437,,,,,,,
1.0007,1.4354,1.3333,1.4752,1.0171,,vocal / raw / euphoric,vocal,0.69284,0.85164,79011702,,,,0.9397,,,,,,
,1.476,,0.9626,,,raw / driving / vocal,raw,0.22872,0.17755,186900356,0.4428,,0.6317,1.1879,0.8622,,,,,
-0.2421,,-1.5398,,,-1.4794,percussive / minimal / deep,percussive,-1.85785,-1.513,21840649,-1.3865,-0.9089,,,,-1.2049,,,,
,1.3314,,1.2841,,0.748,instrumental / raw / vocal,instrumental,-0.14231,0.10964,138902476,0.7934,,1.6559,0.7403,,,,,,
0.7142,0.9951,,0.7521,,,raw / vocal / percussive,raw,0.02591,-0.23796,5191576,,,-0.0232,0.3045,,,-0.0873,,,
2.1226,1.0542,2.1527,,0.9472,,euphoric / percussive / warm,euphoric,0.77956,1.2301,255199389,,,,,,,1.7396,0.5822,,
,,,0.7275,,0.6549,dreamy / instrumental / minimal,dreamy,-0.59627,0.23337,35624456,1.1375,0.7779,1.1037,,,0.466,,,,
,,,,,2.038,punchy / piano / instrumental,punchy,1.13726,0.66996,37999731,,1.5869,2.0371,,,1.5209,,1.3876,2.4059,
0.3438,1.2376,0.4865,1.1735,,,raw / vocal / atmospheric,raw,-0.01098,0.26325,111679909,,,,,0.4059,,,,,0.6709
,,,,,1.7076,minimal / piano / warm,minimal,0.00666,1.03216,106555528,1.3689,1.7911,,,,,1.5363,1.4416,,1.0162
,1.5287,,,1.247,,dark / raw / deep,dark,0.80492,0.68933,258696664,,,1.1854,,1.6679,1.4034,,,,1.1688
1.1622,0.1125,-0.0648,0.5009,,0.0919,percussive / vocal / raw,percussive,-0.27977,-0.40569,178803599,,,0.0403,,,,,,,
,,1.9586,,2.0524,,driving / dark / warm,driving,1.39555,1.82111,75813422,,,,2.314,2.2722,2.2204,2.2536,,,
,,,1.1534,,0.8796,vocal / piano / dreamy,vocal,-0.21331,0.50822,230088001,0.7826,,0.4974,,,,,0.6434,,0.62
2.7856,-0.9706,-0.3823,,-0.7977,,percussive / warm / euphoric,percussive,-0.00815,-0.79375,100371185,,,,,,,-0.3235,,-0.8855,
,,,,0.6136,,punchy / deep / dark,punchy,0.35999,0.20564,212712290,,,,,0.8467,0.9091,0.6026,,1.0927,0.4149
,0.0594,,0.2976,,,vocal / minimal / raw,vocal,-0.56667,-0.68332,252966275,-0.1312,0.2554,-0.0763,-0.1916,,,,,,
,0.4209,,0.8478,,,instrumental / minimal / vocal,instrumental,-0.81666,-0.09656,160355775,0.7154,0.9807,1.0415,,,0.7979,,,,
,,2.9867,,,2.4821,warm / euphoric / atmospheric,warm,1.04872,3.05823,55193587,2.6937,,,,,,3.4943,2.6455,,2.8344
0.5329,,,,0.532,,hypnotic / atmospheric / dreamy,hypnotic,0.40493,0.39136,149360531,0.7061,0.6195,,,,,,0.8325,,0.7855
,1.8997,,2.0495,,,vocal / raw / instrumental,vocal,0.3929,0.98474,28451401,1.6814,,1.7396,1.3408,,,,,,1.5216
0.2706,0.3248,-0.4803,,,-0.429,raw / percussive / punchy,raw,-0.31149,-0.53955,44998605,,,,,,-0.3396,,,-0.164,
,-0.7209,,-0.1815,,,vocal / minimal / raw,vocal,-1.41447,-1.30656,170069817,-0.8024,-0.5386,-0.8788,,,-0.8247,,,,
,,,0.5803,,,dreamy / minimal / vocal,dreamy,-0.80381,0.08044,129944120,1.0974,1.0282,0.1256,,,,0.3195,,,0.2859
,1.7099,,1.4911,,0.4463,raw / vocal / dreamy,raw,-0.22464,0.06267,227044174,0.8981,,0.8839,,,0.4893,,,,
0.3413,,,0.2683,,-0.2414,percussive / vocal / dreamy,percussive,-0.47625,-0.52053,17845458,-0.14,-0.3983,,,,,,,,-0.2844
,2.2068,,1.6481,1.916,,driving / raw / intense,driving,1.53963,1.31678,165576752,,,,2.4392,1.8538,,1.6772,,,
,0.9877,,,,,minimal / warm / raw,minimal,0.60298,0.59374,122388156,,1.3559,,0.9393,0.6971,,1.1985,,0.6925,
0.8393,,,,1.0983,,punchy / intense / driving,punchy,1.04596,0.60477,169392022,,,,1.0352,,,0.7347,,1.2111,0.7235
,2.433,,1.106,,,raw / warm / dreamy,raw,0.38426,1.11586,48113818,1.2198,,1.1378,,,0.9754,1.3752,,,
,1.4418,,1.2397,,0.8582,raw / vocal / driving,raw,0.34119,0.51895,134571030,0.767,,,0.8714,,,0.8303,,,
1.3922,0.4969,-0.0856,0.2459,,,percussive / raw / vocal,percussive,-0.17025,-0.52633,223186299,,,,-0.3404,,,-0.3835,,,
,,,,,,deep / punchy / dark,deep,0.00471,0.32527,20516033,0.6568,0.6743,,,0.8853,1.466,,0.8446,1.1138,
,0.4256,,0.3087,,,punchy / dark / driving,punchy,0.45917,0.08836,264406092,,,,0.7379,0.7677,,0.3889,,0.9945,
0.547,,,,,,atmospheric / dreamy / dark,atmospheric,0.25756,0.32246,134401873,0.6968,0.4623,,,0.6463,,,0.5958,,0.6993
-0.4826,0.6703,,0.5909,,,raw / vocal / instrumental,raw,-0.88734,-0.62813,219689843,-0.3761,-0.4085,-0.3626,,,,,,,
1.5235,1.575,0.6622,0.5426,,,raw / percussive / euphoric,raw,-0.331,0.22634,244763642,-0.4212,,,,,,0.438,,,
0.5297,0.1912,,0.8416,,-0.24,vocal / percussive / raw,vocal,-0.56916,-0.40532,46496297,-0.0584,,-0.266,,,,,,,
0.5925,-0.4256,-0.6189,0.4734,,,percussive / vocal / raw,percussive,-0.68027,-0.80783,161215666,-0.745,,-0.5156,,,,,,,
1.4302,0.5702,-0.0373,-0.3942,-0.1824,,percussive / raw / euphoric,percussive,-0.02972,-0.68694,194601984,,,,-0.5459,,,,,,
,,,,,1.4357,minimal / piano / hypnotic,minimal,-0.02054,0.15275,36354010,0.7013,1.5758,0.913,,,,,0.9658,,0.9585
0.848,0.2546,0.2913,0.3422,0.0855,,percussive / warm / vocal,percussive,-0.01511,0.09834,16124557,,,,,,,0.4249,,,
,,1.5256,,,,dark / deep / punchy,dark,0.83533,0.99112,94926741,,,,,2.0745,1.8809,1.4902,1.4556,1.552,
1.1005,0.4845,0.3656,,,,percussive / raw / warm,percussive,-0.01544,-0.07199,190748698,,,,-0.1101,,,0.383,,-0.4977,
,1.3893,1.8055,,1.6279,,warm / euphoric / dark,warm,1.25122,1.52846,162782838,,,,1.6622,1.6721,,1.9146,,,
1.4481,0.2322,0.3586,0.0721,0.1026,,percussive / euphoric / raw,percussive,0.07252,-0.55228,233315453,,,,,,,,-0.2483,,
,,1.3328,,1.2377,1.5119,warm / driving / piano,warm,1.01295,1.59635,227310156,1.1591,,,1.9847,,,2.2972,,,
,1.4353,,,,1.706,instrumental / piano / deep,instrumental,0.68479,0.76427,172528917,1.3619,,1.8409,1.2413,,1.4497,,,,
,1.9659,0.7257,0.7209,,1.2776,raw / driving / warm,raw,0.36051,0.89027,86833725,,,,1.6617,,,1.41,,,
0.9954,-0.3816,,0.5078,,0.0774,percussive / vocal / piano,percussive,-1.03512,-1.33297,22944267,-0.8156,,-0.7845,,,,,,,
1.3465,0.7632,1.052,,1.173,,percussive / intense / euphoric,percussive,0.83973,0.81923,182192804,,,,0.7395,0.9003,,,,,
0.6482,0.9055,0.0124,0.9156,,,vocal / raw / percussive,vocal,0.17698,0.13172,103940111,,,,0.3201,,,0.3934,,,
,,,2.1756,,1.8508,vocal / instrumental / dreamy,vocal,0.4837,0.78296,49654583,1.8668,1.8593,2.1336,,,,,,,1.5735
,1.3385,,1.3858,,,vocal / raw / driving,vocal,0.26814,0.55492,90115565,,0.9472,1.0066,1.0087,,,0.8435,,,
0.918,,-0.3041,0.0077,0.0831,,percussive / intense / vocal,percussive,0.03979,-0.51384,227412787,-0.4154,,,-0.1514,,,,,,
1.5155,0.0483,0.3307,-0.0094,0.3815,,percussive / intense / euphoric,percussive,0.35698,-0.17667,132504825,,,-0.0885,,,,,,,
,,,,,,instrumental / minimal / dreamy,instrumental,-0.49061,-0.3846,121222526,0.0349,0.1614,0.3623,0.0087,,-0.029,,,0.0258,
,1.1204,,1.3138,,1.7865,piano / vocal / dreamy,piano,0.29157,0.77055,200624245,1.2774,1.0954,,1.2734,,,,,,
0.7711,0.8351,,-0.1503,,,raw / percussive / vocal,raw,-0.5092,-0.73406,216295629,-0.5151,,,-0.7866,,,-0.7978,,,
,1.0892,,1.4757,,,vocal / raw / instrumental,vocal,-0.05494,0.13388,246317942,0.6518,0.4756,0.8419,,,,,,,0.4487
1.0426,-0.64,-0.5216,,,,percussive / punchy / euphoric,percussive,-0.27504,-0.84074,12168400,,,,,-0.6559,-0.5426,,,-0.4116,
0.8412,-0.9783,-0.7823,-0.7577,-0.997,,percussive / vocal / euphoric,percussive,-0.60913,-1.01359,197720491,,,,,,,,,-0.877,
0.8171,,-0.3241,,,,percussive / dark / driving,percussive,-0.05396,-0.69334,77916651,,,,-0.2889,-0.2562,-0.3914,,,-0.2942,
0.792,-1.0659,0.037,-0.4936,-0.5937,-0.5504,percussive / euphoric / vocal,percussive,-1.2271,-1.43108,198418359,,,,,,,,,,
0.8356,,-0.2422,,-0.0989,,punchy / percussive / dark,punchy,0.32693,-0.61422,70531240,,,,-0.2788,-0.0607,,,,0.8499,
0.0027,-0.8331,,,-1.3154,-0.9193,percussive / raw / piano,percussive,-0.88159,-1.38638,240358091,,,,-1.2366,,,,,-0.9771,
,0.5187,0.2901,0.525,0.5967,,intense / vocal / raw,intense,0.25573,0.07406,202010194,,,,0.4667,0.2333,,,,,
,,,,,1.0217,dreamy / piano / instrumental,dreamy,-0.19635,0.11105,220959893,1.0974,0.6544,0.7857,0.6294,,,,,0.3871,
,1.1333,,1.2,,,vocal / dreamy / raw,vocal,0.05617,0.4897,66524880,1.1375,,0.7673,1.0288,,0.6962,,,,
0.465,,,0.0021,,0.0454,percussive / minimal / dreamy,percussive,-0.09452,-0.18193,173575903,0.1029,0.2488,,,,,,,0.0337,
0.8505,1.027,1.6371,2.3928,1.0076,,vocal / euphoric / raw,vocal,0.26788,0.88946,69525534,,,,,,,,,,0.6584
0.2882,0.9366,0.0512,0.8421,-0.0886,,raw / vocal / percussive,raw,-0.22182,-0.10673,80398121,,,0.0139,,,,,,,
,0.197,,0.9745,,-0.4369,vocal / raw / dreamy,vocal,-2.0763,-1.12869,259451788,0.0502,-0.8447,-0.3478,,,,,,,
1.0737,1.3501,2.2411,2.5561,1.405,1.6247,vocal / euphoric / piano,vocal,0.56588,1.35649,267332778,,,,,,,,,,
0.5326,0.8344,0.3113,0.5998,,,driving / raw / vocal,driving,0.30437,0.27506,208440852,,,,0.8539,,,0.5239,,,
,,,-0.2688,,-0.3616,driving / minimal / dreamy,driving,-0.78389,-0.60041,210715841,-0.1774,-0.1675,-0.2139,-0.0822,,,,,,
0.2404,-1.3313,,-0.6915,-1.5705,,percussive / vocal / punchy,percussive,-1.07904,-1.79549,72286358,,,-1.4702,,,,,,-0.9182,
,,,-0.3155,,-0.6712,vocal / driving / piano,vocal,-0.84383,-1.0097,116639212,,-0.7249,,-0.6343,-0.7721,,,,-0.6773,
,0.9317,,,,0.8292,deep / hypnotic / raw,deep,0.06984,0.63129,11059531,0.6763,,,,,1.2682,,0.9536,0.7645,
,,,1.778,,,dreamy / instrumental / vocal,dreamy,0.51642,1.32203,85381594,1.8981,1.6187,1.8214,1.706,,,1.4954,,,
,-0.1275,,-0.6204,,-0.7251,raw / punchy / deep,raw,-0.68629,-1.01319,80842224,,,,-0.7582,,-0.5768,,,-0.1682,
,0.8605,,1.2475,,0.5197,vocal / raw / instrumental,vocal,-0.28595,-0.12741,71270825,,,0.5267,,0.3379,,,,,0.3859
,1.3543,,1.0591,0.2065,,raw / vocal / deep,raw,-0.34718,-0.17084,67780172,,,,,0.2373,0.3506,,,,0.0228
0.429,-0.8954,,0.2332,-1.4125,-1.0014,percussive / vocal / raw,percussive,-1.27608,-1.85802,240028548,,,-1.1121,,,,,,,
0.4279,,,,,,deep / dark / minimal,deep,-0.03739,0.26523,14420445,,0.493,,,0.5233,0.909,0.4539,0.361,,
0.4862,0.3036,-0.0928,-0.1386,,,percussive / raw / dark,percussive,-0.21179,-0.98343,249956846,,,,,0.0544,,,,-0.1775,
0.148,0.833,0.2085,1.1566,,,vocal / raw / instrumental,vocal,-0.0323,-0.0306,190679893,,,0.5378,0.265,,,,,,
1.3238,1.4189,0.676,1.3064,,,raw / percussive / vocal,raw,0.01205,0.44553,236329954,,,0.2831,,,,0.4439,,,
,-0.6645,,0.3511,,-0.4626,vocal / dreamy / minimal,vocal,-1.28447,-0.70528,4057805,0.1863,0.1541,-0.0636,,,,,,,
0.6433,-0.7352,,,,,percussive / punchy / raw,percussive,-0.56272,-1.40048,214906319,,,,-1.09,-1.2129,,-1.0822,,-0.3112,
,0.2023,0.3413,0.7962,,,vocal / euphoric / warm,vocal,-0.59257,0.29023,16015886,0.2003,,,,0.0787,,0.3291,,,
1.2676,1.3382,0.5294,1.0384,,,raw / percussive / vocal,raw,-0.79726,-0.20515,109886684,-0.4879,,-0.5126,,,,,,,
,,,,1.5451,,deep / dark / hypnotic,deep,0.82888,1.3011,81663092,,,,,1.9122,2.1028,,1.8501,1.6356,1.6659
0.2409,0.5285,0.0957,0.7394,-0.4265,,vocal / raw / percussive,vocal,-0.57228,-0.3061,154172776,-0.3628,,,,,,,,,
,-0.2304,,0.0971,,-0.2284,vocal / driving / punchy,vocal,-0.3714,-0.49901,33601534,,,-0.2627,-0.1045,,,,,-0.1857,
,,,,,,warm / hypnotic / dark,warm,-0.27933,0.73132,188536659,0.727,,,,0.8956,0.5697,1.1655,0.9057,,0.7176
,2.0995,,,1.4168,,deep / raw / dark,deep,0.7147,0.74478,183894830,,,1.3976,,1.4549,2.3258,,,,1.2893
2.0606,1.5638,2.4785,,1.4544,,euphoric / warm / percussive,euphoric,1.22831,1.61162,201436905,,,,1.0148,,,2.2619,,,
1.0051,-1.1649,-1.594,,,,percussive / raw / punchy,percussive,-1.00524,-1.71409,198414739,,,,-1.6797,,,-1.6597,,-1.2926,
-0.3755,,,,,-0.4941,punchy / minimal / percussive,punchy,-0.79709,-1.15056,145017377,,-0.2092,-0.4815,,,,,-0.7616,0.0456,
0.4969,,-0.2444,-0.0985,-0.2888,,percussive / vocal / euphoric,percussive,-0.14592,-0.60633,197562394,,,-0.3636,-0.389,,,,,,
,1.4473,,,,,deep / raw / instrumental,deep,0.48167,0.93684,90500468,1.1609,,1.4013,,1.2338,1.763,,1.0584,,
1.4402,0.1434,0.6758,-0.1061,0.3029,,percussive / euphoric / intense,percussive,0.42347,-0.24962,166600569,,,,,,,,,0.1894,
0.6781,,,,,2.2193,piano / minimal / dreamy,piano,0.35931,0.6555,167526558,1.3592,1.3926,0.7691,,,,,,,0.673
,1.3568,1.145,,1.0911,,raw / punchy / warm,raw,0.83555,0.83918,1171643,,,,1.141,,,1.186,,1.3367,
,,1.2423,0.9858,,1.739,piano / dreamy / euphoric,piano,-0.5908,1.27768,23904623,1.4507,,1.1312,,,,1.14,,,
,1.3419,,1.1783,,0.6433,instrumental / raw / vocal,instrumental,-0.08602,0.3155,264979550,0.7455,0.7024,1.5022,,,,,,,
,1.4248,2.1226,,2.109,,euphoric / intense / warm,euphoric,1.34516,1.28096,18682433,,,,1.3902,1.4872,,1.4978,,,
,1.8138,,2.0747,,1.1511,vocal / raw / instrumental,vocal,0.14192,0.57573,13402861,1.1703,1.1789,1.3566,,,,,,,
0.7208,1.1768,0.8468,,0.8916,,raw / warm / intense,raw,0.42542,0.80177,263380903,0.5902,,,,,,0.9683,,,
1.9201,1.7062,1.8761,,1.5737,,percussive / euphoric / raw,percussive,1.44345,1.04485,137400131,,,,1.4679,,,1.3273,,,
,,,,,,deep / dreamy / atmospheric,deep,0.45376,1.52139,200318735,1.8126,,,,1.383,1.9876,1.735,1.4126,,1.7803
1.6736,0.9387,0.0752,,,0.1299,percussive / raw / piano,percussive,0.08993,-0.26241,55799303,,,0.0168,,,,-0.0405,,,
,0.5133,,,,,deep / punchy / raw,deep,-0.07635,-0.48613,109359756,,-0.0724,0.1029,,-0.0993,1.0405,,,0.5969,
,,,,,2.2837,hypnotic / piano / deep,hypnotic,0.82877,1.52206,113717179,,,,,2.1085,2.1843,,2.2886,1.992,2.0046
,,1.3748,,,2.4666,piano / hypnotic / dreamy,piano,0.68656,1.38466,143645745,1.5686,,1.4028,,,,,1.9376,,1.507
,2.2368,,,,2.3801,deep / piano / raw,deep,0.70537,1.43624,252620748,,,2.0875,,,2.8144,,2.2082,,2.1725
,,,,,,deep / minimal / instrumental,deep,-0.31582,0.04412,212379967,0.7194,1.2255,0.8815,,,1.2322,,0.6831,,0.6728
,,,,,,dreamy / minimal / instrumental,dreamy,1.30596,1.8606,241972585,2.0675,2.0532,2.0182,,,,1.9756,1.8999,,1.8739
,1.7492,,1.5093,,,instrumental / raw / dreamy,instrumental,0.71934,1.28657,4244169,1.711,,1.7793,,,1.5816,,1.6985,,
,,,1.4706,,1.3492,dreamy / hypnotic / vocal,dreamy,0.04647,1.07514,35117748,1.7471,1.3984,,,,1.4278,,1.5907,,
2.852,-0.0973,0.1457,-0.5629,,,percussive / euphoric / warm,percussive,0.21698,-0.38912,153347592,,,,-0.5439,,,0.0243,,,
,,0.3889,0.5507,0.3493,,driving / vocal / punchy,driving,0.48615,0.26392,121111359,,,,0.7283,0.4245,,,,0.544,
,,,,,3.0916,piano / dreamy / deep,piano,0.73499,1.66256,129303348,2.6865,,2.4786,,,2.6233,,2.5124,,2.4862
,1.3965,,0.8474,0.7679,,raw / dark / driving,raw,0.40654,0.45811,21125599,,,,1.0368,1.1899,,0.6952,,,
-0.2103,0.1191,,,,,driving / raw / warm,driving,-0.43198,-0.31611,107415943,,-0.1047,-0.1852,0.159,,,0.0767,,,
2.1658,0.943,1.0428,0.4515,0.8113,,percussive / euphoric / raw,percussive,0.73682,0.21376,79121119,,,,,,,,0.6432,,
,2.0474,1.1632,1.3604,,,raw / vocal / driving,raw,0.95375,0.97708,221333139,,,1.1555,1.2185,1.1225,,,,,
0.1541,0.154,,0.346,,,vocal / percussive / raw,vocal,-0.86224,-1.0444,226912163,-0.8859,,-0.5018,-0.7439,,,,,,
0.2173,0.62,1.1659,1.5492,0.6388,,vocal / euphoric / intense,vocal,-0.1903,-0.23032,215121792,,,,,,,,0.0443,,
1.1427,,1.8975,,,,warm / euphoric / punchy,warm,1.20501,1.58112,118073704,,,,,1.1759,,2.5015,1.4968,1.6647,
-0.5258,-0.7134,,-0.5578,,,percussive / vocal / raw,percussive,-1.33466,-1.80458,218206520,,-1.4866,-1.5518,,,,,,-1.1384,
1.5529,0.8235,,,,,percussive / punchy / raw,percussive,0.95049,0.19657,116658500,,,,0.5777,0.7622,,0.6906,,1.2486,
0.7768,0.3648,-0.267,0.4889,,,percussive / vocal / raw,percussive,-0.36286,-0.82353,133522644,,,-0.1283,,,-0.4914,,,,
,,,,,,dreamy / minimal / instrumental,dreamy,-0.14668,0.79464,57756111,1.8649,1.8237,1.7164,,,1.1028,,1.2596,,1.3542
0.6644,,0.5731,0.496,0.6518,,percussive / intense / driving,percussive,0.58713,0.34882,178798854,,,,0.5984,0.5291,,,,,
,1.7509,,2.2641,1.1921,,vocal / raw / driving,vocal,0.72828,0.9318,183290555,,,,1.3545,1.2975,,,,,1.1896
,0.7678,,0.7835,,,warm / minimal / vocal,warm,-0.00089,0.48751,196968299,0.4065,1.084,0.7205,,,,1.2399,,,
,0.5644,,1.0242,,,vocal / raw / instrumental,vocal,-0.73204,-0.42343,214921215,0.1417,0.1168,0.4394,,-0.076,,,,,
,0.9185,,1.6157,,2.2214,piano / dreamy / minimal,piano,-0.42518,0.30549,233731642,1.6545,1.6444,1.6401,,,,,,,
,1.437,,,,,minimal / hypnotic / instrumental,minimal,0.8225,1.35747,159456365,,2.0027,1.7268,,,1.494,1.7254,1.7695,,
,,,,,,atmospheric / dreamy / minimal,atmospheric,0.60264,1.5324,144717406,2.0136,1.9553,1.8745,1.879,1.8947,,,,,2.0632
,0.2357,,-0.1009,,,raw / vocal / dreamy,raw,-1.16839,-0.57643,230783963,-0.1821,,-0.4168,,,-0.3167,-0.4654,,,
-0.46,-0.1844,,,,,raw / percussive / minimal,raw,-1.08952,-1.07805,163360939,,-0.6075,-0.8385,,,,-0.9414,,-0.7816,
0.1603,0.441,0.0443,-0.7074,,,raw / percussive / euphoric,raw,-0.91494,-0.3428,76922822,,,,-1.002,,,-0.0236,,,
,1.068,,1.9758,,,vocal / raw / dreamy,vocal,-1.47811,0.25618,35885536,0.8771,0.1783,0.5324,,,,,0.2013,,
,,,,,-0.7317,dreamy / driving / minimal,dreamy,-1.12041,-0.84074,126430441,-0.2842,-0.5718,,-0.5563,,,-0.6386,,-0.7959,
0.3349,-0.9869,-1.1692,-1.2969,,,percussive / warm / raw,percussive,-1.10882,-1.30526,148040935,,-1.2351,,,,,-0.9202,,,
-0.2408,,,,,,punchy / percussive / minimal,punchy,-0.39966,-1.14169,148972611,-0.6136,-0.5243,,-0.5628,-0.7127,,,,0.0792,
,1.697,,2.1801,,,vocal / dark / raw,vocal,0.47894,1.47611,229557484,1.4867,,,1.6799,1.8353,,1.6543,,,
0.7658,-0.3846,,-0.3794,,-1.1761,percussive / vocal / raw,percussive,-1.01947,-1.24866,196520003,,-1.0536,,,,,-1.2028,,,
,,,,,-0.2644,punchy / deep / dark,punchy,-0.53402,-0.88724,130818716,,-0.4795,,-0.5515,0.3855,0.629,,,0.7654,
,1.4383,,2.0276,,1.2115,vocal / instrumental / raw,vocal,-0.28292,0.46387,125094953,1.4292,,1.4884,1.146,,,,,,
,,,,,-0.7229,punchy / minimal / warm,punchy,-1.04337,-0.77411,201355522,-0.7137,-0.569,-0.6481,,,,-0.6393,,-0.427,
1.0842,,1.8056,,1.3764,,euphoric / intense / percussive,euphoric,0.92776,0.80923,206452777,,,,,,,0.615,0.5425,0.8109,
,,,,0.9496,,driving / intense / atmospheric,driving,0.78758,0.62364,106233154,0.842,,,0.9525,0.8663,,,0.812,,0.9263
1.1005,-0.2338,-0.6369,,,,percussive / punchy / warm,percussive,-0.10193,-0.74538,256589253,,,,-0.6143,,,-0.1505,,0.0662,
-0.3798,,-0.5912,,-0.8708,,punchy / dark / percussive,punchy,-0.55425,-1.12883,44300384,,,,,-0.3103,-0.9096,,,0.2897,
0.9,0.7219,,0.9573,,-0.5753,vocal / percussive / raw,vocal,-0.80411,-1.33289,191761219,,,-0.131,,,-0.5476,,,,
,,2.296,,1.5481,2.477,piano / euphoric / intense,piano,0.77778,1.28942,26285491,,,,,,1.1759,,1.2559,,1.2655
,,,,0.6311,1.5924,piano / minimal / hypnotic,piano,0.4281,0.43848,88706770,,1.2798,,,,,,1.1796,1.1675,0.8019
,,,,,1.1836,instrumental / deep / punchy,instrumental,0.59658,0.70166,38219933,,,1.3699,,,1.2841,0.8932,0.9982,1.2493,
0.8053,0.224,-0.1898,,-0.1877,,percussive / raw / punchy,percussive,0.04748,-0.6666,142159079,,,,,-0.3304,,,,-0.0227,
1.4347,0.4989,0.7498,0.8777,0.9692,,percussive / intense / vocal,percussive,0.82088,0.49272,151005422,,,,,,,,,0.6026,
,,,0.9925,,-0.2087,vocal / instrumental / minimal,vocal,-0.40226,-0.37797,33480066,,-0.0269,0.0482,,-0.1638,,,,,-0.1192
0.4365,0.1679,,0.2067,,,percussive / vocal / raw,percussive,-0.40389,-0.95515,176302291,,-0.243,0.0321,-0.492,,,,,,
,,0.5758,,0.4849,,dark / punchy / euphoric,dark,0.39787,0.13348,159827709,,,,0.525,1.0819,,,,0.8393,0.4096
,,,1.6701,,0.9949,instrumental / minimal / vocal,instrumental,0.44243,0.42429,16532618,1.162,1.9958,2.0389,1.1757,,,,,,
,1.5615,1.6807,2.1286,1.81,1.4367,vocal / intense / euphoric,vocal,1.05953,1.03874,261403496,,,,,,,,,,1.242
,,,,1.5991,,dreamy / atmospheric / hypnotic,dreamy,1.30907,1.61023,58947367,2.3967,1.8382,,,,,,2.0247,1.4288,2.2955
,,,1.1994,,,vocal / dark / instrumental,vocal,0.46904,0.54728,112288398,0.8732,0.8868,0.9295,,1.1127,,,,,0.8579
,,2.3167,,2.3707,,punchy / warm / intense,punchy,2.03417,1.81348,98126954,,,,,2.1613,,2.3921,2.0362,3.0583,
,,,,,,deep / dark / minimal,deep,-0.23597,-0.73157,73538313,,0.5267,0.4217,0.3166,0.7473,0.8073,,,0.4114,
0.7286,1.8608,0.6258,1.4533,,,raw / vocal / instrumental,raw,0.44052,0.47192,187877875,,,0.7763,0.739,,,,,,
,1.4251,,1.0811,,-0.396,raw / vocal / instrumental,raw,-0.93174,-1.15707,194156156,-0.3336,,0.2034,,,-0.22,,,,
0.5703,,0.9353,1.0062,0.7802,,vocal / euphoric / intense,vocal,0.2009,0.1227,199674689,,,,,0.4144,,,,,0.4136
,0.7613,,1.2948,0.2395,,vocal / raw / dark,vocal,-0.06053,-0.09893,89197120,0.2363,,,,0.4084,,,,,0.2521
,0.1673,,0.2848,0.2008,,dark / deep / punchy,dark,0.05353,-0.41349,123209750,,,,,0.9898,0.413,,,0.3853,
0.4622,0.0714,,-0.8228,,,percussive / raw / driving,percussive,-0.60354,-0.9913,31640599,,,,-0.571,-0.8623,,-0.629,,,
,,,-0.0453,0.0404,,punchy / dark / intense,punchy,0.05771,-0.48415,143035952,,,,0.0045,0.3817,-0.01,,,0.5511,
,,,,,0.8033,punchy / piano / dark,punchy,0.40569,-0.1448,194965514,0.472,,,,0.6921,0.5554,,,0.8988,0.5456
,,2.7497,,3.1047,,intense / punchy / euphoric,intense,2.20892,1.97148,253271054,,,,2.6345,2.7382,2.4449,,,3.0603,
,0.2549,,,,,punchy / deep / dark,punchy,0.09804,-0.27084,242819069,,0.2162,0.0841,,0.5357,0.61,,,1.0149,
,,,,,,punchy / dark / deep,punchy,0.2476,-0.33083,52813548,,0.1036,,0.2363,0.7343,0.4794,0.0354,,0.8334,
0.085,0.1955,,1.1117,,,vocal / raw / instrumental,vocal,-0.40459,-0.43296,49601544,-0.1837,0.0715,0.1377,,,,,,,
0.4089,-0.2049,,0.0205,,,percussive / vocal / raw,percussive,-0.6373,-0.9911,241438620,-0.7568,-0.5917,-0.7981,,,,,,,
-0.0421,,,,,-0.3423,minimal / percussive / punchy,minimal,-0.58667,-0.75087,237887698,,0.0964,,,,-0.4684,,-0.5659,-0.1228,
,1.267,,,0.7997,,instrumental / raw / driving,instrumental,0.68794,0.12341,63777972,,1.0032,1.3515,1.1165,,0.8373,,,,
,0.6259,,,,,minimal / instrumental / warm,minimal,-0.00269,0.44116,169921852,0.5299,0.9053,0.6746,,,,0.633,0.5265,,
,-0.6306,,-0.1531,,-0.0949,dreamy / piano / instrumental,dreamy,-1.12192,-0.69365,212631185,0.1644,-0.4771,-0.112,,,,,,,
0.1787,-0.4333,-0.4307,0.4061,,-0.4229,vocal / percussive / piano,vocal,-0.58216,-0.66133,202270472,,,,,,,,,,-0.4904
0.8026,-0.5339,,-0.142,,-0.2301,percussive / warm / vocal,percussive,-0.89807,-0.37488,140550701,-0.551,,,,,,-0.0121,,,
2.3014,,-0.5134,,,,percussive / warm / punchy,percussive,0.17076,-0.46957,162173931,,-0.5346,,-0.7637,,,0.2706,,-0.032,
,1.0723,,1.1897,,,vocal / raw / warm,vocal,-0.3579,0.31997,154265925,0.331,0.3406,0.4599,,,,0.6789,,,
1.867,2.1917,,,,,raw / percussive / instrumental,raw,1.11817,1.09694,236706189,,1.3326,1.6463,,,1.5466,1.3489,,,
,2.1844,,1.7436,,,raw / instrumental / minimal,raw,0.68697,0.86333,125471242,,1.8054,2.1425,,,1.5432,,1.461,,
0.5771,1.7508,0.4514,1.8892,,0.6289,vocal / raw / piano,vocal,-0.35397,0.25173,160113691,0.5871,,,,,,,,,
,-0.0141,,-0.0888,,,dark / deep / raw,dark,-0.28669,-0.58729,149698488,,,,-0.0758,0.5888,0.4097,,,-0.1263,
-0.6234,-0.4301,,0.0954,,,vocal / raw / warm,vocal,-1.11238,-0.77394,249114708,-0.5488,,-0.6883,,,,-0.5396,,,
,,-0.5206,,,-0.4334,deep / punchy / piano,deep,-1.11647,-0.65912,143356320,-0.6421,-0.4999,,,,0.5313,,,-0.4285,
2.2931,2.3457,,1.4785,,1.3061,raw / percussive / vocal,raw,0.86605,0.67802,167658411,,,1.123,1.2046,,,,,,
,0.4937,,0.7569,,,vocal / raw / instrumental,vocal,-0.32259,-0.45436,228630647,,0.1105,0.2898,,0.2829,-0.0206,,,,
,,,1.0736,,,dreamy / atmospheric / minimal,dreamy,-0.43742,0.47183,120405171,1.7938,1.181,0.9894,,,,,0.9302,,1.2356
0.9444,,-1.3138,,-1.3282,,percussive / dark / punchy,percussive,-0.69048,-1.75465,72826432,,,,,-0.6578,-0.8781,,,-0.7476,
,0.8522,,1.0301,,,minimal / instrumental / vocal,minimal,0.45945,0.43555,125238345,1.0267,1.2463,1.2168,,,,,,,0.9815
,,,1.927,2.2311,2.0857,intense / atmospheric / dreamy,intense,1.21408,1.62208,119791355,2.1058,,,,,1.9643,,,,2.15
,,3.8531,,3.0305,,euphoric / intense / warm,euphoric,1.86471,2.37722,237534230,,,,2.1688,2.1,,2.6596,,,1.9051
1.2165,0.0139,0.1702,0.7269,0.0058,,percussive / vocal / euphoric,percussive,-0.0896,-0.44428,257109900,,,-0.5419,,,,,,,
0.6747,,0.0521,,0.6844,,punchy / intense / percussive,punchy,0.5991,-0.31924,166026965,,,,0.2576,0.0581,,,,0.7797,
,,,,,2.186,piano / dreamy / atmospheric,piano,0.64668,0.9335,114025338,1.9973,1.1699,1.4249,,,,,1.3164,,1.6697
1.6685,0.8553,1.0218,0.7624,0.599,,percussive / euphoric / raw,percussive,0.4973,0.43804,192357413,,,,0.285,,,,,,
1.075,1.3082,0.991,1.0681,,,raw / percussive / vocal,raw,0.76539,0.912,94066325,,,,,0.9675,,1.0585,,,
,,1.0499,1.5502,,1.201,vocal / dreamy / piano,vocal,0.43887,0.64423,154637590,1.2137,,,,,,,1.1614,,1.1361
,,,2.985,,,vocal / instrumental / dreamy,vocal,-0.19588,0.86177,196902889,2.012,1.7473,2.0258,,,,,1.2894,,1.5267
,1.5046,1.4687,2.3337,1.5846,1.1469,vocal / intense / raw,vocal,0.92767,0.85535,52988915,,,,,,,,,,1.1737
1.2684,0.8328,0.0584,0.5047,,0.2889,percussive / raw / vocal,percussive,-0.16342,-0.21107,220299535,,,,-0.1196,,,,,,
,,,2.1765,,,driving / dreamy / atmospheric,driving,0.92927,1.80833,213838903,2.4598,,2.0098,2.5316,2.0522,,,,,2.2141
,,,,,,warm / hypnotic / minimal,warm,0.15729,0.88956,213675028,0.7423,1.0479,,,0.7204,0.9726,1.4095,1.2014,,
,,1.9037,,1.7885,1.3765,warm / euphoric / deep,warm,0.85193,1.63738,119865001,,,,,,1.8843,2.0758,1.8759,,
1.0969,1.0148,0.5926,,0.5134,,percussive / driving / raw,percussive,0.74729,0.24874,187094300,,,,1.051,,,0.6807,,,
,,,,,2.1687,deep / punchy / atmospheric,deep,1.28402,1.40524,176861277,,,,,1.9879,2.7163,,2.1121,2.4916,2.2837
,,,,,,hypnotic / minimal / punchy,hypnotic,-0.32473,-0.06811,80014730,0.1005,0.4398,0.2485,,,0.1293,,0.6085,0.4016,
1.4612,,0.4442,,0.2002,,percussive / punchy / euphoric,percussive,0.53933,-0.18741,25542376,,,,0.0389,,,-0.1603,,0.457,
,1.3242,1.151,2.0291,0.8488,,vocal / raw / instrumental,vocal,0.31238,0.57561,262405018,,,1.317,,,,,,,0.869
,1.6603,1.3495,2.1404,1.724,,vocal / intense / raw,vocal,1.05859,0.8863,1378304,,,,,1.2633,,,1.1336,,
0.8724,1.0755,,,,,raw / dreamy / percussive,raw,0.53434,0.50778,180084769,0.965,,,0.7875,,,,0.7991,,0.8472
,,,,1.4384,1.5042,warm / driving / punchy,warm,1.03497,1.39646,17168752,,1.4214,,1.7434,,,1.9471,,1.6361,
1.0353,0.9368,0.063,0.4229,,,percussive / raw / vocal,percussive,0.25161,-0.23366,45987030,,,0.0378,0.1071,,,,,,
0.4302,,0.2275,,0.567,,punchy / dark / intense,punchy,0.72446,-0.00315,257334179,,,,0.4487,0.6003,,,,1.4518,
0.4672,,,,,-0.3469,percussive / deep / atmospheric,percussive,-0.61025,-0.50291,179455437,-0.0138,,,,,0.3521,,-0.1754,,0.0138
2.0108,1.6487,1.5526,,0.9884,,percussive / raw / euphoric,percussive,1.09217,1.09191,76707318,,,,0.837,,,1.4728,,,
-0.1502,0.799,,0.6852,,,raw / vocal / instrumental,raw,-0.52983,-0.42797,41956795,-0.1133,-0.194,0.051,,,,,,,
-0.6266,-0.297,,-0.3851,,-0.8737,raw / vocal / punchy,raw,-1.07645,-1.55506,108779717,,,,,,-0.9936,,,-0.6073,
,1.567,,1.4626,1.3236,,raw / atmospheric / vocal,raw,0.85182,1.07548,87110150,1.4254,,,1.4537,,,,,,1.4632
,,,1.0103,,0.7966,minimal / dreamy / instrumental,minimal,-0.28141,0.23997,162012381,1.0975,1.1872,1.0254,,,,,0.379,,
-0.313,0.9576,,0.8494,,,raw / vocal / minimal,raw,-0.90345,-0.58412,172390931,-0.0001,0.1692,-0.02,,,,,,,
,0.9318,,0.562,,,raw / instrumental / vocal,raw,-0.22585,0.06389,114480394,0.5305,,0.6492,0.2411,,0.4834,,,,
1.2975,1.8156,1.642,,,,deep / raw / euphoric,deep,0.37852,1.06104,265264720,,,1.4347,,,2.2306,,1.4425,,
1.794,-0.4858,-0.6233,,,,percussive / warm / raw,percussive,-0.85778,-0.34274,49613272,-0.7139,-0.9521,,,,,0.309,,,
-0.3611,,,,,-0.973,percussive / piano / dreamy,percussive,-1.9973,-1.76891,159547405,-1.056,-1.3717,-1.4569,,,,,-1.9198,,
,2.0459,0.6783,1.5259,0.5295,,raw / vocal / euphoric,raw,0.10751,0.13001,115516110,,,0.4149,,,0.2169,,,,
1.0864,0.0885,-0.5194,-0.1614,,-0.5052,percussive / raw / vocal,percussive,-0.83119,-1.111,260322714,,,-0.8581,,,,,,,
0.6334,1.3803,,,,0.5991,raw / instrumental / warm,raw,0.52233,0.34338,100412926,,,0.7638,0.6288,,,0.666,,,
0.928,0.0061,0.1285,-0.235,-0.0232,,percussive / euphoric / raw,percussive,-0.05787,-0.58692,51292113,,,,,,,,,-0.2878,
1.9169,,1.9511,1.3669,1.4051,,euphoric / percussive / intense,euphoric,1.19687,1.2372,15106579,,,,1.3052,,,1.1724,,,
0.8931,0.4729,,0.6992,,,percussive / vocal / raw,percussive,-0.37606,-0.60958,97766653,-0.3536,-0.1473,0.0081,,,,,,,
,1.0694,0.8339,0.747,0.7405,,driving / raw / warm,driving,0.74939,0.80425,201347939,,,,1.1272,,,1.0653,,,
0.5269,,,,,,punchy / warm / percussive,punchy,0.27582,0.18959,136110276,,0.0407,,,0.0799,,0.6262,,0.6733,0.1126
0.752,0.0849,,0.6464,,,percussive / vocal / minimal,percussive,0.18285,-0.16773,103969991,,0.2281,0.1579,,,,,,0.0292,
1.0347,1.2922,1.0026,0.7938,,,raw / percussive / euphoric,raw,0.46286,0.59562,75960767,,,,0.4839,,,0.6166,,,
,0.3499,,1.2941,,,vocal / instrumental / minimal,vocal,-0.08213,-0.15241,20779122,0.7444,1.0826,1.1143,0.5674,,,,,,
,,-0.8565,,,,punchy / deep / dark,punchy,-0.85267,-1.18262,169470696,,,,,-0.6936,-0.6039,-0.9861,-1.0582,0.3189,
1.4356,1.9666,1.6393,1.6137,1.4812,,raw / euphoric / vocal,raw,0.93536,1.18235,267977586,,,,1.3025,,,,,,
1.4356,1.9666,1.6393,1.6137,1.4812,,raw / euphoric / vocal,raw,0.93536,1.18235,99291845,,,,1.3025,,,,,,
1.037,-0.2689,-0.6482,,-0.7484,-0.7315,percussive / raw / driving,percussive,-0.32046,-0.84276,127352795,,,,-0.487,,,,,,
,0.7033,,1.1808,,1.2437,piano / vocal / dark,piano,0.18309,0.58163,223823441,,,,,0.9848,0.7247,,0.7051,,
1.5543,1.2227,1.2092,0.6825,1.5434,,percussive / intense / raw,percussive,1.11427,0.38915,197766831,,,,,,,,,0.8215,
1.699,1.4982,,0.7515,,,percussive / raw / instrumental,percussive,0.47874,0.46866,157297907,,0.5874,0.9569,,,,0.6369,,,
0.6719,,0.7321,,,,punchy / minimal / instrumental,punchy,0.66739,0.56431,110916327,,1.0257,0.8461,,,,0.6591,,1.05,
,1.2505,,1.0239,,,deep / raw / vocal,deep,0.1094,0.55298,202567146,,,0.9242,,0.8703,1.2708,,,0.9091,
,,,,,0.5313,punchy / warm / piano,punchy,-0.15443,-0.17793,14706253,,0.5054,0.1654,,0.1659,,0.5406,,0.7691,
,1.0348,,1.8231,,0.7663,vocal / instrumental / minimal,vocal,-0.41844,0.26927,46282588,1.0793,1.4838,1.8097,,,,,,,
,0.4028,,0.611,,,instrumental / minimal / vocal,instrumental,-0.11386,-0.05314,10695938,0.5652,0.9756,1.0417,0.3779,,,,,,
,,,0.8214,,,instrumental / minimal / vocal,instrumental,0.13996,0.13844,40911333,0.7501,1.2762,1.2931,0.5099,,0.4489,,,,
0.0307,-0.0633,,0.8529,,,vocal / minimal / instrumental,vocal,-0.57911,-0.65358,241431088,-0.0575,0.354,0.2256,,,,,,,
,1.3327,,1.5234,,0.3339,vocal / raw / instrumental,vocal,-0.1471,0.05421,95241601,0.5887,0.5353,0.913,,,,,,,
,0.0575,0.0174,,0.2164,,punchy / intense / driving,punchy,-0.00345,-0.3742,115222207,,,,0.1708,0.1405,,,,0.2248,
,,,,,2.2303,instrumental / piano / driving,instrumental,1.22576,1.16325,138677959,1.8315,2.143,2.5986,2.2225,,,,,1.7977,
1.8605,,1.3896,1.0679,1.1647,1.1037,percussive / euphoric / intense,percussive,1.09322,0.90954,196126687,,,,,,,1.0505,,,
0.3601,-0.0068,0.1311,1.239,-0.6571,-0.6468,vocal / percussive / euphoric,vocal,-0.88305,-0.82154,115864083,,,,,,,,,,
1.0718,-1.188,-1.1419,-0.6119,-1.3488,,percussive / vocal / euphoric,percussive,-0.93525,-1.60255,132218092,,,,,,,,,,-1.4739
,1.1138,1.2507,,,,warm / euphoric / driving,warm,0.4719,1.60131,114140478,0.7984,,,1.1151,0.9143,,2.7549,,,
,0.4392,,,,,dreamy / hypnotic / raw,dreamy,-0.07403,0.21287,142632244,0.6171,0.3677,0.2564,,,,,0.4983,,0.2909
-0.4028,-1.8971,-1.8359,,,-1.2924,percussive / piano / punchy,percussive,-1.61293,-1.94182,181072608,,,,,,,-1.9352,,-1.6655,
-0.9483,,,-0.7381,,,vocal / percussive / dreamy,vocal,-1.61931,-1.5598,176817898,-1.1184,,-1.3033,,-1.2787,,,,,-1.2719
-0.0716,,,,,-1.0754,percussive / punchy / dreamy,percussive,-0.81732,-1.11575,167623400,-0.898,,-0.9493,,,-1.0443,,,-0.803,
0.9972,,-1.5041,,-2.178,,percussive / euphoric / intense,percussive,-1.67031,-2.20338,144723408,,,,,-2.3391,-2.1879,,,,-2.346
,,,-0.4511,,,minimal / dark / dreamy,minimal,-0.74545,-0.80405,264403739,-0.4495,-0.3618,,,-0.4446,-0.4837,,-0.4724,,
,,,,,,driving / deep / atmospheric,driving,-0.14178,-0.48461,249222784,0.0305,,,0.2404,0.0973,0.2094,,,0.016,0.1118
0.1546,,,,,-0.2765,percussive / driving / minimal,percussive,-0.45271,-1.16298,68915673,,-0.2414,-0.331,-0.182,-0.265,,,,,
,,,,,-0.6278,minimal / deep / piano,minimal,-1.44223,-1.52883,93757076,-0.7869,-0.317,-0.6572,,,-0.4537,,,-0.7318,
,0.5873,0.2934,0.9069,0.3637,,vocal / raw / atmospheric,vocal,0.06274,-0.22961,91336596,,,,,0.3267,,,,,0.3925
,1.1807,,1.3349,,,vocal / raw / driving,vocal,0.12466,0.22807,233250463,0.3518,,0.4835,0.7299,0.5309,,,,,
,,,,,-0.2618,instrumental / minimal / dreamy,instrumental,-0.91809,-0.41095,52986228,-0.1587,-0.0743,0.1961,,,-0.4844,,-0.3117,,
,,,,,-0.2659,minimal / warm / piano,minimal,-1.14567,-0.44425,182651859,-0.3234,-0.0136,-0.445,,,-0.5494,-0.1708,,,
,0.6563,0.8236,2.1191,,-0.1753,vocal / euphoric / raw,vocal,-1.58167,0.48536,225546369,0.5162,,,,,,0.1162,,,
0.9085,1.1533,-0.0958,0.8332,,-0.3472,raw / percussive / vocal,raw,-0.29429,-0.21748,2618885,,,,,,,-0.1794,,,
,0.7451,,1.2026,,,vocal / instrumental / atmospheric,vocal,0.21416,0.2248,61147635,0.6848,,1.1367,,,0.6511,,,,0.8063
,1.3894,,1.802,,0.8009,vocal / raw / instrumental,vocal,0.22846,0.35351,92219628,,,1.1897,1.1046,0.8262,,,,,
,,2.3232,,2.5934,,intense / dark / euphoric,intense,1.71126,1.86797,226855847,,,,2.1598,2.5379,,,2.265,,2.0721
,,,,1.9023,1.9205,instrumental / deep / driving,instrumental,1.25327,1.25152,149736979,1.9006,,2.404,1.9782,,2.1051,,,,
,0.5028,,,,,dreamy / warm / raw,dreamy,-0.06168,0.49854,252659632,0.7181,0.4359,0.4449,,,0.4812,0.705,,,
,,,,,0.8889,minimal / instrumental / piano,minimal,-0.56767,0.24903,27787539,0.4715,1.545,1.2793,,,0.838,,0.6244,,
,0.9648,,0.8944,,,raw / vocal / instrumental,raw,-0.43581,-0.01168,162881957,0.2063,,0.4451,0.3077,,0.2208,,,,
,,,,1.8248,1.7131,deep / dark / driving,deep,1.03874,1.3676,13445420,,,,1.9157,2.0554,2.085,,,,1.7155
,,,,,,minimal / deep / instrumental,minimal,0.93256,0.79681,115957213,1.258,1.8685,1.4209,1.3895,,1.7409,,,1.3665,
,,,,,1.3253,dreamy / instrumental / deep,dreamy,0.45724,1.06584,98075973,1.7396,1.4272,1.6149,,,1.4887,,,,1.2742
,,,0.9649,,,dreamy / vocal / atmospheric,dreamy,0.01009,0.60334,23468076,1.0748,0.7226,0.7643,,,,,0.6474,,0.8592
,,,,,,warm / minimal / dreamy,warm,0.5383,1.24186,93750674,1.6208,1.7159,,1.3385,,,1.8847,1.1283,,1.3353
1.4357,0.4837,0.9448,,0.7302,,percussive / euphoric / intense,percussive,0.76791,0.03063,264471674,,,,0.4308,,,,,0.4749,
-0.9697,-0.9704,,-1.0127,,,punchy / dark / minimal,punchy,-1.01834,-1.36271,267819799,,-0.7047,,,-0.673,,,,-0.6354,
,,,,,1.1322,warm / dreamy / driving,warm,0.51139,1.55305,266606317,1.9858,1.3853,,1.3924,,,2.2936,,,1.3164
0.3385,0.321,,0.4451,-0.0202,,vocal / percussive / raw,vocal,-0.10904,-0.13036,143061326,-0.0856,,,,,,-0.1316,,,
0.6265,0.7446,,1.3028,0.3296,,vocal / raw / percussive,vocal,0.25233,-0.15694,265729665,,,0.4138,0.4051,,,,,,
0.5506,-0.7696,-0.7739,0.406,-1.1466,,percussive / vocal / raw,percussive,-1.24043,-1.45816,267921116,,,-1.3382,,,,,,,
,,,,,0.9934,dreamy / piano / instrumental,dreamy,-0.36271,-0.29379,146180859,1.2498,0.7785,0.9104,,,0.895,,,,0.5367
,,,,,1.5858,dreamy / piano / atmospheric,dreamy,-0.11562,0.42848,165742214,1.9534,1.3412,1.3698,,,,,1.0486,,1.3918
1.5504,,0.2752,,-0.4268,-0.2129,percussive / euphoric / warm,percussive,0.09443,-0.37499,138398881,,,,,,,0.1255,,-0.2535,
,,0.9915,,0.8025,,dark / driving / punchy,dark,0.80255,0.73359,10061190,,,,1.2131,1.3485,,1.0035,,1.2003,
,,,,,1.9085,warm / minimal / dreamy,warm,0.44576,1.6795,94038448,1.9207,2.0182,,,,,2.3231,1.3606,,1.4131
,0.4039,,0.3984,,0.3232,minimal / instrumental / raw,minimal,-0.43955,-0.28648,111570597,0.1424,1.2457,0.6063,,,,,,,
,1.2454,,,0.9477,,driving / warm / raw,driving,0.63145,1.01765,91383377,,,1.1834,1.6014,1.0403,,1.4531,,,
0.8612,1.1013,,1.3528,0.97,,vocal / raw / intense,vocal,0.78529,0.35762,213555697,,,0.6798,0.778,,,,,,
2.3193,,0.8424,,0.2758,,percussive / euphoric / punchy,percussive,0.67901,-0.17955,142660571,,,,,0.1304,,0.1866,,0.4922,
,0.4053,0.9975,1.8715,0.7583,,vocal / euphoric / intense,vocal,-0.0743,0.31237,201666712,0.4278,,,,,,,,,0.6409
,2.1101,,2.1938,,1.0402,vocal / raw / dreamy,vocal,-0.17109,0.68702,193345767,1.3773,0.6797,0.9345,,,,,,,
,,,,,,dark / driving / atmospheric,dark,0.85755,1.1771,57733461,1.3717,,,1.4173,1.7986,1.3201,,1.3408,,1.3722
-0.5943,-0.2656,,0.7449,,,vocal / dreamy / raw,vocal,-0.97158,-0.98427,113310578,-0.1632,,-0.4553,,,,,,,-0.4068
,,1.6444,,0.9835,,euphoric / warm / hypnotic,euphoric,0.74645,1.14564,236067797,,,,,0.9365,,1.6061,1.3415,0.8331,
,1.5681,,,,1.2257,instrumental / raw / minimal,instrumental,0.46333,0.4708,180033515,,1.4809,1.5982,,,1.4203,,1.1306,,
,1.2559,,0.9976,1.01,,deep / dark / raw,deep,0.60818,0.41715,124283764,,,,,1.5887,1.6708,,,1.191,
,1.9171,,,2.1639,,driving / intense / dark,driving,1.6995,1.72532,197621759,,,,2.4726,2.1578,2.1293,,1.938,,
0.9258,,,,,-0.4617,percussive / dreamy / minimal,percussive,-0.48501,-0.74791,193946901,-0.3388,-0.3398,,,,-0.4886,,,,-0.5243
2.6922,,0.9329,,0.8558,1.4026,percussive / piano / euphoric,percussive,0.63482,0.36946,92580376,0.738,,,,,,,,,0.8484
0.4787,0.3788,0.5458,0.7503,0.4681,,vocal / warm / euphoric,vocal,0.20724,0.43827,40170864,,,,,,,0.5771,,,
1.4444,-0.1929,-0.2665,,,,percussive / raw / euphoric,percussive,0.02454,-0.47601,36401437,,,,-0.3173,,,-0.3623,,-0.4667,
,1.5288,,1.1327,,,driving / raw / instrumental,driving,0.82257,0.74916,261640498,,,1.4122,1.7443,1.187,,,,1.039,
2.0263,-1.1583,-0.2945,-1.1218,-1.0102,-0.7633,percussive / euphoric / piano,percussive,-0.6241,-1.26928,242630659,,,,,,,,,,
-0.6114,-0.7365,,-0.8649,,,warm / dreamy / minimal,warm,-1.06972,-0.63656,54933895,-0.5276,-0.5752,,,,,-0.2688,,,
,,,,,0.5108,minimal / punchy / dark,minimal,0.41791,0.20271,53783908,,0.7207,,0.5812,0.6423,,0.6152,,0.7006,
,,,,,1.8958,piano / instrumental / dreamy,piano,0.23791,1.01502,147884568,1.7757,1.614,1.8241,,,1.4202,,1.2604,,
,,,0.5601,,,dreamy / minimal / atmospheric,dreamy,-0.33868,0.12971,97398365,0.8705,0.7212,0.3471,0.4172,,,,,,0.561
,1.1199,,1.1282,,,vocal / raw / minimal,vocal,-0.10239,0.15679,94762842,0.9689,1.0726,1.0443,,,,,,,0.7195
,-0.0212,,0.6549,,,vocal / minimal / instrumental,vocal,-0.94823,-0.98293,225198762,-0.3268,0.271,0.1904,,,-0.0935,,,,
,-0.1587,,,,,warm / dark / punchy,warm,-0.31135,-0.47648,80860193,,-0.4588,,-0.1544,0.147,,0.2417,,0.088,
,1.2513,,0.8591,0.4816,,raw / vocal / driving,raw,0.30848,-0.081,1546865,,,0.7788,0.8247,0.3722,,,,,
,1.4199,,,,,raw / driving / instrumental,raw,0.56575,0.77097,254806988,0.8078,0.8549,1.1168,1.3368,,,0.9748,,,
,1.1188,,0.9242,,,raw / driving / vocal,raw,0.38202,0.5172,33447348,,,0.6334,1.0781,0.8763,,,,,0.5514
,0.5035,,0.5179,,,minimal / instrumental / hypnotic,minimal,-0.00206,0.20174,43568232,0.5197,1.0224,0.9035,,,,,0.6334,,
1.6935,,0.9932,,0.5571,,punchy / percussive / euphoric,punchy,0.90104,-0.50855,220191402,,,,,0.1844,,,-0.1273,1.9219,
1.3889,0.9122,0.4322,,,,percussive / raw / warm,percussive,0.39682,0.39607,85122553,,0.4559,,,,,0.772,0.3632,,
2.7913,-0.1773,1.6621,,0.9976,,percussive / euphoric / intense,percussive,0.87015,0.22469,132246524,,,,0.0889,,,-0.0343,,,
,,,0.8516,0.8339,,atmospheric / dreamy / hypnotic,atmospheric,0.68434,0.84159,77787618,1.0143,0.8535,,,,,,0.8612,,1.2578
1.303,,,1.5381,,1.5235,dreamy / vocal / piano,dreamy,0.66128,1.05669,223800629,1.5986,1.4988,,,,,,,,1.3375
1.8798,1.0782,1.7383,1.5334,1.0796,,percussive / euphoric / vocal,percussive,0.84211,0.87513,112772194,,,,,,,,,,0.9271
,1.8457,,1.8296,,0.3379,raw / vocal / dreamy,raw,-0.42285,0.42415,26289551,1.1778,0.5599,0.9554,,,,,,,
1.4468,1.0078,0.5331,,,,percussive / driving / warm,percussive,0.74324,0.68653,37322132,,,0.6279,1.293,,,1.1978,,,
,0.8841,,0.9015,,,vocal / raw / driving,vocal,-0.34531,0.21657,68684684,0.4821,0.5044,0.512,0.6524,,,,,,
,1.09,,2.2015,,,vocal / dreamy / instrumental,vocal,0.21504,1.07322,179865241,1.8297,1.2404,1.4718,1.3309,,,,,,
,1.0238,,1.3963,,,vocal / raw / dreamy,vocal,-0.65276,0.08724,123133076,0.7513,0.1759,0.5923,0.2695,,,,,,
,,,1.551,,1.2563,vocal / piano / hypnotic,vocal,0.17168,0.44652,181277037,1.0623,,1.1698,,,,,1.1821,,0.9937
,0.6761,0.759,,1.1248,,dark / driving / intense,dark,0.74501,0.20134,157296062,,,,1.3364,1.6506,,,,0.8712,
,,2.0588,,2.5947,,intense / dark / euphoric,intense,1.70869,1.19432,55650187,,,,,2.0654,1.5677,,,1.5377,1.7899
0.6095,-0.4942,-0.3549,0.2811,-0.4283,,percussive / vocal / dreamy,percussive,-0.4649,-0.67521,161258152,-0.2975,,,,,,,,,
,0.8434,,0.9868,0.4857,,vocal / raw / dark,vocal,0.22128,-0.12951,49758734,,,0.5743,,0.734,0.5156,,,,
1.2894,,0.0728,,-0.5347,,percussive / euphoric / punchy,percussive,-0.22662,-0.63285,93868047,,,,,,,-0.7107,-0.7345,-0.3969,
1.5316,0.6064,1.2705,1.2103,0.8461,,percussive / euphoric / vocal,percussive,0.49033,0.12651,71761505,,,,,,,,,,0.135
0.5358,0.5971,0.1764,0.0632,-0.3537,,raw / percussive / warm,raw,-0.3499,-0.01151,107309525,,,,,,,0.2165,,,
1.2688,0.0323,,,0.1414,,percussive / dreamy / intense,percussive,0.10142,0.03173,73995056,0.1451,,-0.1257,,,,0.1368,,,
0.9543,,,0.6108,,,percussive / driving / warm,percussive,0.47079,0.47222,65582049,0.5604,,0.2546,0.8241,,,0.6325,,,
1.8741,,1.3267,,,,percussive / instrumental / minimal,percussive,1.21692,1.21026,95961220,,1.7306,1.8383,,,1.6438,1.5497,,,
0.9215,,1.7896,,0.8229,1.5616,euphoric / warm / piano,euphoric,0.64636,1.16942,165524840,,,,,,,1.5669,1.505,,
,0.6641,,0.8583,,,minimal / vocal / raw,minimal,-0.11907,0.06848,167910487,0.5827,0.9722,0.5612,,,,0.1962,,,
,,,,,0.3157,minimal / punchy / warm,minimal,-0.43684,-0.1943,266814082,0.0804,0.8744,,,,,0.3701,0.0286,0.5091,
,,,,,1.1331,minimal / piano / dreamy,minimal,-0.49209,0.4042,171743137,1.036,1.3524,0.8146,,,0.9951,,1.0087,,
,,,,,0.9115,warm / driving / minimal,warm,0.49746,1.03677,248377847,0.9483,1.1911,0.961,1.2432,,,1.754,,,
,,,1.1528,,,vocal / atmospheric / dark,vocal,-0.0063,0.29729,156215897,,0.5232,0.5099,,0.7268,,,0.6282,,0.7613
,,,,,0.5337,minimal / warm / instrumental,minimal,0.03776,0.25585,39877509,0.5005,1.0947,0.545,,,,0.5598,,0.4981,
1.0121,-0.428,0.1005,,-0.3074,,percussive / euphoric / dark,percussive,-0.06636,-0.44587,42070006,,,,,-0.2306,,,,-0.3382,
,,1.8851,,1.519,1.5694,euphoric / warm / punchy,euphoric,0.97596,1.33287,190394793,,,,,,,1.8294,1.491,1.5947,
,2.0249,,1.8228,1.1094,,raw / vocal / driving,raw,0.97879,0.88916,36855175,,,,1.577,1.0065,,1.1597,,,
0.1466,0.7156,,0.2145,-0.2335,,raw / vocal / percussive,raw,-0.18452,-0.85404,184957598,,,-0.0457,-0.122,,,,,,
1.6704,,1.8353,1.1564,1.4977,,euphoric / percussive / intense,euphoric,0.88145,1.13309,234186244,,,,,,,1.0174,,,1.0795
,0.6367,1.036,0.33,0.7033,,punchy / euphoric / driving,punchy,0.67278,0.30757,142540598,,,,0.7434,,,,,1.3329,
,-0.0368,,,,,driving / dark / raw,driving,-0.31881,-0.69076,138649660,,-0.3979,,0.4774,0.3123,-0.1983,-0.2599,,,
,2.0699,2.1121,,1.9829,,dark / euphoric / raw,dark,1.25959,1.39685,202823662,,,,1.8929,2.4013,2.0578,,,,
,,1.5347,,,1.3331,punchy / warm / hypnotic,punchy,0.92486,1.27925,66577664,,,,,,1.2601,1.8287,1.6539,1.9572,
,0.4716,,0.5353,0.1377,0.306,vocal / raw / driving,vocal,-0.03271,-0.13736,60989519,,,,0.4553,,,,,,0.0753
,-0.008,-0.5565,0.2292,,,vocal / raw / instrumental,vocal,-1.23121,-0.72457,234857078,-0.5137,-0.8054,-0.3074,,,,,,,
,,,,,-0.0831,piano / atmospheric / dreamy,piano,-0.64758,-0.8145,95048447,-0.2743,,,,,-0.3873,,-0.3615,-0.3189,-0.1409
-0.4867,-0.3124,,0.5908,,0.2153,vocal / piano / raw,vocal,-0.77899,-0.61726,89688059,-0.415,,,,,,,,,-0.3124
0.3298,2.0232,,0.675,,,raw / vocal / dreamy,raw,-0.6031,-0.02043,1731822,0.3517,,0.3029,,,0.2884,,,,
0.4263,0.2449,,0.5889,-0.5114,,vocal / percussive / raw,vocal,-0.47471,-0.67995,105619212,-0.1971,,-0.5763,,,,,,,
,0.8171,,,,0.9059,deep / instrumental / dreamy,deep,-0.56216,0.24356,222606809,1.2036,,1.2197,,,1.4106,,,,0.6507
-0.1196,,,-0.123,,,percussive / vocal / minimal,percussive,-0.81145,-0.95807,185361497,-0.5346,-0.4619,-0.7778,,,,,,-0.7716,
,,,0.7688,,,dreamy / minimal / atmospheric,dreamy,-0.43367,0.28406,2034467,1.3056,0.94,0.6939,,,,,0.5776,,0.8047
0.7279,,,,,0.6709,minimal / dreamy / warm,minimal,0.49338,0.55922,195007580,1.0907,1.6462,,,,,0.9305,,0.5893,
0.1649,0.8792,0.1518,0.324,,,raw / vocal / instrumental,raw,0.02459,0.06123,250026593,,,0.2751,0.2372,,,,,,
1.6639,0.605,0.8651,0.6856,0.9123,,percussive / intense / driving,percussive,0.99395,0.47561,124801849,,,,0.8684,,,,,,
,,1.9507,,1.7162,,deep / euphoric / dark,deep,0.51582,1.3276,71138534,,,,,1.7649,1.9543,1.3698,1.6538,,
-0.0794,,,0.555,,,vocal / instrumental / minimal,vocal,-0.35263,-0.57175,69149239,-0.0562,-0.0174,0.1657,,,,,,-0.0937,
0.5134,0.1856,,-0.3925,,,percussive / raw / minimal,percussive,-0.60574,-0.99519,236739625,,-0.0354,-0.0702,-0.6848,,,,,,
-0.2952,-0.6877,,,,-0.0744,piano / minimal / percussive,piano,-0.81917,-1.46237,40410713,,-0.2916,,,-0.7541,,,,-0.5771,
0.6913,1.2113,,,,,raw / driving / warm,raw,0.68982,0.50158,137786811,,,,0.9421,0.5754,,0.8789,,0.7065,
-0.5506,,-0.2133,,,,punchy / euphoric / dark,punchy,-0.74166,-0.63562,49872996,,,,,-0.2291,,-0.701,-0.5106,-0.0412,
0.5032,-0.4402,,,,-1.4614,percussive / raw / warm,percussive,-1.28183,-1.5092,150493197,-1.487,,,-1.2143,,,-0.7811,,,
,,,0.172,,-0.0979,punchy / minimal / vocal,punchy,-0.49706,-0.6958,55180456,,0.2824,-0.1405,,0.016,,,,0.3992,
,,,,,2.0374,dark / deep / atmospheric,dark,1.11901,1.70736,33189004,,,,2.1139,2.3809,2.3461,,2.0002,,2.1609
0.069,,,,,-0.2277,hypnotic / punchy / minimal,hypnotic,-0.29464,-0.37914,250235618,,0.2671,,,,,0.0228,0.4151,0.3866,
0.2214,,,-0.1568,,,percussive / vocal / minimal,percussive,-0.69548,-1.21218,140507159,,-0.5403,-0.7502,-0.8566,,,,,-0.7084,
,0.8122,,2.0772,,,vocal / instrumental / dreamy,vocal,-0.06703,0.24756,189607607,1.2513,,1.268,0.7796,,,,,,0.4343
-0.5187,0.4131,,0.0402,,,raw / vocal / instrumental,raw,-0.83152,-0.81265,49418341,-0.5787,,-0.1808,-0.387,,,,,,
1.0864,0.285,,0.0663,,,percussive / raw / vocal,percussive,-0.37988,-0.42396,214769220,,-0.37,,-0.4252,,,-0.0269,,,
,,,1.9765,,,warm / driving / dark,warm,1.23454,2.01497,228284650,1.8823,,,2.3008,2.0726,,2.329,,,1.9685
,,1.8151,,1.6805,,euphoric / punchy / intense,euphoric,1.30932,1.27866,232265181,,,,1.4921,1.6107,,1.6632,,1.7128,
,-1.4449,-0.1254,1.0428,,-0.9457,vocal / euphoric / piano,vocal,-3.62246,-1.25641,247494727,-1.3358,,,,,,,-1.3835,,
,0.9047,,,,0.9795,hypnotic / dreamy / warm,hypnotic,0.44935,0.90691,234287874,1.1402,,,,,,1.012,1.1431,,0.9857
0.1007,0.4459,,0.0734,,,raw / percussive / vocal,raw,-0.51467,-0.6141,30172212,,-0.0898,,-0.1616,,,-0.248,,,
1.8144,0.2588,0.5363,,-0.1478,0.1377,percussive / euphoric / raw,percussive,0.25318,-0.36363,114401179,,,,,,,,,-0.0169,
0.3719,0.6751,,0.6884,,0.3494,vocal / raw / percussive,vocal,0.10484,0.22096,131376727,,0.3016,,,,,0.347,,,
,1.7244,,1.562,,,raw / vocal / minimal,raw,0.19814,0.77132,175453858,1.0859,1.369,1.1677,0.9691,,,,,,
,1.5475,0.7358,1.1043,,,raw / driving / vocal,raw,0.05629,0.61914,3465079,,,,1.1439,0.6273,,0.8847,,,
0.1818,0.2047,,0.2441,,,vocal / raw / percussive,vocal,-0.49045,-0.67814,61455450,-0.3921,,-0.5562,-0.5606,,,,,,
0.9008,0.1442,-0.0948,0.0216,0.0471,,percussive / raw / intense,percussive,0.01115,-0.62884,67373601,,,,,,,,,-0.3825,
,0.697,,,,0.8062,minimal / piano / raw,minimal,-0.19908,-0.22704,238401432,,1.0579,0.668,,,0.5952,,,0.5466,
,,-0.5483,,,-0.3908,punchy / piano / warm,punchy,-0.78767,-0.66845,215303743,,,-0.7633,-0.822,,,-0.5301,,-0.1599,
,0.6232,,1.9133,-0.0973,-0.139,vocal / raw / instrumental,vocal,-0.71945,-0.55586,13725939,-0.1074,,-0.0345,,,,,,,
0.1311,,-0.0209,,,0.0593,punchy / driving / instrumental,punchy,0.17071,-0.3223,13243339,,,0.1736,0.1999,,,,,0.4653,
,1.219,,,1.2525,,dark / driving / warm,dark,0.94252,0.90007,18220199,,,,1.547,1.5738,,1.4618,,1.3992,
,,,,,,punchy / dark / deep,punchy,1.05245,0.78312,71658029,,1.4127,,1.3814,1.8273,1.4585,,1.3983,1.9341,
,0.2463,,0.341,,,vocal / raw / minimal,vocal,-0.65061,-0.3116,228512498,-0.0577,0.1178,-0.1599,,,,-0.0836,,,
,0.9222,,,,,raw / dark / minimal,raw,0.49408,0.12,95210060,,0.8907,0.7485,0.8474,0.9094,,,,0.8127,
,,,0.7202,,1.8434,piano / minimal / instrumental,piano,-0.08727,0.23499,78320939,0.8797,1.2525,0.9767,,,,,,0.5589,
-0.5138,,-1.0102,-0.5347,,,percussive / vocal / dreamy,percussive,-1.12413,-0.77153,254102380,-0.617,-1.0426,,,,,-0.6873,,,
,,,,,,deep / warm / dark,deep,0.77484,1.30146,20448789,1.3042,,,1.5107,1.708,1.9289,1.7475,,1.5041,
,1.9629,,1.6262,,,raw / deep / dreamy,raw,0.04992,0.87592,45315752,1.6441,,1.6223,,1.4063,1.6594,,,,
2.6536,,1.2545,,1.2435,,percussive / warm / euphoric,percussive,1.3392,1.01385,133713144,,,,,,,1.4948,1.0656,1.1408,
1.1204,,1.8182,-0.258,1.0477,0.3982,euphoric / percussive / intense,euphoric,0.25356,-0.02243,143279501,,,,,,,,,-0.1594,
,1.5666,,1.5973,,,minimal / instrumental / dreamy,minimal,0.54497,0.92312,129713651,1.6606,1.6757,1.6698,,,,,,,1.552
,,,,,2.141,dreamy / piano / atmospheric,dreamy,0.98296,1.86383,227877491,2.259,1.9946,,1.8138,,,1.8967,,,2.1075
,,,,1.8887,,deep / atmospheric / warm,deep,1.15527,1.80096,86802891,,,,,1.7882,2.1531,2.0001,1.9543,,2.0429
,,,,1.8833,,intense / deep / punchy,intense,1.16561,0.61547,57438430,,,,0.8967,1.1742,1.4609,,,1.4286,1.1238
,,,,,2.5506,hypnotic / piano / atmospheric,hypnotic,1.18735,1.69562,228026068,,1.8893,,,1.9064,2.0661,,2.6421,,2.4936
,1.1524,,1.3055,,,vocal / raw / dreamy,vocal,-0.40781,0.26739,39257969,1.0506,0.5558,0.9363,,,,,,,0.395
,,,,,0.9671,dreamy / piano / minimal,dreamy,-0.09111,0.49986,5614846,1.2547,0.8271,,,,,0.5798,0.6138,,0.553
,,2.1358,,,2.2948,hypnotic / warm / piano,hypnotic,0.93543,2.13362,61618185,1.7903,,,,,,2.4747,2.6329,,2.0354
,0.7752,,0.7481,,,raw / vocal / instrumental,raw,-0.51635,-0.25526,261396742,0.2972,0.3794,0.6782,0.3802,,,,,,
0.7119,,0.1508,,,,percussive / euphoric / warm,percussive,0.01948,-0.1052,133821608,,,-0.3134,0.0417,,,0.0826,,-0.2687,
2.069,0.447,0.5515,-0.2902,-0.6867,,percussive / euphoric / raw,percussive,-0.20752,-0.19704,262100380,,,,,,,-0.1017,,,
,-0.302,0.1223,2.4452,,-0.334,vocal / dreamy / euphoric,vocal,-2.04982,-0.42941,132288223,0.5549,,,,,,,,,-0.0225
,,,,,0.6927,instrumental / dreamy / deep,instrumental,-0.08388,-0.00926,82007290,0.9833,0.6207,1.4182,,,0.8556,,,,0.5841
1.0162,,,,0.6661,,warm / percussive / dreamy,warm,0.49443,0.8338,248717782,0.8023,,,0.5872,,,1.1152,,,0.6993
0.1649,0.2167,,0.8936,0.1247,,vocal / driving / dark,vocal,0.05233,-0.33206,193094566,,,,0.3421,0.219,,,,,
,1.2758,,0.9521,,0.8974,raw / instrumental / vocal,raw,-0.42103,0.1656,242169392,0.9277,0.8577,1.0066,,,,,,,
,,,,,0.2253,piano / punchy / deep,piano,-1.60111,-1.91359,96866503,,-0.9769,-1.1918,,-1.3782,-0.4839,,,-0.0246,
,,,,,1.9568,piano / dreamy / hypnotic,piano,-0.38536,0.68884,183835391,1.7724,1.5723,1.2939,,,,,1.6336,,1.2688
,1.0699,,0.7485,,,raw / minimal / instrumental,raw,-0.15604,0.00184,238419492,,1.0617,0.9404,,,0.7998,,,,0.7445
1.2313,0.2035,-0.1926,-0.5572,-1.3333,,percussive / raw / euphoric,percussive,-1.17533,-1.01274,209790876,,,,,,,-1.1874,,,
,,0.9442,0.5553,0.5249,,hypnotic / euphoric / warm,hypnotic,0.02586,0.67007,74355957,,,,,,,0.7248,0.9634,,0.5372
,,,,,1.943,dreamy / piano / atmospheric,dreamy,0.18058,1.60175,262726804,2.3901,1.6889,,,,,1.7821,1.7735,,1.9337
,,,,,0.0344,deep / instrumental / dark,deep,-0.4868,-0.58288,22636983,,,0.4239,,0.2859,1.0857,,,0.2622,0.0872
0.664,0.7414,,,,,minimal / raw / percussive,minimal,-0.46131,0.03759,58368942,0.2128,1.1405,0.5235,,,,,0.2518,,
,0.8737,,,,,minimal / instrumental / driving,minimal,0.46297,0.76209,123249684,0.9064,1.1024,0.9537,0.9092,,,,,,0.891
,1.5587,,,,,dreamy / instrumental / hypnotic,dreamy,0.53485,1.28317,155680241,1.8117,,1.6817,,,1.6194,,1.6207,,1.5786
,0.6954,,0.8564,,1.1046,piano / instrumental / vocal,piano,0.06473,0.27466,38082348,0.5847,0.6173,0.9239,,,,,,,
,1.2285,,0.9845,,,instrumental / minimal / raw,instrumental,0.13887,0.65723,181638710,,1.2779,1.4795,,,0.8164,0.7929,,,
,,,,,3.051,piano / instrumental / minimal,piano,1.33257,1.54334,18688777,1.9969,2.1953,2.3324,2.1781,,2.0547,,,,
0.5458,0.841,0.8919,1.2975,0.5149,,vocal / euphoric / raw,vocal,0.09651,0.35188,178066786,,,,0.1678,,,,,,
,0.7251,,0.6017,,,instrumental / minimal / raw,instrumental,0.08627,-0.00969,86802218,,0.7877,0.8896,0.5137,,0.5663,,,,
,1.2758,,0.9521,,0.8974,raw / instrumental / vocal,raw,-0.42103,0.1656,21103108,0.9277,0.8577,1.0066,,,,,,,
0.4975,0.2982,0.4494,1.7927,0.3659,,vocal / percussive / euphoric,vocal,-0.03822,-0.35341,162590116,,,0.127,,,,,,,
,0.7292,,,,,raw / dreamy / minimal,raw,-0.45585,0.05728,148839794,0.6616,0.511,0.3853,0.201,,,0.2154,,,
,-0.3049,,0.5296,,-0.1302,vocal / piano / minimal,vocal,-1.13244,-0.87994,40948116,-0.3434,-0.2782,-0.3104,,,,,,,
1.0642,,1.1262,,0.9912,,warm / euphoric / percussive,warm,0.82637,0.70546,17464117,,,,,0.7343,,1.3142,,0.9686,
0.8907,1.345,0.8279,1.0331,0.8067,,raw / vocal / percussive,raw,0.72227,0.11409,20330612,,,,0.7677,,,,,,
,,,,0.9492,,minimal / instrumental / deep,minimal,0.7711,0.81354,52528515,1.0587,1.3467,1.3233,,,1.2982,,,1.0151,
,,,,2.0387,1.9962,driving / minimal / intense,driving,1.57711,1.7856,240462196,,2.0639,,2.2543,,,2.0259,,,2.0125
,0.3141,,0.2257,,,raw / vocal / instrumental,raw,-0.45467,-0.82704,183789307,-0.2856,,-0.1851,-0.282,,,,,,-0.2822
2.4694,,1.9949,,1.953,,percussive / euphoric / intense,percussive,1.83901,0.84605,222697831,,,,1.5255,1.4992,,,,1.4081,
,0.8746,0.2573,,0.2902,,punchy / dark / raw,punchy,0.39797,-0.22103,209576427,,,,,1.044,0.5328,,,1.1791,
,,,,,,warm / dreamy / atmospheric,warm,-0.07753,1.15011,66338611,1.2992,0.7422,,,,0.8794,1.5186,0.7537,,1.1608
,1.0932,1.0692,,1.3089,,deep / dark / intense,deep,0.4733,0.7783,171469258,,,,,1.7298,1.8667,,1.176,,
0.9845,-0.3858,-0.3395,,-0.7917,,percussive / euphoric / raw,percussive,-0.29311,-0.92554,85688139,,,,,,,-0.6793,,-0.5394,
,,,0.9505,,,vocal / instrumental / dreamy,vocal,0.02564,0.23123,162026590,0.4997,,0.5405,0.4491,,0.4764,,,,0.4639
0.5214,,,-0.2816,-0.3044,-0.6919,percussive / punchy / vocal,percussive,-0.25688,-1.08984,195880651,,,,,,,,,-0.2798,-0.7023
,,,-0.1785,,,warm / minimal / dreamy,warm,-0.90396,-0.07384,197447241,0.0833,0.3483,,,,,0.4294,-0.1808,,-0.2857
,,,,,0.3457,minimal / piano / warm,minimal,-0.7156,-0.19123,149964348,-0.2669,0.6681,0.0282,,,,0.2391,,0.0446,
0.9079,0.406,,0.2692,0.5661,,percussive / intense / dark,percussive,0.44632,-0.25809,4047777,,,,0.4084,0.5387,,,,,
,,,0.7651,,0.7687,instrumental / minimal / piano,instrumental,-0.58898,-0.11659,240669925,0.507,0.7753,0.8524,,,0.0749,,,,
,1.0022,,1.3138,,1.1573,vocal / piano / raw,vocal,0.39027,0.27338,74380987,0.7539,,0.8731,,,,,,0.9297,
,,,,,0.8867,dreamy / minimal / piano,dreamy,0.1212,0.45921,60691516,1.193,1.1484,0.7837,,,,0.6035,0.589,,
0.9864,,0.0728,0.2278,-0.2809,,percussive / vocal / euphoric,percussive,-0.20023,-0.63621,178428309,,,,,,,,-0.7722,-0.555,
,1.6832,1.3363,2.1928,,1.797,vocal / dreamy / piano,vocal,-0.50139,1.51312,222472754,2.0844,,,,,,,,,1.6884
,,,,,0.4519,dreamy / hypnotic / warm,dreamy,0.22679,0.63165,6516300,0.98,0.7371,,,,,0.7619,0.9118,,0.6406
,1.9377,1.612,2.032,,1.7011,vocal / raw / driving,vocal,1.18301,1.55781,70644301,,,,1.8624,,,1.7674,,,
1.7411,,2.7889,,2.0746,1.5795,euphoric / intense / percussive,euphoric,1.29816,1.0578,27973912,,,,,,,,1.3726,,1.6478
,0.7726,,0.9029,,,instrumental / minimal / deep,instrumental,-0.30612,-0.56136,255834919,0.866,1.0967,1.5168,,,1.0901,,,,
,,,2.4541,,1.6159,vocal / dreamy / piano,vocal,0.71323,1.43343,88101130,1.8065,,1.6066,1.5482,,,,,,1.5805
-0.2023,1.0235,-0.1056,0.5372,-0.1242,,raw / vocal / euphoric,raw,-0.28626,-0.54158,199321398,,,,-0.3155,,,,,,
,0.6847,,1.4624,0.7422,,vocal / instrumental / dreamy,vocal,0.37191,0.12674,114675163,0.8748,,1.2052,,,,,,,0.692
,0.4451,,0.4507,,0.7018,instrumental / piano / minimal,instrumental,-1.11657,-0.73284,241184199,0.5721,0.6297,0.7496,,,,,,,
,2.0539,,,,2.6454,piano / dreamy / raw,piano,1.21551,1.35111,101723539,2.2047,,1.7379,1.8511,,,,,,1.7837
,0.7913,,,,0.7876,driving / instrumental / minimal,driving,0.40753,0.41675,12916837,0.5845,0.914,1.0784,1.1174,,,,,,
,,1.549,,0.3518,1.2299,euphoric / piano / hypnotic,euphoric,-0.4345,0.50109,62739347,,,0.2505,,,0.2403,,0.5003,,
,,3.3819,,2.938,2.9334,euphoric / atmospheric / dreamy,euphoric,1.51878,2.81759,185426388,3.0923,,,,,,,3.0015,,3.2233
1.4408,0.4206,0.7537,0.6197,0.2934,,percussive / euphoric / warm,percussive,0.1877,0.51647,261090404,,,,,,,0.7208,,,
,,,,,1.8005,hypnotic / minimal / piano,hypnotic,0.36054,1.37236,31464741,,1.9714,,,,1.5412,1.4796,2.2518,,1.6736
,1.0575,,,,,deep / dark / dreamy,deep,0.02442,0.15859,111367819,1.1183,0.9512,,1.0017,1.2273,1.7154,,,,
,,,,1.0661,,driving / warm / dark,driving,0.64966,1.1122,105408946,1.151,,,1.8509,1.1986,,1.5881,,,1.0183
,1.9187,,1.7437,,2.3902,piano / raw / hypnotic,piano,1.03437,1.41844,153470829,1.6438,,,,,,,1.7761,,1.5919
,,1.6885,,,,warm / dark / driving,warm,1.1582,1.60077,167292578,,,,1.7323,1.807,1.4604,2.1309,,,1.4787
,0.79,,,,1.3439,piano / deep / instrumental,piano,-1.10921,-0.26176,112912630,0.9217,0.8393,1.0813,,,1.2202,,,,
0.7428,0.4861,0.721,0.8654,0.8756,,intense / vocal / percussive,intense,0.68444,0.28606,120167130,,,,,,,,,0.6873,
-0.0598,-0.2099,,0.3733,,,vocal / percussive / minimal,vocal,-0.55377,-0.52708,215325599,-0.2159,-0.0963,-0.3645,,,,,,,
-0.1747,0.2203,,,,,minimal / raw / instrumental,minimal,-0.80766,-0.33631,248660266,,0.5404,0.1185,,,-0.0896,-0.2072,,,
1.5526,0.7797,,0.4787,,0.8573,percussive / piano / raw,percussive,0.03509,0.04289,66510959,,,,0.3059,,,0.6445,,,
-0.5934,-0.1873,,0.4498,,,vocal / raw / percussive,vocal,-1.37423,-1.30522,117920739,,,-0.6796,,,-0.8511,,,,-0.8847
0.1307,0.8413,-0.0225,1.5843,,,vocal / raw / instrumental,vocal,-0.56298,-0.34998,267812309,-0.05,,0.322,,,,,,,
,,,,2.4003,3.2147,instrumental / piano / intense,instrumental,1.58957,1.81723,27478423,,2.1834,3.26,2.2151,,,,,,2.1854
0.4995,,,,,,minimal / instrumental / warm,minimal,0.23188,0.30282,126075061,0.6041,1.3467,0.7617,0.6291,,,0.7115,,,
-0.3846,0.2897,-0.0605,1.0996,,,vocal / raw / euphoric,vocal,-1.29359,-0.79362,113930165,-0.5482,,-0.5916,,,,,,,
1.2823,1.3407,0.7225,,0.6091,,raw / percussive / deep,raw,0.60037,0.27198,214222390,,,,,0.5296,0.9153,,,,
,1.1098,,0.6735,,,raw / vocal / instrumental,raw,0.15512,0.36373,73401446,,0.5128,0.6472,0.5772,,,0.4448,,,
-0.0801,-0.1778,,0.2257,,-0.9497,vocal / percussive / raw,vocal,-0.94391,-1.01467,186242299,,,,-0.9461,,,-0.9844,,,
-0.1275,-0.8369,,-0.9879,,,percussive / punchy / raw,percussive,-0.76061,-1.40907,85175081,,,,-1.0206,-0.8547,,,,-0.464,
2.3684,2.0438,1.3457,0.5588,,,percussive / raw / euphoric,percussive,0.79479,0.48184,102138808,,,,,,,0.5534,0.5432,,
0.3934,0.2021,,,,,percussive / driving / raw,percussive,-0.13597,-0.49982,13077428,,-0.4159,,0.2442,-0.3947,,-0.1068,,,
0.7142,-0.2912,0.1629,,0.0998,-0.2787,percussive / euphoric / intense,percussive,-0.08549,-0.79418,7107296,,,,,-0.1804,,,,,
,0.1368,,0.0856,,,raw / vocal / minimal,raw,-1.04893,-1.18084,66540974,-0.319,0.0116,-0.1755,,,-0.4677,,,,
-0.0483,0.172,,1.067,,-0.0449,vocal / raw / instrumental,vocal,-0.66662,-0.53041,245682198,0.0894,,0.1312,,,,,,,
2.0756,1.1518,0.7628,,0.6262,,percussive / raw / euphoric,percussive,0.64291,-0.22612,253159763,,,,0.0298,0.1689,,,,,
,,1.5189,,1.4722,,warm / minimal / hypnotic,warm,0.90449,1.7125,191782966,,1.8813,,,,,2.2091,1.7673,,1.5148
0.2192,0.6109,,,,,raw / percussive / driving,raw,-0.38584,-0.46746,74319095,-0.4677,,-0.1809,-0.0468,,,-0.0556,,,
,,,,,,dreamy / deep / minimal,dreamy,-0.1546,0.86539,262429416,1.8269,1.3259,1.3153,1.1439,,1.6428,,,,1.3138
0.3875,0.9621,,0.5903,,,raw / warm / dreamy,raw,0.34819,0.60371,171389140,0.6414,,,0.5764,,,0.828,,,
0.5106,0.4852,-0.4674,,,-0.3407,percussive / raw / driving,percussive,-0.12304,-0.30677,56682265,,,,0.1773,,,0.177,,,
,,,,,2.0389,piano / dreamy / atmospheric,piano,0.77099,1.27149,184461067,2.0305,1.8554,1.6441,1.8212,,,,,,1.8575
,0.1256,,0.6129,,,minimal / vocal / instrumental,minimal,-0.80977,-0.26466,42406512,0.3491,0.6508,0.5097,,,,0.0506,,,
,,,,,1.0244,dreamy / deep / hypnotic,dreamy,-0.09903,0.90396,72255284,1.3269,,1.0192,,,1.307,,1.217,,1.0585
,1.584,,1.6067,,,vocal / raw / dark,vocal,0.72983,1.19214,12732858,1.4816,,,1.4057,1.4942,,,,,1.317
,,,,,0.1606,dreamy / minimal / piano,dreamy,-0.60607,-0.16034,9911299,0.9075,0.2998,,,,-0.2401,-0.0604,,,-0.1736
0.0965,0.1469,,0.372,,,vocal / instrumental / minimal,vocal,-0.30863,-0.34894,18628011,-0.1044,0.1494,0.257,,,,,,,
-0.5542,-0.7842,,-0.9023,,,punchy / percussive / dark,punchy,-0.62291,-1.27598,206218750,,,,-0.6443,-0.6216,,,,-0.2942,
2.1659,0.8258,1.8134,1.2488,,2.322,piano / percussive / euphoric,piano,0.42398,1.35598,239793084,,,,,,,1.5813,,,
,,,,,0.9411,minimal / dreamy / punchy,minimal,0.25674,0.61927,243441585,1.0996,1.3572,,,,,0.845,0.8984,1.046,
,1.7514,,2.0503,,,vocal / raw / instrumental,vocal,0.36158,0.53878,164445176,1.0862,,1.5973,1.1174,,,,,,1.2152
,,,,,3.0066,piano / deep / atmospheric,piano,0.99439,1.76044,83327200,2.5232,,2.3389,2.4371,,2.7048,,,,2.5327
,,,,,2.0649,driving / deep / dreamy,driving,0.84827,1.33516,116608578,2.0666,,1.8548,2.3189,,2.1047,,,,1.9969
,1.5155,,,,1.7435,deep / piano / raw,deep,-0.99924,-0.02127,90407562,0.8959,,1.1845,,,1.774,,,,0.8326
,0.2643,,0.3699,,,vocal / raw / punchy,vocal,-0.34165,-0.22622,254210722,,0.0461,,0.0206,0.028,,,,0.0746,
,0.9893,,,0.8546,,driving / raw / warm,driving,0.75832,0.59115,156902075,,0.9525,0.7905,1.0093,,,0.982,,,
,,,,,0.9813,dreamy / piano / minimal,dreamy,-0.82909,-0.16392,150482852,1.4923,0.8757,0.5331,,,0.5436,,,,0.4973
1.1187,-1.2477,-0.7843,-0.2978,-1.7749,-0.8281,percussive / vocal / euphoric,percussive,-1.71657,-1.83108,152040221,,,,,,,,,,
,,0.0969,1.1028,,,vocal / dreamy / driving,vocal,-0.24526,0.12444,204923691,0.2942,,0.1559,0.2042,0.2,,,,,
0.3597,0.2172,,0.3674,,,vocal / percussive / raw,vocal,-0.4935,-0.66054,240855031,-0.253,-0.119,0.0991,,,,,,,
0.2839,,,-0.1643,,-0.2855,percussive / minimal / vocal,percussive,-0.47788,-0.51126,49473629,,0.2435,-0.3293,,,,-0.1893,,,
,1.4582,,,,,raw / warm / dark,raw,0.46922,0.46224,25341904,,,,0.8238,1.0132,0.7968,1.0144,,0.625,
,,2.7618,2.344,2.4899,,euphoric / intense / driving,euphoric,1.61142,2.39015,239968025,,,,2.3886,,,2.3663,,,2.2447
-0.1965,0.2495,-0.4759,0.8068,,,vocal / raw / percussive,vocal,-0.86307,-0.56738,184240423,-0.4313,,-0.5018,,,,,,,
,,,,2.521,2.642,atmospheric / piano / warm,atmospheric,1.91226,2.31049,166371436,,,,2.5384,,,2.5629,2.4275,,2.8407
,,,,,2.5105,piano / minimal / dreamy,piano,0.73239,1.41797,244850395,2.2264,2.2405,,,,1.7928,,1.8172,,2.1635
,,,,,,dreamy / deep / hypnotic,dreamy,-0.38077,0.41417,213145650,1.0851,0.6214,0.5766,,,0.8759,,0.7126,,0.6136
,,2.643,,,,warm / euphoric / atmospheric,warm,0.93486,2.62114,132028070,,,,,2.2565,2.2354,3.3921,2.0835,,2.3869
,,,,,3.1753,piano / instrumental / dreamy,piano,-0.0009,1.0552,102869915,2.2137,2.0149,2.4542,,,1.7566,,,,1.8155
,,,,,1.4059,hypnotic / atmospheric / instrumental,hypnotic,0.43193,1.04832,154241842,1.4636,,1.4926,,,1.4677,,1.5746,,1.5586
,,,,,2.9871,piano / dreamy / atmospheric,piano,0.74851,2.09399,96031668,2.7486,2.0682,2.0924,,,,,2.3324,,2.58
,,,,,1.3466,dreamy / minimal / instrumental,dreamy,-0.10732,0.77159,98247072,2.1484,1.9541,1.8959,,,1.5154,,,,1.5979
1.1101,1.3567,0.9405,,0.9304,,raw / percussive / driving,raw,0.75493,0.75427,33129556,,,,0.9908,,,0.9211,,,
,,,,,,punchy / minimal / deep,punchy,0.78572,0.46057,180414774,,1.1851,,,0.8817,1.0956,,0.8353,1.7636,1.0891
0.9222,,-0.3442,,-0.5293,,percussive / punchy / euphoric,percussive,-0.12656,-1.15249,152954501,,,,,-0.8464,,-0.9464,,0.3183,
,,1.0166,,1.1561,,punchy / intense / euphoric,punchy,0.79708,0.5944,112604607,,,,0.7233,0.9873,,0.7131,,1.2754,
-0.2322,,-0.9893,-1.1808,,,punchy / percussive / dark,punchy,-0.60351,-1.17276,30541062,,,,,-0.7422,,-0.9108,,0.2975,
0.6022,0.4756,0.5353,0.512,0.4565,,punchy / percussive / euphoric,punchy,0.58257,0.14232,81745020,,,,,,,,,0.8819,
,0.5962,,1.0896,,,vocal / dreamy / instrumental,vocal,-0.46549,-0.12339,135983275,1.0659,0.6223,1.0468,,,0.5301,,,,
,-0.3305,0.2797,0.9406,,-0.7583,vocal / euphoric / raw,vocal,-1.69648,-0.51553,120472834,-0.8871,,-0.884,,,,,,,
0.9368,0.6017,,-0.0295,,,percussive / raw / vocal,percussive,-0.64554,-0.61307,81720849,-0.5071,-0.551,,,,-0.191,,,,
0.8065,0.911,0.2473,-0.2072,,-0.1102,raw / percussive / euphoric,raw,-0.40795,-0.21282,102652167,,,,,,,-0.2997,,,
0.9834,0.5444,0.4471,,,,percussive / punchy / raw,percussive,0.45887,-0.30797,14734245,,,,0.1016,0.1591,,,,0.7641,
0.7576,0.304,,0.4613,-0.3005,-0.327,percussive / vocal / raw,percussive,-0.30987,-0.42259,71914882,-0.376,,,,,,,,,
-0.1022,-0.0907,0.9475,,0.2762,,euphoric / intense / warm,euphoric,-0.19552,-0.0868,257156020,,,,-0.4746,,,0.0538,,,
-0.1243,0.2904,,1.0034,,,vocal / raw / instrumental,vocal,-0.69875,-0.4829,81101642,-0.0412,-0.014,0.0843,,,,,,,
,1.6899,,,,,punchy / instrumental / minimal,punchy,1.44329,0.9413,217355501,,1.9763,2.1314,1.7716,,1.5511,,,2.3235,
,0.6508,,,,1.397,dreamy / instrumental / piano,dreamy,-1.3598,0.09343,38985918,1.5229,1.1996,1.4346,,,1.1806,,,,
0.9312,-0.2352,,-0.1256,-0.4968,,percussive / vocal / raw,percussive,-0.21614,-1.07273,136886584,,,,-0.6562,,,,,-0.6428,
0.2132,,-0.0636,,-0.0809,,punchy / percussive / dark,punchy,0.15039,-0.21633,224027443,,,,,0.1553,,,-0.0431,0.5921,
,0.1553,,0.218,,-0.6724,vocal / raw / dreamy,vocal,-1.58043,-0.95144,38150899,0.0334,-0.7142,-0.2536,,,,,,,
,1.051,,1.1081,,,vocal / raw / instrumental,vocal,-0.04906,0.40394,77692325,0.9073,0.9372,0.9474,,,,0.8359,,,
,,,,,1.6617,piano / instrumental / driving,piano,0.66228,1.01342,100735954,1.2354,1.2005,1.568,1.2994,,,1.2674,,,
1.2808,0.5622,,0.7528,-0.1942,0.1029,percussive / vocal / raw,percussive,-0.20179,-0.5687,159815235,,,0.1791,,,,,,,
,1.2847,,0.2763,,0.5312,raw / warm / driving,raw,0.19226,0.55341,78204012,0.4336,,,1.0475,,,1.0648,,,
,-0.081,,0.6031,,,vocal / instrumental / dreamy,vocal,-0.73763,-0.6827,128458373,-0.0395,-0.1074,0.2095,,,,,,,-0.215
,1.3907,1.0365,0.9222,0.8403,,raw / driving / euphoric,raw,0.2182,0.60662,50356953,,,0.731,1.0602,,,,,,
,0.8957,1.1515,,0.7827,,euphoric / raw / driving,euphoric,0.38902,0.59215,179319473,,,0.6219,0.8786,,,0.542,,,
1.0944,0.6662,,0.7911,0.5412,,percussive / vocal / raw,percussive,0.26367,-0.19155,194088047,0.1959,,0.2973,,,,,,,
1.2256,0.5886,0.6886,0.8963,0.2411,,percussive / vocal / euphoric,percussive,0.06795,0.48141,229164520,,,,,,,0.6063,,,
0.6542,0.455,-0.6358,0.3494,-0.7301,,percussive / raw / vocal,percussive,-0.57425,-0.87466,33414587,,,,-0.4805,,,,,,
,1.8125,0.7526,1.7325,,,raw / vocal / euphoric,raw,0.02738,0.54745,118205004,,,,0.6523,0.5749,,0.6251,,,
1.0373,,0.732,0.5466,,,instrumental / percussive / minimal,instrumental,0.49979,0.52326,55298810,,0.85,1.1185,,,,,,,0.501
,,,,,,deep / dark / atmospheric,deep,0.58825,0.32681,199193425,,,0.993,0.9076,1.2063,1.3521,,,1.1111,1.1479
,-0.1543,0.2124,0.3632,-0.1119,,vocal / euphoric / atmospheric,vocal,-0.51278,-0.49119,28420848,,,,,-0.0358,,,,,0.0634
,,,,,0.4051,minimal / atmospheric / dreamy,minimal,-0.39527,-0.12141,252535863,0.6324,0.8596,,,,0.6287,,0.3722,,0.6549
0.5613,,0.242,,0.188,,punchy / percussive / euphoric,punchy,0.12686,-0.64118,81703914,,,,,0.1847,,,0.1786,0.9108,
,,,0.1813,,0.1706,dreamy / instrumental / minimal,dreamy,-0.5209,-0.04335,248912981,0.6252,0.4103,0.5392,,,,,0.1177,,
,,2.5105,,2.1506,,euphoric / punchy / intense,euphoric,1.67657,1.6079,230406395,,,,,1.9589,,1.862,1.7628,2.2932,
,,1.6889,,1.9605,,intense / dark / euphoric,intense,1.52261,1.12069,197250719,,,,1.6101,1.8355,1.4558,,,,1.5281
,,,,,,warm / driving / dark,warm,0.52838,0.89398,27035989,,0.7081,,1.163,1.0567,1.0486,1.4563,0.7295,,
,,,,,,dreamy / warm / hypnotic,dreamy,-0.14386,0.23167,177301555,0.5161,0.1371,,0.1578,,,0.4345,0.1772,,0.1735
,,,,,,minimal / deep / instrumental,minimal,-0.57548,-0.24215,212871249,0.603,1.2354,0.9571,,0.5221,1.173,,,,0.392
,,,,,0.338,minimal / punchy / deep,minimal,-0.27541,-0.15009,106650580,,0.8527,,,,0.6342,,0.3465,0.767,0.3243
,0.7296,,0.6968,0.3656,,raw / vocal / punchy,raw,0.31871,0.0652,248351326,,,,0.4538,,,0.3554,,0.4548,
,-0.5701,,,,,deep / punchy / dark,deep,-0.61916,-1.03736,23367581,-0.6197,,,-0.1805,-0.133,-0.0069,,,-0.0314,
,0.2425,,0.576,,,vocal / instrumental / minimal,vocal,-0.59148,-0.04936,18023415,0.4568,0.4849,0.5542,0.2368,,,,,,
2.4645,0.7776,1.3069,0.8245,1.2107,,percussive / euphoric / intense,percussive,1.21834,0.56155,56503094,,,,,,,,,,0.7113
,1.3968,,1.0294,,0.5061,raw / vocal / driving,raw,-0.14666,-0.0444,215778266,0.5936,,0.8034,0.8478,,,,,,
,,0.93,,,,euphoric / warm / hypnotic,euphoric,0.38051,0.74846,93188713,0.5577,,,,,,0.7577,0.6898,0.6034,0.476
,1.0605,,0.7497,,-0.0497,raw / vocal / driving,raw,-0.15891,-0.26095,35628993,,0.011,0.1285,0.3469,,,,,,
,,,,,0.6472,minimal / hypnotic / warm,minimal,0.16106,0.51941,42278171,0.4984,1.211,,,,,0.906,0.9472,0.6896,
0.8954,1.1307,0.7346,1.0052,,,raw / vocal / percussive,raw,0.22328,0.40853,12653221,,,,0.3609,,,0.6073,,,
,1.4944,1.3469,1.0878,1.0238,,raw / euphoric / vocal,raw,0.48355,0.70781,248602440,,,,0.5694,,,0.7487,,,
1.3666,,,0.7974,,0.66,minimal / percussive / dreamy,minimal,0.25466,0.28715,242349126,1.2209,1.3827,1.0391,,,,,,,
,1.0739,1.1564,1.1714,0.818,,vocal / euphoric / raw,vocal,0.47036,0.85986,107526084,,,,,,,0.8562,,,0.786
2.6491,-0.3925,-0.0254,,-0.8706,,percussive / warm / euphoric,percussive,-0.12879,0.05889,240475802,-0.426,,,,,,0.6281,,,
,0.9002,,1.272,0.318,,vocal / raw / driving,vocal,0.0521,0.09876,133224572,,,0.3571,0.6206,0.1893,,,,,
,1.969,,1.5372,,1.261,raw / instrumental / driving,raw,0.57701,0.83807,71613578,1.2388,,1.6786,1.6207,,,,,,
,0.3915,,,,0.1291,punchy / minimal / instrumental,punchy,0.05977,0.01792,73971001,,0.747,0.561,,,,0.3312,,1.1149,
2.2139,0.6214,1.0468,,0.3268,,percussive / warm / euphoric,percussive,0.75363,0.44004,57897244,,,,0.7483,,,1.159,,,
,,1.3915,1.5827,,,warm / hypnotic / vocal,warm,0.62881,1.36915,19355282,,,,,1.315,,1.6103,1.6042,,1.3943
,,,,,0.4144,minimal / instrumental / deep,minimal,-0.41711,-0.35097,463280,0.3727,0.6564,0.555,,,0.4733,,0.4141,,
,0.147,,0.8035,,,vocal / raw / dreamy,vocal,-0.62277,-0.40699,160576698,-0.0565,-0.2926,-0.0702,-0.3318,,,,,,
0.7884,,0.5414,0.8332,0.5867,,vocal / percussive / intense,vocal,0.33844,0.06179,209325185,,,,,,,,0.4788,0.3408,
,0.4334,,0.5017,,,dark / vocal / driving,dark,-0.27042,-0.19688,134776081,0.2279,,0.1481,0.4368,0.7282,,,,,
,,2.0832,,2.406,,intense / punchy / euphoric,intense,1.85505,1.3344,135097713,,,,1.8351,2.0524,,,1.7292,2.2921,
,,1.7531,,2.3234,,intense / dark / punchy,intense,1.25266,1.43489,233676546,,,,,2.2409,1.7409,1.8158,,2.0264,
,0.7898,0.4222,,0.1442,,warm / raw / dark,warm,-0.07535,0.44146,98699266,,,,,0.4428,0.3765,0.8265,,,
,,1.028,,1.1257,,dark / punchy / intense,dark,0.78127,0.77797,170874970,,,,1.0639,1.4894,,1.0169,,1.4545,
,,1.0574,,1.0009,,punchy / dark / euphoric,punchy,0.46471,0.39284,25429808,,,,,1.4149,1.0473,0.8186,,1.7315,
-0.3994,,,,,-0.6843,punchy / percussive / piano,punchy,-0.99323,-1.98388,171792051,,-1.1394,,,-1.0826,,,-0.9994,-0.2263,
,0.1144,0.2042,,,,warm / dark / driving,warm,0.07378,0.09289,188208358,,,,0.3234,0.5456,,0.634,,0.2124,
-2.3891,,-2.5526,-1.3911,,-2.1548,vocal / piano / percussive,vocal,-5.20623,-3.36774,111286918,-3.3505,,,,,-2.7754,,,,
,0.6637,,1.0147,0.4322,,vocal / punchy / instrumental,vocal,0.3396,0.00526,113214092,,0.724,0.7452,,,,,,0.9122,
,,1.1808,,1.0549,,punchy / euphoric / instrumental,punchy,0.78194,0.77364,131331405,,0.7758,1.0739,,,,0.8676,,1.4432,
0.6114,0.1867,0.2671,0.2651,,,percussive / euphoric / vocal,percussive,-0.00011,-0.07746,59113873,,,,,-0.0658,,-0.0088,,,
0.1259,-0.2804,,,,,punchy / percussive / raw,punchy,-0.18086,-0.98138,8874392,,-0.4596,,-0.436,,-0.5194,,,0.1642,
,0.3891,,0.2823,,,warm / raw / dark,warm,0.1315,0.03855,157691004,,,,0.213,0.2872,,0.3911,,0.1694,
,,1.0666,,1.1607,,dark / intense / warm,dark,0.77823,0.69709,38763726,,,,0.9923,1.3707,,1.1419,,0.9498,
0.3575,0.2689,,,,,percussive / raw / punchy,percussive,-0.25562,-0.99031,105369000,,,,-0.5174,,-0.5083,-0.4098,,0.2618,
,,1.0259,,,,hypnotic / deep / punchy,hypnotic,-0.0791,0.66365,109078082,,,,,1.0808,1.5527,,1.9291,1.1401,0.8203
0.5584,,0.3193,-0.0433,-0.1217,,percussive / euphoric / punchy,percussive,0.04707,-0.01768,108979548,,,,,,,-0.0477,,0.1625,
,0.4079,,1.152,-0.1403,,vocal / raw / dreamy,vocal,-0.40713,-0.31429,144285096,0.038,,-0.0618,,,,,,,-0.0571
1.7474,,1.4703,,,,percussive / warm / punchy,percussive,1.14626,0.69854,142849912,,,,,0.9932,,1.5801,0.8269,1.5787,
,,1.2205,,1.26,,punchy / dark / intense,punchy,1.14097,0.21525,61697933,,,,,1.6224,0.8027,,0.7196,2.7632,
,,,,,0.1838,punchy / dark / deep,punchy,0.03274,-0.46874,91178283,,0.0211,,,0.762,0.5424,0.165,,1.7871,
0.794,0.5361,,0.4522,0.4263,,percussive / raw / vocal,percussive,0.48958,0.14537,153146889,,,0.4178,0.4199,,,,,,
,2.3403,1.4089,1.6394,,,raw / warm / driving,raw,0.98584,1.40264,35503374,,,,1.7404,1.5183,,1.7963,,,
1.309,-0.3277,0.8047,0.1079,-0.0814,,percussive / euphoric / vocal,percussive,-0.19833,-0.46505,240407035,,,,,,,,,,-0.6043
,,0.9614,1.5011,1.2727,,vocal / intense / dark,vocal,0.74974,0.5261,99566874,,,,0.8328,0.9637,,,,,0.8023
0.5187,0.8803,0.2977,1.5539,0.6709,,vocal / raw / intense,vocal,0.2942,-0.04056,176332567,,,0.2878,,,,,,,
1.0502,-0.0174,0.9917,1.1739,0.7978,,vocal / percussive / euphoric,vocal,0.14851,0.12652,117217408,,,,,,,,,,-0.1013
1.2807,1.0667,,0.6245,,,percussive / raw / vocal,percussive,0.37948,-0.22771,209039596,,,0.1464,0.1527,,,,,0.1849,
,,1.5955,,1.3384,,euphoric / hypnotic / atmospheric,euphoric,1.04106,1.32207,239344454,,,,,1.3755,1.3259,,1.5487,,1.5142
1.2934,1.509,,1.5036,,,raw / vocal / percussive,raw,0.41209,0.9023,94306515,0.9634,,1.0621,,,,0.893,,,
0.7531,-0.543,-0.2177,-0.2009,-0.7277,-1.2656,percussive / vocal / euphoric,percussive,-1.02557,-1.12334,57379610,,,,,,,,,,
,1.6663,2.0011,1.627,1.8933,,euphoric / intense / warm,euphoric,1.19826,1.64431,236935355,,,,1.7586,,,1.8157,,,
1.5502,1.5988,0.9039,1.4278,0.4412,,raw / percussive / vocal,raw,0.31928,0.40015,52068627,,,,,,,0.3116,,,
1.6607,0.6116,0.7304,,-0.2311,,percussive / euphoric / warm,percussive,-0.08717,0.28867,50624962,,,,,,-0.4923,0.7021,,,
,,1.7266,,1.5118,,euphoric / warm / intense,euphoric,1.22284,1.09705,133631966,,,,1.2419,1.5063,,1.6548,,1.3915,
1.4497,1.6964,0.9858,0.6007,0.4624,,raw / percussive / euphoric,raw,0.3187,0.41963,44805669,,,,,,,0.6732,,,
2.843,1.4384,2.2669,,1.4849,,percussive / euphoric / warm,percussive,1.52512,1.66079,213804625,,,,,,,2.2489,1.5255,,
,1.7429,,1.9174,,,vocal / raw / driving,vocal,0.17556,1.13726,27540260,1.2877,,,1.6101,1.336,,1.3908,,,
0.2931,,0.4441,,,,deep / hypnotic / minimal,deep,-0.00798,-0.03561,243413737,,0.7562,,,,1.0713,,0.9535,0.7045,
0.1719,0.9916,,0.6031,,,raw / vocal / percussive,raw,-0.26303,-0.21962,114245014,,,-0.0445,0.0863,,,0.1072,,,
0.8211,1.6377,1.4758,1.0459,0.8729,,raw / euphoric / vocal,raw,0.2454,0.82658,31079750,,,,,,,0.691,,,
0.1769,,,-0.7833,,,percussive / dreamy / warm,percussive,-0.71665,-0.96567,249879332,-0.5566,-0.8346,,,,,-0.7357,,-0.8887,
2.9291,0.1105,1.2982,,0.7899,,percussive / euphoric / intense,percussive,0.77482,0.22505,202888423,,,,-0.2773,,,0.2469,,,
1.5123,0.4232,1.2275,0.4726,1.0278,,percussive / euphoric / intense,percussive,0.47629,0.15882,14725902,,,,,,,,,,0.3573
,,,1.6158,1.1815,,vocal / instrumental / minimal,vocal,0.92783,1.10223,47151936,1.2892,1.3255,1.4437,1.1788,,,,,,
0.9901,,-0.657,-0.9295,-0.9052,-0.8565,percussive / euphoric / punchy,percussive,-0.54496,-1.4219,225413496,,,,,,,,,-0.697,
1.1425,,-0.3828,,-0.4618,,percussive / punchy / dark,percussive,0.21344,-0.57229,81386821,,,,-0.3818,-0.2058,,,,0.5548,
0.6629,,0.3993,,-0.3857,-0.5968,percussive / euphoric / intense,percussive,-0.64026,-0.79641,76387635,,,,,,,-1.0523,,-0.5289,
1.2595,,-0.244,,-0.4816,,percussive / punchy / euphoric,percussive,0.02048,-0.76915,132889915,,,,,-0.4519,,-0.6076,,0.2775,
0.8771,0.6248,0.0316,1.2668,,0.2937,vocal / percussive / raw,vocal,-0.30358,-0.19551,197977134,-0.0198,,,,,,,,,
,1.3386,,,,,deep / driving / raw,deep,0.61317,0.79653,209106842,1.0483,,1.214,1.4321,1.2853,1.4824,,,,
1.518,1.6178,1.2308,0.905,0.7773,,raw / percussive / euphoric,raw,0.48703,0.44622,174883447,,,,,,,0.4009,,,
1.178,,0.6267,,0.7793,,percussive / warm / punchy,percussive,0.79333,0.58539,41493527,,,,,0.6899,,1.0102,,0.8057,
1.042,1.8551,1.6288,1.0519,,,raw / euphoric / vocal,raw,0.58738,1.10232,161893302,,,,,,,,1.0203,,0.9782
2.2716,1.9898,2.5584,2.1529,2.3066,,euphoric / intense / percussive,euphoric,1.69904,1.46439,143078066,,,,,,,,,,1.5525
1.0928,,1.0645,1.7085,0.972,0.5712,vocal / percussive / euphoric,vocal,0.5744,0.17449,238836646,,,,,,,,0.5818,,
-0.1002,0.0543,0.7618,-0.1384,,,euphoric / warm / raw,euphoric,-0.98186,0.1759,160362034,,,,-0.645,,,0.5527,,,
0.6007,0.4595,0.519,0.432,-0.3237,,percussive / euphoric / raw,percussive,-0.52061,-0.02855,91018305,,,,,,,-0.0103,,,
0.4893,0.0344,0.2181,,,,punchy / percussive / euphoric,punchy,0.15614,-0.29013,114793917,,,,,0.035,,0.1707,,0.6658,
,0.0455,,-0.2325,,,punchy / dark / raw,punchy,-0.30277,-0.4157,184464568,,,,-0.046,0.1344,,-0.2204,,0.367,
0.7842,,1.2422,0.8552,1.2566,,intense / euphoric / punchy,intense,0.85796,0.37472,71922239,,,,,0.6593,,,,1.077,
,,,-0.4406,,-0.4211,punchy / dark / warm,punchy,-0.44002,-0.71626,141839941,,,,-0.532,-0.022,,-0.3933,,0.5289,
,-0.016,,,,,punchy / dark / warm,punchy,0.1872,-0.52275,52977917,,,,0.0318,0.8168,-0.0704,0.0812,,1.5903,
,0.6135,,,,0.1731,punchy / driving / raw,punchy,0.3773,-0.14518,59497179,,,,0.6447,0.5243,,0.5286,,0.9579,
,,,,,,dark / driving / minimal,dark,0.73042,0.77435,68343641,,1.1915,,1.3002,1.4728,,1.1802,1.1414,1.1399,
,1.4295,,0.741,,0.9705,raw / piano / punchy,raw,0.39339,0.09158,123978819,,,,0.8146,0.7566,,,,0.8312,
-0.1037,0.3253,,0.5461,,,vocal / raw / dark,vocal,-0.21333,-0.63664,87931395,,,-0.1474,-0.0186,0.2674,,,,,
,,,,,,instrumental / atmospheric / hypnotic,instrumental,1.33675,1.23238,46214076,1.7995,1.8106,1.9694,,,,,1.8402,1.7104,1.9339
1.8824,0.7186,1.1486,,0.1236,,percussive / euphoric / raw,percussive,0.49004,0.37455,258478720,,,,,,,0.3562,0.1359,,
0.849,,0.602,,1.1831,,punchy / intense / dark,punchy,1.09134,0.33932,138490302,,,,0.9168,1.0988,,,,1.4166,
,,1.6485,1.3489,1.2063,,euphoric / hypnotic / vocal,euphoric,0.80529,1.2764,15607464,,,,,,,1.3454,1.6426,,1.2382
,,2.7895,,2.4715,,euphoric / warm / intense,euphoric,1.6102,2.09389,3794367,,,,2.1472,2.2327,,2.475,2.0988,,
,,1.7457,,1.5954,,dark / euphoric / warm,dark,1.09414,1.28494,154934684,,,,1.4154,1.7764,,1.6034,,1.5145,
,,,,,0.6249,atmospheric / dreamy / hypnotic,atmospheric,0.18245,0.66549,5765082,1.0473,,,0.6352,,,0.6642,0.8254,,1.0497
,,,,,1.6803,atmospheric / minimal / dreamy,atmospheric,0.89875,1.51506,224928810,2.0242,2.0947,,1.8749,,,,1.7852,,2.3431
1.7252,1.5213,1.0233,,1.1036,,percussive / raw / intense,percussive,0.98418,0.8051,171327685,,,,,,,0.7961,0.8797,,
,,,1.3284,,0.9682,dreamy / vocal / instrumental,dreamy,-0.51971,0.32058,202301441,1.5539,1.1913,1.2746,,,,,,,1.0231
,1.3935,,1.6208,,,dreamy / vocal / raw,dreamy,0.41292,1.20316,94297454,1.7648,1.3779,1.3762,,,,,1.2219,,
1.7956,0.9008,1.0661,1.7257,0.8254,,percussive / vocal / euphoric,percussive,0.53245,0.65666,134688480,,,0.5501,,,,,,,
1.3185,1.0408,1.076,1.2798,0.996,,percussive / vocal / euphoric,percussive,0.6861,0.72725,208479240,,,,,,,0.7482,,,
1.7102,,0.7806,1.0458,0.7508,0.4658,percussive / vocal / euphoric,percussive,0.32326,0.24999,101931247,0.4995,,,,,,,,,
,1.6372,1.5985,1.7085,1.6611,1.9837,piano / vocal / intense,piano,1.05579,1.35174,146572734,,,,1.5241,,,,,,
,,2.5751,,2.4727,,euphoric / intense / punchy,euphoric,1.88824,1.55402,85725657,,,,,1.9917,,1.9721,1.6892,2.3868,
,,,,,1.5748,punchy / hypnotic / piano,punchy,0.80545,0.74858,263475807,1.3134,,,,,1.2766,,1.6046,1.8671,1.2797
,,,,,1.9098,dreamy / warm / driving,dreamy,0.95828,1.85769,27037124,2.3821,2.1248,,2.225,,,2.3273,,,2.0861
,,2.0694,,2.1652,,punchy / dark / intense,punchy,1.90629,1.32967,152467591,,,,1.9382,2.1676,,2.1423,,2.3032,
,,0.9619,,1.0815,,dark / punchy / warm,dark,0.76981,0.72555,168281208,,,,,1.4709,,1.2564,0.9987,1.3473,
1.4968,,1.3384,,0.9591,,percussive / euphoric / intense,percussive,0.85076,0.52234,228398637,,,,0.4607,,,0.8898,,0.4865,
1.6048,2.5241,,2.0379,1.4267,,raw / vocal / percussive,raw,1.21392,0.73605,113118036,,,1.2304,1.4103,,,,,,
,,2.3748,,2.3531,,euphoric / intense / dark,euphoric,1.15506,0.75959,89686535,,,,0.9677,1.3572,0.5554,,,0.8399,
0.7866,-0.2433,-0.0309,,0.6442,,percussive / punchy / intense,percussive,0.36539,-0.74241,5843031,,,,,-0.0872,,,,0.6829,
2.0474,-0.0188,0.3637,-0.9022,-0.8042,-0.7914,percussive / euphoric / raw,percussive,-0.70469,-0.87872,46767441,,,,,,,,,,
,,,,,-0.0106,punchy / deep / dark,punchy,-0.14268,-0.36099,204347585,,,,0.1351,0.1729,0.1979,0.111,,0.8087,
0.9855,,-0.372,-0.1222,,,percussive / vocal / euphoric,percussive,-0.24652,-0.44796,182415102,-0.457,,,,,,-0.5149,,-0.5103,
0.3361,-0.2561,,,,-0.0498,punchy / percussive / driving,punchy,0.09843,-0.60053,177602965,,,,0.0411,-0.0573,,,,0.4486,
0.3105,0.0928,,0.3143,,,vocal / percussive / raw,vocal,-0.49791,-0.52742,19817364,,,-0.5332,-0.3166,,,-0.2962,,,
,-0.0484,,0.2896,,,deep / vocal / minimal,deep,-0.92332,-0.71544,118950843,,0.1326,0.0668,,0.04,0.4549,,,,
0.6637,0.4165,-0.2337,-0.1021,,,percussive / raw / driving,percussive,0.00882,-0.53013,110317642,,,,-0.0523,,,,,-0.1966,
,0.2506,,0.2777,,,punchy / dark / vocal,punchy,0.12863,-0.19088,125232718,,,,0.1886,0.3222,0.276,,,0.9357,
,2.0974,1.626,,1.4291,,raw / euphoric / dark,raw,1.28208,1.05609,3426302,,,,1.4053,1.5148,,1.4783,,,
1.0646,0.8103,,,,,punchy / warm / percussive,punchy,0.81836,0.21611,119898356,,,,0.7047,0.6948,,1.2692,,1.337,
-0.2077,0.3884,0.0322,0.0836,,,raw / warm / vocal,raw,-0.58595,-0.15127,255874068,,,-0.3685,,,,0.1308,,,
0.4536,,,0.6519,0.8654,,punchy / intense / dark,punchy,0.69605,0.08622,165515484,,,,0.5976,0.7303,,,,0.8675,
1.4067,1.1091,1.1851,0.756,0.6304,,percussive / euphoric / raw,percussive,0.33365,0.48481,99294778,,,,,,,0.3382,,,
1.185,-0.0193,-0.7077,-0.6507,,,percussive / raw / warm,percussive,-0.62514,-0.91409,209210270,,,,-1.1335,,,-0.5096,,,
0.5671,-0.499,-0.5318,,,,percussive / punchy / raw,percussive,-0.34994,-0.80506,13434458,,,,-0.7155,,,-0.5775,,-0.4754,
0.7197,,,0.7898,,0.2887,vocal / percussive / punchy,vocal,0.49161,0.05849,253001568,,,,0.4314,,,0.3365,,0.6823,
,,,1.2412,,0.3032,vocal / instrumental / minimal,vocal,-0.28094,-0.31281,53761201,0.3676,0.3729,0.5258,,,,,,0.2471,
,0.5663,,0.7563,,,vocal / raw / dark,vocal,-0.61341,-0.69977,43724815,,,-0.1015,-0.0038,0.0619,,,,-0.2286,
,0.7095,,0.9,,,vocal / raw / deep,vocal,-0.56409,-0.19299,161598174,0.16,,0.1489,,0.0779,0.2497,,,,
0.7307,,-0.5823,-0.6854,-0.5915,,percussive / euphoric / intense,percussive,-0.4541,-0.98818,150359082,,,,,-0.6452,,,,,-0.7258
,,,,,0.7842,minimal / warm / piano,minimal,-0.24609,0.36589,89817099,0.6572,1.067,,,,,0.8369,0.7604,,0.3221
1.0824,,1.8455,,1.0936,,warm / euphoric / hypnotic,warm,0.94399,1.39362,150508670,,,,,1.169,,2.1164,1.5475,,
,,,,,1.5387,piano / hypnotic / atmospheric,piano,0.26993,0.65692,176381145,,1.0162,,,0.8823,,,1.3011,0.9597,1.0659
,,,,,2.0038,hypnotic / minimal / piano,hypnotic,0.78433,1.46097,25956458,,2.02,,,,,1.7968,2.2645,1.8314,1.794
,,,,1.68,,punchy / dark / intense,punchy,1.39801,0.68345,255574226,,,,1.2383,1.9901,1.2573,,1.1993,2.5797,
0.7877,,0.9149,,,,punchy / euphoric / warm,punchy,0.70824,0.29792,160804594,,,,,0.7712,0.3648,0.8161,,1.7155,
,0.8021,,0.7479,0.2212,,raw / vocal / deep,raw,-0.1097,-0.28794,147889591,,,0.5672,,0.2361,0.6878,,,,
1.3565,1.3109,0.7276,0.8443,0.7263,,percussive / raw / driving,percussive,0.71515,0.58017,261645178,,,,1.0841,,,,,,
,0.833,,0.6607,,-0.0083,raw / vocal / deep,raw,-0.77064,-0.76119,139153221,0.0787,,0.2902,,,0.3916,,,,
,0.7675,,1.6946,,0.1546,vocal / raw / instrumental,vocal,-1.0758,-0.91668,172232876,-0.1605,,0.2553,,,-0.2097,,,,
1.7613,1.9961,1.7894,2.1071,2.0893,,vocal / intense / raw,vocal,1.55542,1.15008,119485285,,,,1.6504,,,,,,
0.7746,0.4989,0.1895,0.3969,0.0387,,percussive / raw / vocal,percussive,0.07083,-0.03112,79960464,,,0.1461,,,,,,,
,1.641,,,1.5958,,raw / deep / intense,raw,1.19996,0.79029,187594812,,,1.504,1.3326,1.2952,1.6355,,,,
,,,,,1.6122,dreamy / deep / minimal,dreamy,0.14917,1.19268,254047653,1.8616,1.8337,1.4911,,,1.857,,1.7455,,
0.9444,-0.3503,,0.4433,-0.2647,-0.3384,percussive / vocal / intense,percussive,-0.12554,-0.66044,19610148,,-0.318,,,,,,,,
0.2904,0.3618,0.0412,0.0972,-0.4533,,raw / percussive / warm,raw,-0.40372,-0.16494,46116827,,,,,,,0.1652,,,
,0.9186,0.8491,1.4481,0.8886,,vocal / deep / dreamy,vocal,0.12414,0.5234,118196522,0.9303,,,,,1.0381,,,,
,,0.2984,,0.6506,,dark / intense / punchy,dark,0.17415,-0.12967,237346774,,,,,0.977,0.357,,0.5304,0.5911,
,,,,0.7543,,dark / punchy / deep,dark,0.73147,0.26543,252864332,,,,0.8373,1.285,1.1599,,0.5197,1.2065,
,,,,2.0342,2.6227,piano / atmospheric / dreamy,piano,1.21457,1.9161,88449160,2.3489,,,2.1079,,,,2.201,,2.4989
0.3429,,,,-0.1592,,punchy / percussive / warm,punchy,0.18978,-0.22769,160768501,,-0.2627,,-0.0414,,,0.0154,,0.6169,
,,,,,-0.0429,hypnotic / piano / dreamy,hypnotic,-1.13881,-0.93791,93957003,-0.3927,-0.4959,,,,,,0.1817,-0.7334,-0.7864
,,2.2419,1.2793,,1.3342,euphoric / hypnotic / piano,euphoric,-0.20805,1.44097,146854693,,,,,1.2592,1.2621,,1.6335,,
,,2.0381,,,2.0919,warm / hypnotic / deep,warm,1.07862,2.07189,195778073,,,,,,2.1812,2.6224,2.2998,1.9779,
0.3898,,,,,,dark / deep / percussive,dark,0.20705,-0.2147,62373734,,0.3002,,,0.565,0.5287,,,0.3094,0.3832
,0.7876,1.9742,2.2468,1.5441,,vocal / euphoric / intense,vocal,0.66734,0.9786,66522925,,,,,,,,0.9457,,1.0426
,,3.5755,,3.1566,3.0382,deep / dark / euphoric,deep,1.76427,2.83412,118430264,,,,,3.653,3.7957,,,,3.1629
,,0.1768,,,,hypnotic / punchy / warm,hypnotic,-0.04605,0.06205,268072473,,,,,0.2971,0.0618,0.5855,0.7005,0.6218,
,,,1.3555,,1.3104,dreamy / driving / vocal,dreamy,0.42788,0.85087,49901360,1.4256,,1.1886,1.4029,,,,,,1.1686
1.342,,-0.8227,,-1.4833,,percussive / euphoric / warm,percussive,-0.74665,-1.10721,140118340,,,,-1.5126,,,-0.8913,,-1.3327,
1.5712,,1.2341,0.1816,0.8373,0.1071,percussive / euphoric / intense,percussive,0.33035,-0.01706,159271315,,,,,,,,,,-0.1538
0.9081,-1.43,-1.5675,-1.2304,-2.029,-1.468,percussive / vocal / raw,percussive,-1.38789,-2.10874,15537941,,,,,,,,,,
1.8482,,,0.5623,,0.3788,percussive / minimal / vocal,percussive,0.27655,0.03529,86820374,0.1151,0.713,0.3101,,,,,,,
1.9497,-0.268,0.1076,,-0.453,,percussive / euphoric / raw,percussive,-0.1059,-0.60665,59572636,,,,,,,-0.3435,,-0.3795,
1.742,0.2497,-0.7029,-0.9589,,-0.4579,percussive / raw / piano,percussive,-0.91552,-0.93173,263438672,,,,,,,-1.0383,,,
0.9812,,-0.3658,,-0.1146,,percussive / punchy / driving,percussive,0.23317,-0.38638,77628112,,,,-0.0802,,,-0.3262,,0.1462,
,,,0.4616,,0.6872,instrumental / piano / minimal,instrumental,0.07579,0.12607,215783747,,0.5069,0.8496,,,0.4873,,,0.4696,
0.678,0.5281,,0.3368,,,percussive / raw / vocal,percussive,0.12024,-0.36873,119898597,,0.0825,0.1372,,0.1475,,,,,
0.4129,,,,,,percussive / dark / atmospheric,percussive,-0.05094,-0.28584,83511243,,,,-0.2028,-0.1212,,-0.2247,,-0.1798,-0.1673
1.5986,,0.0591,,-0.0646,0.0367,percussive / punchy / euphoric,percussive,0.51459,-0.58375,59508133,,,,-0.1233,,,,,0.6477,
1.4251,-0.7993,-0.7727,-0.5009,-0.6241,-0.7804,percussive / vocal / intense,percussive,-0.32204,-1.16773,146524674,,,,,,,,,,
,0.745,,0.3736,,,minimal / instrumental / raw,minimal,-0.08553,0.18474,242023954,0.7071,0.7618,0.7455,0.3385,,,,,,
1.8815,-1.0707,-0.1472,-1.4737,-1.1128,,percussive / euphoric / raw,percussive,-0.7781,-1.07365,185224156,,,,,,,-1.4556,,,
,,,,1.6353,1.5093,punchy / hypnotic / intense,punchy,1.24891,0.98269,89687874,,,,1.3497,1.6334,,,1.7049,2.2721,
0.466,-0.5745,-0.4631,0.0888,-0.3133,,percussive / vocal / punchy,percussive,-0.12898,-0.82157,157023290,,,,,,,,,-0.0282,
-0.2984,-0.3073,,-0.2776,,,vocal / percussive / raw,vocal,-1.23388,-1.37387,214705963,,-0.6265,-0.419,,,-0.8154,,,,
0.5253,-0.0764,,0.3427,0.3273,,percussive / vocal / intense,percussive,0.11643,-0.87211,223587183,,,,,,,,,0.1598,-0.2706
0.7956,-0.0436,0.0219,,-0.0864,,percussive / dark / punchy,percussive,0.2317,-0.73678,222156954,,,,,0.4612,,,,0.368,
0.9926,,-0.4818,,,-0.647,percussive / punchy / dark,percussive,-0.05949,-0.97451,129335396,,,,,-0.0225,,-0.4445,,0.6903,
1.3519,2.1026,,,,,raw / punchy / minimal,raw,1.49128,0.776,73952685,,1.6173,,1.3565,,,,1.5978,2.0773,
,,,1.08,1.1807,,atmospheric / hypnotic / intense,atmospheric,0.72249,0.91445,154156195,1.1513,,,,,1.1788,,1.2356,,1.2669
3.9943,-0.1598,0.706,,-0.0529,,percussive / euphoric / intense,percussive,0.63308,-0.24788,73753927,,,,,,,-0.15,,-0.1457,
,0.7817,,1.1041,0.7653,,vocal / driving / instrumental,vocal,0.55228,0.34865,243514476,,,0.796,1.0518,,,,,,0.7635
1.8056,-1.4757,-0.7365,-1.2521,-1.5676,-1.5881,percussive / euphoric / vocal,percussive,-1.06941,-1.66933,119199249,,,,,,,,,,
0.6967,,,,,,percussive / punchy / hypnotic,percussive,-0.77872,-0.9913,114523829,-0.8643,-0.8526,,,,,-0.8872,-0.8378,-0.8133,
0.8081,-0.209,0.1705,0.0204,0.2327,,percussive / intense / euphoric,percussive,0.04638,-0.43295,161178518,,,,,,,,,-0.0152,
,,1.6245,,1.3491,1.2774,hypnotic / warm / euphoric,hypnotic,0.69388,1.18152,166183156,,,,,0.8377,,1.6472,1.7086,,
0.5609,,,1.1489,,0.4195,vocal / dreamy / percussive,vocal,0.20847,0.41132,92148460,0.7979,,,,,,,0.3627,,0.403
,1.0729,0.8132,1.0501,0.7779,,raw / vocal / euphoric,raw,0.35604,0.34622,2280598,,,,,0.7614,0.7218,,,,
1.2011,,1.3296,,0.8796,,euphoric / warm / percussive,euphoric,0.73943,0.96044,216831915,,,,,0.771,,1.3197,0.9386,,
,0.9888,0.3741,1.3352,0.5391,,vocal / raw / driving,vocal,0.41077,0.23794,168069709,,,,0.6498,0.4375,,,,,
0.5524,,0.8945,,0.553,,euphoric / warm / intense,euphoric,0.49308,0.39552,156815106,,,,,0.5409,,0.5544,,0.4853,
,,,,,1.6592,minimal / instrumental / piano,minimal,0.56514,0.45369,204551954,,1.8635,1.7457,1.2576,,,,,1.1958,1.1993
0.7844,1.1426,,2.0595,0.46,,vocal / instrumental / raw,vocal,0.23088,0.20139,204519751,,0.5686,1.1858,,,,,,,
,,,0.5999,,,instrumental / minimal / dreamy,instrumental,-0.07456,0.29792,199861867,1.133,1.309,1.3382,,,1.0015,,0.6225,,
1.0935,0.3809,-0.1485,0.6555,0.3244,,percussive / vocal / raw,percussive,0.29555,-0.35835,112739257,,,,-0.0203,,,,,,
0.2153,,0.0041,,0.3778,,punchy / intense / percussive,punchy,0.23011,-0.84549,39012923,,,,,0.168,,,-0.1532,1.2363,
,-0.0364,,0.3227,,,vocal / raw / driving,vocal,-0.37448,-0.51179,84217697,,-0.1011,-0.0894,-0.0692,-0.1697,,,,,
0.9204,,0.646,,0.4045,,punchy / percussive / euphoric,punchy,0.57752,0.05319,143904983,,,,,,,0.3185,0.442,1.2275,
,,,,-0.3469,,dark / deep / punchy,dark,-0.39241,-0.66292,90795647,,,,,0.3571,0.2991,,-0.2595,0.1867,-0.2933
-0.1955,,-0.1439,,,,warm / punchy / euphoric,warm,-0.15336,-0.08077,41875096,,,,,-0.1778,,0.3519,-0.1936,0.3459,
,,,1.8625,,,minimal / vocal / dreamy,minimal,0.85897,1.47364,118095130,1.811,2.0245,,1.6395,,,1.652,,,1.7563
,0.7894,,,,,raw / deep / dreamy,raw,-0.45936,-0.14151,206569433,0.4283,0.2033,0.0987,,,0.4422,,,0.0744,
,0.3751,-0.0297,0.4641,,,vocal / raw / euphoric,vocal,-0.33041,-0.28111,71278956,,,-0.201,-0.1157,,,-0.21,,,
-0.0937,,,,,-0.0635,punchy / hypnotic / piano,punchy,-0.28933,-0.53421,178214778,-0.0907,,,,-0.1147,,,0.2226,0.3145,
0.2349,,-1.0288,,-0.9371,,percussive / hypnotic / intense,percussive,-0.81702,-1.17458,30086504,-0.9807,,,,,,,-0.8343,-0.9388,
1.089,,,,0.8372,,punchy / percussive / intense,punchy,0.88793,-0.00041,267007171,,0.2499,0.243,,0.2376,,,,1.4356,
2.0855,0.3453,0.5957,,0.2912,,percussive / euphoric / punchy,percussive,0.6355,-0.0601,4579764,,,,,,,0.0913,,0.4699,
,1.758,,1.8512,,1.4299,vocal / raw / piano,vocal,-0.05607,0.66132,128799295,1.2465,,1.2175,,,1.3028,,,,
,1.3561,,1.431,,,deep / vocal / raw,deep,-0.06463,0.24952,224182125,,1.0424,1.2318,,1.0084,1.5164,,,,
,1.8184,,2.3457,1.0031,,vocal / raw / intense,vocal,0.43554,0.19799,80180305,0.6548,,0.9315,0.7483,,,,,,
,,,,1.307,,dark / punchy / intense,dark,0.71167,0.63164,79916936,,,,,1.5747,0.9597,0.76,1.2273,1.4988,
1.4341,-0.0098,-0.2439,,,,percussive / warm / driving,percussive,0.31794,-0.41994,115576152,,,,0.0849,,,0.2965,,0.078,
0.6648,,,-0.112,,,percussive / driving / dreamy,percussive,0.04477,-0.31554,209728627,-0.0721,,-0.2369,0.142,,,-0.2152,,,
,2.2459,1.7777,2.319,,1.5774,vocal / raw / euphoric,vocal,0.38397,1.38963,151381592,,,1.6352,,,,,1.3411,,
0.962,1.2053,0.997,0.6973,0.6957,,raw / euphoric / warm,raw,0.28643,0.72334,77487892,,,,,,,0.9936,,,
0.0574,0.1958,,1.1392,,,vocal / raw / percussive,vocal,-0.63946,-0.59152,56781785,-0.0476,-0.1041,-0.0254,,,,,,,
0.0183,-0.0809,,-0.6314,,,percussive / raw / vocal,percussive,-0.84918,-1.29713,45423917,,,,-0.7904,-0.9847,,-1.1118,,,
,,0.9674,,,,warm / hypnotic / euphoric,warm,-0.04075,0.99691,242269709,,,,,0.6103,0.6529,1.5101,1.2853,0.6516,
1.4123,-0.2535,0.006,,,,percussive / warm / euphoric,percussive,-0.17894,-0.40295,36009553,,-0.4072,,,,,0.0828,,-0.6078,
1.2757,0.6777,0.7372,0.271,0.0616,,percussive / euphoric / raw,percussive,-0.22658,-0.72275,77334678,,,,,,,,,,-0.9757
,1.6829,0.7672,1.5958,0.9241,,raw / vocal / driving,raw,0.52895,0.67819,212069772,,,,1.0895,0.8116,,,,,
0.6649,,1.1609,,1.1225,,punchy / warm / euphoric,punchy,1.02003,0.65887,263031453,,,,,0.8261,,1.1868,,1.6545,
0.8273,,0.8266,0.5435,1.1565,,intense / percussive / euphoric,intense,0.87741,0.20197,165292919,,,,0.7313,,,,,0.7945,
1.4945,0.9649,0.3988,0.1169,0.1662,,percussive / raw / euphoric,percussive,0.2667,0.02282,196067845,,,,,,,0.0853,,,
,1.8313,1.6538,2.2081,2.0294,,vocal / intense / raw,vocal,1.41944,1.49326,123683969,,,,1.7585,,,,,,1.6944
1.3453,,-1.1416,,-1.0607,,percussive / punchy / intense,percussive,-0.56568,-1.21298,38743407,,,,,,-1.1353,,,-0.7773,-1.1244
,0.4394,,1.0189,,,vocal / raw / driving,vocal,-0.2933,-0.0276,183974978,,,0.3657,0.3945,0.1326,,0.1385,,,
,0.6698,,,1.1026,0.7576,driving / intense / punchy,driving,0.80312,0.49185,156472310,,,,1.1156,,,0.7225,,1.0018,
,,,,-0.3778,,deep / dark / punchy,deep,-0.52538,-1.03408,196939298,-0.3522,,-0.3177,,0.2235,0.3163,,,0.1801,
,,1.2083,,,2.0156,piano / hypnotic / warm,piano,-0.1253,1.13757,105059692,,1.278,,,,,1.365,1.4456,,0.8482
,,,,,1.6204,dreamy / piano / atmospheric,dreamy,0.44078,1.14334,36536833,1.634,1.4472,,,,,1.4103,1.4021,,1.4979
,1.485,,1.4421,1.2552,,raw / vocal / driving,raw,0.86918,0.94014,195153413,,,1.0552,1.2789,,,,,,1.1196
1.3414,0.9857,0.5923,0.7184,0.7654,,percussive / punchy / raw,percussive,0.8743,0.02888,71814433,,,,,,,,,0.9872,
0.6219,-0.1429,0.2344,,0.3639,,punchy / percussive / intense,punchy,0.38476,-0.41476,100563969,,,,-0.1759,,,,,0.7292,
0.5865,,0.358,,-0.1585,,punchy / percussive / euphoric,punchy,0.01768,-0.80983,178081926,,,,,-0.568,,,-0.2147,0.954,
,,,0.7649,0.3378,,vocal / instrumental / punchy,vocal,0.27262,-0.33463,95548982,,,0.6034,,,,,0.2413,0.5632,0.2086
2.1715,,0.4851,0.4642,0.6373,,percussive / intense / euphoric,percussive,0.62689,-0.08182,74854413,,,,,,,,,0.1274,0.0035
1.3705,1.2951,1.5034,0.9544,1.3354,,euphoric / percussive / intense,euphoric,1.02436,-0.06907,159043123,,,,,,,,,1.0507,
,1.0599,1.5628,,1.6885,,punchy / intense / euphoric,punchy,1.26543,0.80699,225188749,,,,1.0176,1.2482,,,,1.7739,
1.8294,1.1977,1.1298,0.88,1.2082,,percussive / intense / raw,percussive,0.94564,0.33098,88435599,,,,,0.5636,,,,,
1.6936,0.9227,0.8062,,,,percussive / warm / raw,percussive,0.29729,0.39607,208944691,,,,0.164,-0.1379,,1.1833,,,
0.9568,,0.5694,,0.9043,,punchy / percussive / intense,punchy,0.91408,0.04493,250304508,,,,,0.8179,,,0.4927,1.4206,
,0.3411,,2.1329,,,vocal / dreamy / instrumental,vocal,-0.95152,0.01335,191102203,0.5475,,0.4847,,,,,0.2291,,0.2981
1.2633,0.1243,-0.2034,,,,percussive / raw / punchy,percussive,0.15902,-0.42498,233089750,,,,-0.1134,,,0.0523,,0.1163,
0.0269,-0.4326,,-0.0377,,,percussive / vocal / driving,percussive,-0.63195,-0.91642,254602569,,,,-0.3917,-0.874,,-0.7505,,,
0.6779,-0.7668,-0.9132,,,-0.9012,percussive / punchy / dark,percussive,-0.46327,-1.25906,199697545,,,,,-0.669,,,,-0.5318,
0.4275,0.3515,,,-0.2392,,percussive / driving / dark,percussive,0.08239,-0.49027,102563966,,,,0.4041,0.3648,,-0.1915,,,
0.8978,,0.7831,0.3498,0.996,,intense / punchy / percussive,intense,0.7131,-0.50034,80274059,,,,,0.7036,,,,0.9182,
,,,,1.5929,2.12,piano / driving / intense,piano,0.99426,1.23483,2038215,1.4572,,1.5716,1.7308,,,,,,1.5302
,,1.0639,0.9662,0.8438,,euphoric / warm / minimal,euphoric,0.66241,0.8709,107076314,,0.9692,,,,,1.0141,0.931,,
0.3246,0.0477,,,,-0.2541,percussive / dark / raw,percussive,-0.13168,-0.90989,183475937,,,,-0.3115,0.0756,,,,-0.0067,
,,,,,-0.033,minimal / dreamy / punchy,minimal,-0.47766,-0.38064,253294846,0.0483,0.2984,-0.1288,,,,,,-0.0235,-0.1154
,,,,,0.5886,minimal / warm / hypnotic,minimal,0.18671,0.41397,240164736,,0.9394,,,0.5546,,0.7178,0.7169,,0.55
0.6492,,,,0.1027,,percussive / dark / punchy,percussive,0.36398,-0.17332,111810686,,,,0.2815,0.5345,,,,0.4225,0.1274
1.0631,0.8034,0.8064,0.8221,1.1043,,intense / driving / percussive,intense,0.93951,0.55529,169764009,,,,1.0727,,,,,,
,-0.1673,,0.3604,,,vocal / dreamy / minimal,vocal,-1.16456,-0.55272,235591775,0.2652,0.0305,-0.022,,,,,,,-0.4148
,,,0.7807,,,vocal / minimal / instrumental,vocal,0.26613,-0.32413,207969254,,0.65,0.6281,0.5212,0.2795,,,,0.2519,
,,,,,0.8253,minimal / atmospheric / dreamy,minimal,-0.05079,0.17624,119828817,1.035,1.3818,0.8002,,,,,0.7289,,1.1422
,,,1.2099,,,vocal / dreamy / dark,vocal,0.38848,0.62409,10281957,0.937,,0.8029,0.8138,0.8657,,0.8141,,,
,,0.8382,,1.0651,,warm / dark / intense,warm,0.68025,1.04148,249344173,,,,0.9148,1.1225,,1.6332,,,1.0189
-0.3735,0.2357,,-0.3964,,-0.6871,raw / percussive / vocal,raw,-0.66875,-0.76219,220770513,,,,,,,-0.5465,,-0.466,
,,,,,,deep / punchy / instrumental,deep,-0.45498,-0.51857,253115995,,,-0.1935,,-0.269,-0.0016,,-0.1942,-0.1449,-0.2682
-0.556,,,,,,percussive / deep / punchy,percussive,-0.99102,-1.27149,204915657,,-0.7631,,,-0.7782,-0.615,,,-0.7272,-0.91
,,,,,,warm / minimal / instrumental,warm,-0.2424,-0.15939,166796315,,0.1428,0.1216,0.1012,0.0669,,0.3832,,0.1097,
,1.0862,,,1.0976,,dark / driving / warm,dark,0.9873,0.9556,247707834,,,,1.337,1.5538,,1.328,,1.2096,
,,,1.5117,,1.6696,instrumental / piano / driving,instrumental,0.8249,0.64071,257972293,1.6102,,1.7875,1.6149,,,,,,1.5208
0.2577,0.6169,0.2616,0.7862,0.7306,,vocal / intense / raw,vocal,0.10548,-0.05251,149354739,,,,0.2872,,,,,,
0.5981,,0.3405,,0.1277,,punchy / percussive / warm,punchy,0.37113,0.02852,198623605,,,,0.1576,,,0.5651,,0.6011,
2.4507,0.3892,0.9479,,,,percussive / warm / euphoric,percussive,0.42336,-0.11916,149967126,,,,-0.1287,,,1.1884,,-0.188,
1.1299,0.3203,0.0718,0.9146,0.1223,,percussive / vocal / raw,percussive,0.21294,-0.39522,155411851,,,,0.0502,,,,,,
0.6772,,0.2956,,0.2562,,percussive / punchy / euphoric,percussive,0.40979,-0.41636,57711132,,,,0.2422,-0.0115,,,,0.4636,
,0.6985,,0.4907,,,raw / vocal / dark,raw,-0.42526,-0.39555,214557507,,,-0.2672,,0.1174,-0.0105,-0.2526,,,
,,1.2408,,1.0298,,punchy / euphoric / intense,punchy,0.55988,0.1078,131343499,,,,,0.3999,,0.1958,0.4399,1.356,
1.6538,,0.2906,,-0.8055,-1.1429,percussive / euphoric / warm,percussive,-0.28628,-0.59571,167922251,,,,,,,-0.3416,,-0.8044,
0.6082,,0.8881,,0.8096,,punchy / euphoric / intense,punchy,0.88919,-0.12609,242754656,,,,0.5085,0.5816,,,,1.6304,
-0.2479,0.7546,,0.4496,,-0.2988,raw / vocal / dark,raw,-0.32177,-0.87901,136153776,,,,0.0661,0.133,,,,,
,,,,2.0664,,deep / dark / punchy,deep,1.43374,1.48291,24467495,,,,2.0757,2.1985,2.3249,1.8481,,2.1884,
,1.4526,,1.5805,,,vocal / raw / hypnotic,vocal,0.51887,0.84802,42198577,1.0104,,1.0062,,,,,1.1202,,1.0133
,1.9163,,1.019,,,raw / instrumental / minimal,raw,0.38287,0.7148,72684890,0.9667,1.3853,1.4562,,,1.3509,,,,
,,,,1.7373,,driving / dark / atmospheric,driving,1.4146,1.33498,104090890,1.6783,,,2.2493,2.001,,,1.7068,,1.9554
,1.7359,1.6538,2.8395,1.0457,1.1387,vocal / raw / euphoric,vocal,0.60396,1.19175,211166336,,,,,,,1.0653,,,
1.0252,0.3917,-0.2294,,,,percussive / warm / raw,percussive,-0.0484,-0.11929,212714240,,,,-0.1036,,,0.5442,,-0.3672,
,,,,,,deep / punchy / dark,deep,-0.31944,-0.11937,2406344,0.0321,,,,0.1748,0.3149,,0.1718,0.2788,0.1051
0.7932,,-0.3452,-0.6859,-0.5515,,percussive / punchy / euphoric,percussive,-0.10743,-0.94107,65705534,,,,-0.6796,,,,,0.0081,
1.4292,-0.4666,-0.6676,,,,percussive / punchy / raw,percussive,-0.31769,-1.03883,121361510,,-0.9283,,,,,-0.4993,,-0.2822,
1.3702,0.8805,-0.0886,0.5785,,0.283,percussive / raw / vocal,percussive,0.29868,-0.23469,158209004,,,,0.4037,,,,,,
0.1473,-0.173,,,,,punchy / percussive / minimal,punchy,0.03844,-0.41071,77061545,,0.018,-0.2428,,,,-0.1846,,0.9647,
1.9501,,0.7274,0.2482,0.615,,percussive / euphoric / intense,percussive,0.82679,0.05612,222271420,,,,0.1884,,,,,0.5537,
,,,0.7837,0.6734,,driving / warm / dark,driving,0.67446,0.52285,247002064,,,,1.3784,0.7881,,0.9458,,0.767,
,,,0.8593,,,minimal / punchy / instrumental,minimal,0.24403,0.33765,150187730,,1.1802,1.0484,,0.8407,1.0221,,,1.0705,
1.123,,0.2075,0.2258,0.3153,,percussive / warm / intense,percussive,0.35672,0.29655,140666222,,,,,,,0.5374,,,0.2577
,-0.72,,-0.6979,,,punchy / dark / deep,punchy,-0.76778,-1.23481,160513861,,,,-0.7629,-0.4221,-0.6342,,,-0.4117,
1.7253,,,,,1.426,warm / percussive / driving,warm,1.4051,1.74306,240427803,1.599,1.5315,,1.6234,,,2.4303,,,
1.6699,,1.6818,,1.5933,,euphoric / percussive / intense,euphoric,1.3749,1.01412,2682113,,,,,1.1221,,1.157,,1.2423,
,,,,,,dark / deep / atmospheric,dark,-0.37209,-0.24395,144081188,0.0349,,,0.1319,0.3685,0.3025,,0.0619,,0.1384
1.341,-0.2713,,-0.2727,,-0.9547,percussive / raw / vocal,percussive,-0.49319,-1.12981,225178428,,,-0.9701,-0.9965,,,,,,
0.676,0.3907,0.61,1.0341,-0.2169,,vocal / percussive / euphoric,vocal,-0.46844,0.04348,156696104,,,,,,,-0.1498,,,
1.1992,0.3173,,,,,percussive / deep / raw,percussive,0.06915,0.01858,155399227,,,,0.0169,0.1671,0.5035,0.1778,,,
1.5053,-0.3458,0.0696,,-0.4458,,percussive / euphoric / raw,percussive,-0.05474,-0.5547,194695883,,,,,,,-0.4134,,-0.4197,
,0.1607,,1.6052,,,vocal / dreamy / instrumental,vocal,-1.01855,0.24125,140079725,1.1582,0.4179,0.465,,,,,,,0.3924
,,,,,,instrumental / deep / dreamy,instrumental,0.34654,0.10694,192671898,1.1446,1.1002,1.3831,,1.1141,1.3228,,,,1.0223
0.4418,,,,0.6051,,punchy / dark / intense,punchy,0.72762,-0.08139,252071809,,0.1599,,0.3986,0.7278,,,,1.4651,
1.7552,,0.9689,,0.671,0.9721,percussive / piano / euphoric,percussive,0.76001,0.70359,21807889,,,,,,,0.6511,0.6202,,
,2.3772,,1.7858,1.4665,1.3787,raw / vocal / intense,raw,0.98919,0.68347,124204250,,,1.3137,,,,,,,1.2525
,,-0.5316,,,-0.0223,punchy / dark / piano,punchy,-0.3152,-0.70217,69347494,,,,-0.3453,0.1741,,,-0.2302,0.6865,
,,,,,,warm / punchy / dark,warm,0.73392,0.52709,641813,,0.6273,,0.6829,0.7156,,1.2102,,1.1966,0.5748
,,,,,,deep / minimal / atmospheric,deep,-0.8605,-0.76983,76546426,-0.199,0.1803,,,-0.343,0.2582,,-0.3565,,-0.127
0.4465,-0.6778,-0.6893,-0.8737,,,percussive / raw / euphoric,percussive,-0.69932,-0.89327,82349167,-0.8933,,,,-0.8076,,,,,
,0.8494,,1.2197,,0.1412,vocal / raw / instrumental,vocal,-0.69107,-0.26646,239510533,0.1462,0.281,0.4077,,,,,,,
3.0626,-1.1089,0.4591,,-0.4676,-1.4007,percussive / euphoric / intense,percussive,-0.6294,-0.93652,455659,,,,,,,-1.4774,,,
,,,,,0.5465,dreamy / minimal / hypnotic,dreamy,0.19293,0.65235,15244833,1.2411,1.0501,,,,,0.8338,0.9431,,0.8008
0.899,,1.4967,,0.9383,,euphoric / hypnotic / intense,euphoric,0.59082,0.92544,80215631,,,,,0.937,,,1.3793,,0.9243
,,,,,,deep / hypnotic / punchy,deep,-0.09487,0.43052,37031601,0.629,0.4687,,,,0.9649,,0.9146,0.7286,0.696
,1.9873,2.0858,,,,euphoric / raw / dark,euphoric,1.12663,1.59066,183550545,,,,1.4098,1.9844,,1.975,1.4893,,
1.9194,,2.0732,,1.5676,,euphoric / percussive / intense,euphoric,1.32372,1.19537,162798517,,,,0.9172,,,1.2479,,0.8907,
0.7241,0.2285,-0.0746,,-0.1307,,percussive / punchy / raw,percussive,0.21542,-0.26795,195073171,,,,-0.0269,,,,,0.2952,
,,,,,-0.1432,minimal / deep / piano,minimal,-0.82605,-0.93363,129938594,-0.4172,0.0586,-0.2121,,,0.0276,,,-0.1836,
,,,,0.3982,0.4737,punchy / dark / warm,punchy,0.32808,-0.0586,146612048,,,,0.3871,0.6041,,0.4824,,1.4142,
,,,1.2399,,,dreamy / atmospheric / minimal,dreamy,0.40993,1.02074,166794903,1.7609,1.2941,,1.2634,,,,1.1058,,1.4631
,0.6955,,1.2057,,,vocal / instrumental / dreamy,vocal,-0.7123,-0.00675,179364461,0.8147,0.6345,0.8531,,,,,,,0.2028
,,,,,1.4719,piano / dreamy / warm,piano,0.16211,0.96802,154589639,1.4179,1.3131,0.9337,1.0777,,,1.3158,,,
2.0748,,1.7415,,1.5273,2.3234,piano / percussive / euphoric,piano,0.97196,1.50712,16331052,1.684,,,,,,,,,1.6233
0.8641,,,1.5252,,1.0248,vocal / dreamy / piano,vocal,0.3589,1.02717,248019531,1.3766,,1.0137,,,,0.9644,,,
-0.6267,,,,,-0.8754,minimal / dreamy / warm,minimal,-1.19114,-0.8501,158434562,-0.3551,-0.3474,,,,,-0.5527,-0.9926,,
-0.0981,0.0721,-0.6397,-0.4172,,,raw / percussive / vocal,raw,-0.53189,-0.88211,180368914,,,,,-0.5753,,,,-0.5829,
,,,,,,warm / dreamy / dark,warm,-0.36747,-0.0209,135848849,0.23,-0.1643,,,0.09,,0.2491,-0.0776,,0.0031
,,,0.079,,0.0034,minimal / punchy / warm,minimal,-0.24218,-0.16064,118139257,,0.4709,0.0624,,,,0.1714,,0.2171,
1.4939,1.0366,0.91,0.8864,0.4176,,percussive / raw / euphoric,percussive,0.33197,0.65661,247034330,,,,,,,0.7792,,,
0.0464,,-0.135,,,,punchy / hypnotic / percussive,punchy,-0.17111,-0.18005,46372124,,,,,,,-0.0254,0.1385,0.3032,-0.2469
1.5569,,-0.084,0.0657,,0.8801,percussive / piano / vocal,percussive,-0.10463,-0.48256,125060048,-0.0974,,,,,,,,,-0.1088
1.6929,,1.8749,,1.872,1.8393,euphoric / intense / piano,euphoric,1.40514,1.68711,22378055,1.695,,,,,,,,,1.8392
1.3091,,-0.3267,0.2553,-0.5519,-0.5001,percussive / vocal / euphoric,percussive,-0.36194,-1.05982,4079904,,,-0.4777,,,,,,,
0.1668,,-0.3732,,-0.2154,,percussive / dark / intense,percussive,-0.33457,-0.85791,38349367,,,,,-0.2024,-0.3989,,,,-0.3409
,,0.1601,,,,warm / dark / hypnotic,warm,-0.30466,0.32342,135925241,,,,0.1975,0.3213,,0.7805,0.2229,,0.1107
,,,0.8988,,,deep / atmospheric / dark,deep,-0.07077,0.40664,33345586,0.8351,,,,1.1277,1.1899,,1.1257,,1.1753
,,,,,,punchy / hypnotic / deep,punchy,-0.11754,-0.11413,82979075,,,,,0.0924,0.2115,0.0865,0.4417,0.4633,0.0524
,,,,,-0.1795,punchy / piano / deep,punchy,-0.84242,-0.88979,75214148,,-0.6448,,,-0.7031,-0.3203,-0.5819,,0.2715,
0.5082,,,,,,minimal / atmospheric / punchy,minimal,0.28204,-0.13735,12748451,0.5818,1.0365,,,,0.5633,,,0.6447,0.6463
0.8832,-0.0361,-0.5326,,,,percussive / warm / raw,percussive,-0.21696,-0.37718,125469590,,-0.198,,,,,0.3031,,-0.2674,
,,,,,,minimal / deep / dreamy,minimal,-0.35387,0.0895,71468851,0.4508,0.8451,,,,0.4672,0.3458,0.3209,,0.247
0.0422,,,0.1966,,,dreamy / vocal / percussive,dreamy,-0.36756,-0.19752,76623606,0.4739,-0.0364,-0.2044,,,,,,,-0.1123
,-0.3071,,,-0.122,,punchy / dark / intense,punchy,-0.21948,-1.2197,43640144,,,,-0.5746,0.1006,-0.4525,,,1.0283,
,1.0258,,1.6552,,,vocal / raw / instrumental,vocal,-0.72753,-0.42013,53966869,0.1925,-0.0404,0.8536,,0.0769,,,,,
,0.2277,-0.236,0.7657,,,vocal / raw / instrumental,vocal,-0.39276,-0.33659,8402906,,,-0.0969,-0.1797,,,-0.257,,,
0.9451,0.568,0.316,1.3149,0.0097,,vocal / percussive / raw,vocal,0.05617,-0.03651,12897155,,,0.296,,,,,,,
,1.2955,,1.3926,,,vocal / raw / dreamy,vocal,-0.22271,0.39008,82650425,0.8746,0.5955,,0.5775,,,0.611,,,
0.8453,,,-0.7281,,,percussive / dreamy / minimal,percussive,-1.10306,-0.79782,233611986,-0.1826,-0.3639,-0.5184,,,,,-0.7742,,
0.9051,0.2548,0.8567,,,0.6549,percussive / euphoric / warm,percussive,0.20535,0.46301,132324990,,,,,,,0.7742,0.3763,,
,,,0.5159,,,vocal / minimal / dreamy,vocal,-0.42693,-0.00102,106326976,0.3568,0.3696,0.0942,,,0.224,,,,0.1769
0.2847,0.6646,,0.3976,,,raw / vocal / driving,raw,0.00692,-0.32709,239807540,,,-0.0391,0.2964,0.0743,,,,,
,1.0057,,1.2507,,,vocal / dreamy / raw,vocal,-0.3197,0.86932,143698711,1.1727,,,,,,0.9947,0.5395,,0.5507
,,,,,1.3848,piano / dreamy / minimal,piano,0.55904,0.99782,81046555,1.3528,1.2596,,,,,1.1509,1.246,,1.0882
1.4864,,0.4967,,1.1434,,percussive / intense / punchy,percussive,0.90055,0.09302,6607605,,,,,0.6326,,,,0.928,0.5697
,,2.0239,,2.4257,,intense / deep / atmospheric,intense,1.37471,1.46369,178484117,,,,,2.0005,2.3593,,1.9587,,2.1741
0.789,,,0.7937,1.2637,,punchy / driving / intense,punchy,1.26762,0.49303,207424738,,,0.8035,1.4642,,,,,1.5536,
,1.0414,,0.9905,,,raw / vocal / instrumental,raw,0.11614,0.04021,169342932,0.514,,0.8382,0.8317,0.5117,,,,,
1.3323,,-0.2406,,,-0.3612,percussive / euphoric / piano,percussive,-1.20675,-1.33215,39696245,,,,,-1.3383,-1.3134,,,,-1.2838
3.5012,0.0637,1.71,0.3408,0.8884,,percussive / euphoric / intense,percussive,0.73162,0.37622,49527132,,,,,,,,,,0.0639
,,3.5103,,1.8947,,euphoric / warm / atmospheric,euphoric,1.05131,2.64319,145713560,,,,,1.9633,,2.8688,2.4626,,2.5071
,,,,1.5705,,warm / driving / intense,warm,1.27822,1.37356,234260653,,1.5216,,1.6072,,,2.0077,1.4527,1.5127,
,,,,,0.9696,piano / dreamy / minimal,piano,-0.75157,-0.3565,82976561,0.9066,0.8129,0.2592,,,,,0.3948,,0.4313
,,,1.316,,,vocal / dreamy / warm,vocal,0.60169,0.98716,59270314,1.2984,1.0849,,1.0693,,,1.2487,,,1.1004
,,,2.3472,,1.8336,vocal / dreamy / piano,vocal,-0.05469,1.27977,170932854,1.9328,1.5264,,,,,,1.6224,,1.5314
,,,1.4551,1.6829,,dark / driving / warm,dark,1.11315,1.42285,219640776,,,,1.9278,1.9752,,1.7074,,,1.5583
,2.4949,,2.2692,,,raw / vocal / driving,raw,1.04448,1.56775,256757929,,,1.6028,1.6748,1.5522,,1.629,,,
,1.1557,,1.4847,,,vocal / raw / warm,vocal,0.09356,0.67249,72100401,0.8097,0.7362,,,,,0.8383,,,0.6611
,,,,,,dreamy / atmospheric / dark,dreamy,0.66961,1.80538,123886771,2.3468,,,2.0449,2.2343,2.1153,2.1278,,,2.2467
,,2.5285,,,1.7903,warm / euphoric / piano,warm,0.33558,2.38066,179866548,1.4657,,,1.4846,,,3.1478,,,1.6635
0.3465,,-0.0587,-0.089,,0.0252,percussive / dreamy / warm,percussive,-0.25343,0.13065,84089300,0.2629,,,,,,0.1878,,,
,1.3392,,1.687,,,vocal / dreamy / raw,vocal,-0.30921,0.64088,214323948,1.4836,1.2233,1.1205,,,,,,,0.8742
1.2833,1.4547,1.7033,,1.1358,,euphoric / warm / raw,euphoric,0.94857,1.15595,39407017,,,,,1.1849,,1.5801,,,
,,,0.9423,,0.9148,dreamy / hypnotic / atmospheric,dreamy,0.01096,0.8036,19684743,1.4061,1.1023,,,,,,1.2454,,1.2397
,,,,,1.3322,minimal / atmospheric / dreamy,minimal,0.57801,1.04756,251052822,1.692,1.9243,,1.3275,,,1.2043,,,1.7832
,,,,,,hypnotic / atmospheric / dark,hypnotic,0.32125,0.55945,115127812,0.6936,,,,0.8962,,0.7303,1.1051,0.6604,0.9464
,,,,1.1034,,hypnotic / dark / deep,hypnotic,0.52682,0.81773,8650069,,,,,1.3784,1.2985,,1.4871,1.138,1.1378
,,,,,1.1452,dreamy / hypnotic / atmospheric,dreamy,-0.11022,0.83157,78295264,1.556,,,,0.9597,1.0574,,1.3098,,1.2662
,,,,,,punchy / dark / minimal,punchy,-0.03575,-0.29988,162077162,,0.1875,,,0.2797,-0.02,,-0.0208,0.5021,0.0689
,0.7993,,1.5022,,,vocal / instrumental / dreamy,vocal,0.13628,0.59412,101214061,0.9417,,1.0614,0.7758,,,,,,0.9167
,,2.2333,,2.557,,intense / dark / euphoric,intense,1.69338,1.76178,93616156,,,,2.0826,2.3862,,,2.1589,,1.9869
,1.3723,,1.9279,,1.3742,vocal / dreamy / piano,vocal,-0.46298,0.99349,256633248,1.657,,0.9056,,,,,,,1.0863
,,2.8007,,2.3351,1.9071,euphoric / hypnotic / dark,euphoric,1.00875,2.08026,60108542,,,,,2.3491,,2.2955,2.4427,,
,,,,,0.7588,hypnotic / warm / dreamy,hypnotic,-0.30498,0.44734,54398102,0.793,0.6163,,,,,0.8302,0.9207,,0.5942
,,0.0973,,,0.0285,dreamy / dark / hypnotic,dreamy,-0.18461,0.05522,248064166,0.2707,,,-0.0914,0.1464,,,0.1247,,
,1.3374,,1.1897,,,raw / vocal / driving,raw,-0.02159,0.3822,52745328,,,0.4882,0.7605,0.4595,,0.588,,,
1.4947,,-0.1964,,-0.7673,-0.6347,percussive / euphoric / piano,percussive,-0.28962,-0.94641,268174253,,,,,,,,,-0.6916,-0.6937
0.6872,0.4552,0.6712,1.0019,0.9431,,vocal / intense / percussive,vocal,0.20784,-0.30826,41836468,,,,,0.1823,,,,,
0.1245,0.0277,,0.281,,,minimal / dreamy / vocal,minimal,-0.35134,-0.22608,12927830,0.3808,0.3875,0.1253,,,,,,,
,0.9648,,1.2515,,0.7035,instrumental / vocal / raw,instrumental,-0.10148,0.23443,215701081,0.7477,,1.2525,0.7333,,,,,,
2.1903,1.0221,1.3332,,1.607,,percussive / intense / driving,percussive,1.40022,0.74553,11357064,,,,1.366,,,,,,1.0353
,,,,,0.3567,punchy / warm / hypnotic,punchy,-0.04252,0.31748,123189587,0.2716,,,,0.3352,,0.505,0.4187,0.7421,
0.2765,,-0.1354,,,0.0342,deep / percussive / piano,deep,-1.06509,-0.19044,134905033,0.0055,,,,,0.8734,,,,-0.0994
,,,,,0.2985,dreamy / minimal / piano,dreamy,-0.29938,0.04475,69026571,0.6096,0.3758,0.146,,,,,0.1331,,0.0856
,0.4108,,1.2917,,,vocal / dreamy / minimal,vocal,-0.34378,0.0715,6392979,0.8649,0.7861,0.6194,0.3009,,,,,,
,0.2778,,0.5877,,,minimal / vocal / dreamy,minimal,-0.21928,-0.14281,52107986,0.3839,0.9032,0.3644,,,,,,0.2569,
,,,0.9872,,,vocal / instrumental / atmospheric,vocal,0.05714,-0.0617,177310571,,0.6571,0.8579,,0.6302,,,0.5815,,0.7556
0.3586,,,,,,percussive / deep / dreamy,percussive,-1.05948,-1.2751,45354378,-0.8487,,,,,-0.7797,,-0.85,-0.8634,-0.9767
,,,0.2766,,0.5688,dreamy / minimal / piano,dreamy,-1.40357,-0.18643,229294733,1.4967,0.9042,0.2208,,,,,,,0.2879
1.0845,-0.3967,-0.8734,,,-1.0462,percussive / raw / warm,percussive,-0.71436,-0.91039,74607802,,,,,,,-0.4741,,-0.9702,
,,,,,,deep / dark / punchy,deep,0.53562,0.02069,111662729,,0.9308,,0.8439,1.1832,1.2296,,,1.1484,0.8496
,,,,,,dreamy / instrumental / atmospheric,dreamy,-0.1196,0.70402,19014156,1.3643,0.8425,1.0308,,,1.0097,,0.9824,,1.0249
,,,-0.34,,-0.5803,minimal / dreamy / vocal,minimal,-1.69512,-1.3058,120385804,-0.1727,-0.113,-0.6021,,,-0.7496,,,,
,,,,,0.933,piano / dreamy / instrumental,piano,-0.00792,0.08128,70953376,0.5883,0.3803,0.5228,,,,,0.4658,,0.4075
,1.3402,,1.0997,,,dreamy / atmospheric / deep,dreamy,0.15058,1.32686,89119560,1.8527,,,,,1.4457,1.3106,,,1.6612
,,2.377,,2.331,,euphoric / intense / driving,euphoric,1.7944,2.14804,3335562,1.9966,,,2.2805,,,2.0705,,,2.2316
-0.2724,,,,,,percussive / hypnotic / minimal,percussive,-0.87616,-0.84549,213799970,-0.7804,-0.4517,,,,,-0.8097,-0.2976,-0.4655,
1.1269,,0.4367,0.473,0.6377,,percussive / intense / warm,percussive,0.47907,0.46317,207946069,,,,,,,0.527,,,0.5099
0.5924,0.8807,-0.1818,0.2693,,,raw / percussive / vocal,raw,-0.37574,-0.50432,88588927,,,-0.2193,,-0.2151,,,,,
,0.4898,,0.9071,,,vocal / instrumental / raw,vocal,-0.48431,-0.26222,251330683,-0.0482,0.0982,0.569,-0.1131,,,,,,
,,,,,,warm / dark / hypnotic,warm,-0.50524,-0.32812,173050161,-0.1359,-0.1913,,,-0.0864,-0.2077,-0.0826,-0.1089,,
,,,0.8599,,,minimal / dreamy / instrumental,minimal,-0.64177,0.26911,5902967,1.5107,1.7332,1.1892,,,,,0.892,,1.0066
,0.3435,,0.3935,,,vocal / raw / instrumental,vocal,-0.18545,-0.13374,78071416,0.1591,,0.314,,0.1093,0.2048,,,,
0.7774,-0.5499,-0.7519,-0.5867,,,percussive / raw / vocal,percussive,-0.52863,-0.84112,39885611,,,-0.8103,,,,-0.7853,,,
0.163,,-2.0322,,-1.8988,,percussive / punchy / dreamy,percussive,-1.55813,-2.00048,209001344,-1.8732,,,,,,-2.0961,,-1.7531,
1.9904,,2.056,,1.6376,1.9528,euphoric / percussive / piano,euphoric,1.51618,1.63503,244140214,,,,,,,1.8072,,,1.4877
,0.2581,,0.8063,,,vocal / minimal / dreamy,vocal,-0.1049,-0.03089,56832608,0.2785,0.5305,0.265,0.0952,,,,,,
1.6834,,0.0917,0.2967,-0.0831,0.7158,percussive / piano / vocal,percussive,-0.17852,-0.1829,29760803,0.0505,,,,,,,,,
,,1.5453,,,,warm / dark / euphoric,warm,0.64225,1.46486,169434884,,,,1.3498,1.5746,1.1423,1.9044,,,1.3214
1.1062,,0.891,,,,warm / percussive / euphoric,warm,0.29699,0.53355,155691830,,,,,,0.3123,1.2453,0.4549,0.3578,
,,,,1.5742,1.7323,atmospheric / piano / dreamy,atmospheric,1.13947,1.08688,250695392,1.665,1.1977,,,,,,1.6552,,2.0894
,,,,,,minimal / warm / hypnotic,minimal,-0.11453,0.19333,96648269,0.1982,0.4907,,,,,0.4855,0.4082,0.2437,0.2191
1.1083,1.2934,,1.4255,0.9973,0.6824,vocal / raw / percussive,vocal,0.76168,0.21155,86369487,,,,0.7269,,,,,,
,1.4742,,2.1515,,1.2363,vocal / raw / instrumental,vocal,0.27205,0.86862,46389726,1.191,,1.4188,,,,,,,0.969
,1.3246,,,0.9576,,raw / dark / punchy,raw,0.74668,0.40545,123438260,,,1.0357,1.0538,1.2944,,,,1.1602,
,,1.3546,2.0128,1.2914,,vocal / atmospheric / euphoric,vocal,0.87143,1.09471,188144654,1.1858,,1.2479,,,,,,,1.4041
2.6457,,1.2066,,,,percussive / warm / euphoric,percussive,0.88443,1.13002,250960487,,0.673,,,,,2.0313,0.8471,0.5841,
,0.8669,,,,,minimal / driving / raw,minimal,0.09525,-0.0033,216735108,0.4794,1.1192,0.8033,0.8716,,,0.3188,,,
,0.1234,0.6245,,,0.4018,euphoric / piano / warm,euphoric,-0.76425,0.11964,160888385,,,-0.1064,,,,0.2558,,-0.4771,
0.6965,0.1176,,,,,percussive / warm / raw,percussive,-0.39785,-0.58202,261909437,,-0.7906,,-0.6326,,,0.5959,,-0.3396,
-0.1669,-0.1083,,-0.3128,,,raw / percussive / punchy,raw,-0.61062,-1.37527,230267561,,-0.4931,-0.5531,,,,,,-0.2735,
1.3595,,0.6253,,1.1338,,percussive / punchy / intense,percussive,1.07214,-0.15507,143164475,,,,0.5484,0.713,,,,1.2468,
0.3649,,0.0918,,,0.6686,piano / percussive / euphoric,piano,-0.1206,-0.29298,190119567,,,,-0.0902,,,-0.4003,,-0.0562,
,,,,,0.0376,warm / punchy / minimal,warm,-0.36294,0.05835,74813681,0.1685,0.2301,,,,,0.6225,-0.0218,0.2423,
-0.0975,-0.0323,,-0.2527,,,raw / percussive / driving,raw,-0.36643,-0.38417,109902285,,-0.2395,,-0.1896,,,-0.2315,,,
,,,,,0.8173,instrumental / minimal / punchy,instrumental,0.20444,0.50108,18171252,0.7557,0.9392,1.253,0.9122,,,,,0.9152,
,-0.462,,-0.7944,,,raw / instrumental / minimal,raw,-1.294,-1.15486,124237586,-0.6939,-0.6888,-0.6496,-0.7902,,,,,,
-0.2184,,,,,0.2179,minimal / piano / dreamy,minimal,-0.73987,-0.437,157914929,0.1057,0.415,-0.0087,,,,,-0.3022,,
,0.975,,,,0.8368,instrumental / raw / dreamy,instrumental,-0.84087,-0.0768,201470576,0.8732,0.7941,1.1962,,,0.627,,,,
,,,,,1.5242,instrumental / minimal / driving,instrumental,0.63398,0.81094,63217671,,1.867,1.944,1.5254,,1.2836,,,1.2427,
,,,,,1.1235,warm / minimal / dreamy,warm,0.10945,0.93504,83864920,1.2535,1.3404,1.0585,1.2383,,,1.4812,,,
,,,,,1.9374,piano / instrumental / minimal,piano,-0.48028,0.46965,240332210,1.5322,1.6057,1.8833,0.7437,,1.0601,,,,
3.0747,1.5082,2.2598,,1.618,1.5722,percussive / euphoric / intense,percussive,1.69505,1.13237,189159697,,,,1.2399,,,,,,
,,,,,1.7203,driving / warm / piano,driving,1.1375,1.2857,133490340,,1.3731,1.4002,2.1949,,,1.7655,,1.4113,
0.9803,0.641,1.6569,,0.9325,1.9718,piano / euphoric / instrumental,piano,0.62174,0.63032,196048470,,,0.9877,,,,,,,
,1.2058,,1.1444,,,dreamy / driving / raw,dreamy,-0.00445,0.46506,20062329,1.4447,,1.1488,1.4018,,,,,,1.0973
0.5545,-0.2929,-0.5256,,,,percussive / warm / raw,percussive,-0.51759,-0.62538,22598838,,-0.7881,,,,,-0.0281,,-0.4756,
,,,2.4287,,1.9562,vocal / piano / instrumental,vocal,0.45261,0.79053,68769395,1.7169,1.8611,1.9338,,,,,,,1.8281
,0.6243,,0.6731,,,minimal / vocal / instrumental,minimal,-0.25997,0.03659,212894618,0.1877,0.6812,0.6503,,,,,0.236,,
,,,0.4895,,0.6299,minimal / dreamy / instrumental,minimal,-0.23444,0.06185,230399418,1.003,1.0193,0.7259,,,,,,,0.3564
,,,,,,deep / dark / punchy,deep,0.02127,-0.61024,128372129,,,0.0614,0.1619,0.4525,0.8405,,,0.3582,0.0955
-0.0754,1.5449,0.1573,,,,raw / warm / euphoric,raw,-0.52313,0.27623,54391115,-0.0767,,,-0.0248,,,0.7481,,,
0.6549,,,,-0.2102,,percussive / punchy / dreamy,percussive,-0.02572,-0.64616,47102603,-0.1451,,,-0.4756,,,,,-0.072,-0.2625
,0.5918,,0.4759,,0.8215,minimal / instrumental / dreamy,minimal,-0.63483,-0.1318,221723883,0.8576,1.4616,1.4176,,,,,,,
,,,0.6094,,0.5206,dreamy / minimal / instrumental,dreamy,-0.81311,0.37795,162923416,1.1382,0.7101,0.7064,,,0.639,,,,
,,,0.7556,,,dreamy / vocal / atmospheric,dreamy,-0.00191,0.51252,136144090,0.7808,0.5901,0.5572,,,,0.6082,,,0.6176
0.0402,,,,,,minimal / percussive / dreamy,minimal,-1.12034,-1.11421,52067640,-0.3261,0.1697,-0.7576,,,-0.697,,,,-0.7493
-0.1805,,,-0.3408,,,percussive / minimal / vocal,percussive,-0.92067,-1.12016,53517873,,-0.3001,-0.8009,,,-0.8185,-0.8244,,,
,,,,,-0.3993,minimal / punchy / dreamy,minimal,-1.02772,-0.88545,195874776,-0.3507,-0.0465,-0.3598,,,-0.4091,,,-0.2742,
1.5884,,0.603,,,,percussive / warm / punchy,percussive,0.64739,0.33188,104805560,,,,,0.3993,,0.7652,0.4057,0.6963,
0.805,0.6756,,0.5464,,,minimal / instrumental / percussive,minimal,0.46142,0.13391,257657728,,1.1228,0.8056,0.4942,,,,,,
0.9713,,,,,,percussive / driving / punchy,percussive,-0.02058,-0.57405,133012178,-0.4116,-0.3581,-0.436,-0.2421,,,,,-0.3075,
,,,,,,punchy / dark / warm,punchy,-0.52207,-0.7338,240338456,,-0.3454,,,-0.0704,-0.3542,-0.239,-0.5547,0.2252,
,,,,1.5482,1.456,instrumental / hypnotic / atmospheric,instrumental,1.07182,1.30646,60720536,1.681,,1.9696,,,,,1.7289,,1.6855
,,,,-0.1192,,punchy / dark / warm,punchy,0.07175,-0.36708,239220700,,,,-0.0345,0.2324,0.0981,0.2159,,0.9411,
,,,,2.3261,2.1114,deep / instrumental / intense,deep,1.7983,1.59761,244173325,,,2.6667,2.1432,,2.8524,,,,2.2396
-0.1637,,,,,-0.614,minimal / warm / percussive,minimal,-0.85711,-0.6043,190210466,-0.6695,0.0779,,,,,0.0435,,-0.5445,
,0.3768,0.1427,0.5627,,0.4757,instrumental / driving / vocal,instrumental,0.15735,0.06437,107499188,,,0.6992,0.6624,,,,,,
1.5198,1.2959,1.5192,,1.7858,,punchy / intense / percussive,punchy,1.51137,0.39812,195211535,,,,,1.3485,,,,1.8431,
0.3407,1.0149,0.4857,,,,warm / raw / driving,warm,0.33786,0.41478,121480716,,,,0.599,,,1.3069,,0.3044,
0.5187,,-0.7935,,-0.8827,-0.7624,percussive / piano / euphoric,percussive,-0.86458,-1.0869,240721763,-1.0724,,,,,,,,-1.2139,
,,,,,-0.5826,punchy / deep / dark,punchy,-1.00784,-1.24834,198458033,,-0.5403,,,-0.0825,0.139,,-0.7146,0.5658,
,,,,,0.9515,minimal / dreamy / atmospheric,minimal,0.51288,0.81538,182885799,1.5042,1.5157,1.0977,,,,0.8933,,,1.2105
,,,0.5557,,0.4444,minimal / dreamy / instrumental,minimal,-1.13018,-0.24353,187647901,1.0431,1.0999,0.8049,,,0.4306,,,,
,,,,,-0.4477,minimal / dreamy / hypnotic,minimal,-2.03851,-0.61584,250183478,0.1383,0.3046,,,,-0.4224,,-0.1829,,-0.5978
,,,,0.9075,,punchy / deep / driving,punchy,0.98936,0.06689,229340932,,,,0.949,0.787,1.2232,,,2.0309,0.6117
1.1285,1.7894,0.8352,1.513,,1.8532,piano / raw / vocal,piano,0.2562,0.28463,42141415,,,1.1272,,,,,,,
,0.1424,,,,1.3811,piano / instrumental / dreamy,piano,-1.38438,-0.90852,69211201,0.4243,0.1126,0.5274,,,0.2683,,,,
,-0.3,,,,-0.3192,minimal / dreamy / instrumental,minimal,-1.10596,-0.97448,267143357,-0.2105,-0.1396,-0.2919,-0.394,,,,,,
,-0.4003,,,,0.4806,piano / minimal / dreamy,piano,-1.51817,-0.74236,47185084,0.0128,0.2387,-0.0568,,,-0.4266,,,,
,,,,,0.6282,minimal / warm / piano,minimal,-0.32923,0.32873,92615271,0.559,0.9046,0.4606,,,,0.7731,0.4534,,
,-0.2423,,0.425,,,dreamy / vocal / instrumental,dreamy,-0.98257,-0.43576,188176610,0.6195,-0.242,-0.115,,,,,,,-0.1544
,,,,,1.0037,instrumental / deep / minimal,instrumental,0.12355,0.40947,205118082,0.745,1.2962,1.9353,,,1.391,,0.7056,,
-0.3589,0.3752,,,,,raw / minimal / warm,raw,-0.87708,-0.66192,73616188,,-0.1945,-0.4641,-0.589,,,-0.2355,,,
,,,,,0.7735,minimal / piano / dreamy,minimal,-0.96191,-0.20669,80740175,0.7346,1.6328,0.7159,,,0.4812,,0.5374,,
0.3122,,0.4302,,0.4827,,deep / punchy / intense,deep,0.34589,0.24639,75125177,,,,,,0.8002,,,0.6638,0.3562
-0.515,-0.8349,,-0.4966,,,vocal / percussive / raw,vocal,-1.17262,-1.44209,231889328,,,-1.1099,,-0.9837,-0.9079,,,,
,,,-0.5346,,0.4069,piano / vocal / minimal,piano,-1.23689,-0.70183,156453739,-0.5479,-0.5383,,,,,-0.7059,,-0.6724,
,0.6341,,0.5078,,,raw / vocal / dreamy,raw,-0.79208,-0.50323,218622265,-0.1052,-0.3053,-0.1423,,,,-0.3847,,,
,,,,,-0.7138,dreamy / piano / minimal,dreamy,-1.33121,-1.38006,14322201,-0.539,-0.7783,-0.8539,,,-1.077,,,-1.1103,
,,,,0.731,,punchy / dark / hypnotic,punchy,0.45875,0.14758,460670,,0.7884,,,0.9086,,,0.7969,1.1159,0.7592
,,,,,0.8807,deep / dark / instrumental,deep,-0.16786,0.2495,196160536,0.8415,0.887,0.965,,0.9758,1.809,,,,
,1.0461,,0.9741,,,instrumental / raw / vocal,instrumental,-0.9896,-0.13228,65742104,0.7063,,1.1476,,,0.6155,,,,0.0672
,,,0.263,,0.4663,dreamy / warm / minimal,dreamy,-0.88892,0.62273,91140729,0.9433,0.7315,0.6961,,,,0.9259,,,
,,,,,,minimal / deep / instrumental,minimal,-0.46645,-0.4126,150822548,-0.003,1.0615,0.1498,,,0.3411,,,0.0294,-0.0328
,,,0.5717,,1.3683,piano / dreamy / minimal,piano,-1.27054,0.04494,3795983,1.299,1.2977,1.0983,,,0.6612,,,,
,,,1.0144,,0.8386,dreamy / driving / atmospheric,dreamy,0.04085,0.73196,78296739,1.2184,,,1.1322,,0.7072,,,,1.0275
,1.0016,,0.9584,,0.942,instrumental / dreamy / raw,instrumental,-0.53759,-0.04747,101191170,1.0197,0.8826,1.4511,,,,,,,
,1.2981,,1.508,,,instrumental / vocal / raw,instrumental,-0.42606,0.04655,15810208,1.1359,0.7563,1.5333,,,0.8706,,,,
,,,,,-0.5506,punchy / deep / minimal,punchy,-0.87919,-0.84207,46120130,,-0.3829,,,-0.4854,-0.0657,-0.6587,,0.0953,
,,,,,,deep / dreamy / atmospheric,deep,0.31622,1.10917,136168023,1.9343,1.5538,1.4472,,,2.1882,,1.3906,,1.7934
,,,,,1.2118,driving / instrumental / atmospheric,driving,0.62959,1.03871,117333681,1.3703,,1.4814,1.5957,1.2035,,,,,1.3744
,,,0.1061,,0.4764,minimal / instrumental / piano,minimal,-0.85727,-0.69882,93350976,0.3923,0.7374,0.6171,,,-0.1982,,,,
,,0.3864,,,1.197,instrumental / piano / minimal,instrumental,0.00923,0.09094,184485899,0.3911,0.9301,1.3043,,,,,0.4311,,
,1.7939,,1.0604,,1.5993,minimal / raw / instrumental,minimal,-0.72267,-0.01965,218281431,1.4845,1.8534,1.685,,,,,,,
,,,,,2.0384,piano / dreamy / instrumental,piano,-0.33383,0.2091,156801708,1.8535,1.3901,1.4298,,,0.5752,,,,0.9614
,2.0149,,,,2.0558,atmospheric / dreamy / piano,atmospheric,0.89156,1.71341,2503670,2.1988,,,1.9208,,,,1.8368,,2.2643
0.9555,,1.0687,,,,warm / euphoric / percussive,warm,0.35859,0.70986,199054687,,0.3988,0.2115,0.4973,,,1.1736,,,
,,,,,0.2012,instrumental / dreamy / minimal,instrumental,-0.41546,-0.10186,70326192,0.8957,0.8539,0.9988,0.6273,,0.8254,,,,
1.9983,,0.1525,,,-0.8612,percussive / euphoric / deep,percussive,-0.41192,-0.86624,203231355,,,,,,-0.567,,-0.9216,,-0.7098
1.157,,0.1947,,,,percussive / minimal / warm,percussive,0.12829,0.2716,140690510,,0.6509,0.3375,,,,0.5015,0.2079,,
-0.6194,0.2393,,,,,raw / warm / minimal,raw,-1.13824,-0.87055,133735396,,-0.4776,-0.8366,,,-0.7838,-0.4647,,,
,,,,-0.4648,-0.5137,punchy / deep / intense,punchy,-0.42938,-1.19218,40288673,,,-0.5168,,-0.607,0.2399,,,1.1106,
,,,-0.3644,,-0.3139,minimal / dreamy / instrumental,minimal,-1.40282,-0.47775,168594406,0.0178,0.0832,-0.0154,,,-0.1132,,,,
,1.3859,1.3786,0.5556,,,warm / raw / euphoric,warm,-0.08849,1.24587,72719767,0.6577,,0.8423,,,,1.7013,,,
,0.5898,0.9671,,0.7052,,driving / warm / euphoric,driving,0.47521,0.79687,44267204,,,0.7382,1.3066,,,1.0474,,,
,,,1.4979,,1.6576,dreamy / atmospheric / warm,dreamy,-0.13812,1.78618,34850702,2.3882,1.5073,,,,,1.8794,,,1.9135
,1.5665,,,,1.0453,instrumental / raw / piano,instrumental,-0.54497,-0.04181,71434698,1.013,0.9987,2.0357,,,0.9101,,,,
,,,,,1.2303,instrumental / punchy / piano,instrumental,0.27666,0.41083,204353697,,1.0656,1.5635,1.0225,,1.0253,,,1.2471,
1.5525,1.5482,1.0925,,,,warm / percussive / raw,warm,0.56653,0.97484,205125776,,0.887,,,,,1.7651,,0.7334,
,,,,,1.8323,piano / minimal / instrumental,piano,-0.41803,-0.09361,114242556,0.7285,1.6127,1.005,,,0.3764,,0.4964,,
,,,,,0.4682,piano / instrumental / warm,piano,-0.53178,-0.03437,247424249,,0.0536,0.2622,,,0.1601,0.2265,,-0.0031,
0.9258,,,,,,percussive / punchy / minimal,percussive,0.34481,-0.12494,39174912,0.0375,0.8141,,0.0373,,,0.3311,,0.869,
0.425,,,,,,warm / punchy / percussive,warm,0.07828,0.14384,104987639,,0.09,-0.0789,,,-0.049,1.0892,,0.5975,
0.0928,,,,,,minimal / percussive / warm,minimal,-0.76195,-0.62564,193261988,-0.7034,0.6514,,,,,-0.0047,-0.5528,-0.0229,
,,,-0.0592,,0.2671,minimal / dreamy / piano,minimal,-1.13237,-0.29247,21689529,0.3089,0.7575,0.1159,,,,0.0648,,,
0.2621,1.1922,0.5321,,,0.8094,raw / piano / euphoric,raw,-0.2565,0.13502,263906631,,0.2933,,,,,,0.2275,,
,,,0.1751,,,minimal / instrumental / driving,minimal,-0.08715,-0.06525,222922069,0.1906,0.7606,0.6744,0.4921,,,,,,0.0164
,0.8718,,1.1738,,0.5633,vocal / raw / piano,vocal,-1.17916,-0.96336,189083757,0.4248,-0.1388,0.3017,,,,,,,
0.1716,,,,,,percussive / dreamy / minimal,percussive,-1.12353,-0.57772,104093663,0.0109,-0.2353,,,,-0.4947,,-0.4498,,-0.4018
,,,1.2107,,0.8789,instrumental / vocal / dreamy,instrumental,-0.58066,0.30232,121860780,1.2027,1.1869,1.3848,,,0.7767,,,,
,1.5321,,1.9155,,,vocal / raw / dreamy,vocal,-0.13269,0.81267,249421267,1.2533,,0.9907,0.9833,,,0.7979,,,
,,,,,0.1469,minimal / dreamy / instrumental,minimal,-1.07006,0.05578,195662692,0.7963,0.937,0.3894,,,,0.3652,0.2745,,
,,0.8665,,,,deep / hypnotic / atmospheric,deep,0.00185,0.80137,77485440,0.9801,,,,0.9455,1.7032,,1.3843,,1.0673
,,,,,1.3955,punchy / piano / deep,punchy,0.5818,0.31208,158084342,,,0.9403,1.0754,0.9315,1.3423,,,1.4026,
,,,,,,minimal / deep / instrumental,minimal,-0.92935,-0.61147,243757096,-0.1271,0.4224,0.0135,,,0.1658,,-0.2085,,-0.1929
,0.9236,,0.8662,,,raw / vocal / instrumental,raw,-0.75494,-0.24271,6108062,0.335,0.5147,0.6772,,,0.3529,,,,
,0.9936,,1.2307,,,minimal / instrumental / vocal,minimal,0.54042,0.34771,11289717,0.9367,1.7354,1.6419,,,,,,,0.9143
,,,,,1.0981,piano / minimal / dreamy,piano,-0.90436,0.12986,224202449,0.6846,1.0132,0.5984,,,0.4552,,,,0.4997
,,,,,1.1447,deep / instrumental / driving,deep,0.05576,0.092,38657328,,,1.2803,1.2293,0.9665,1.3699,,,,1.1053
,1.3371,,0.9257,,0.6148,raw / vocal / piano,raw,-0.80837,-0.52297,174852176,0.053,,0.2886,,,-0.0312,,,,
,1.0561,,0.4608,,0.4057,instrumental / minimal / raw,instrumental,-0.59892,-0.77752,105395224,0.3596,1.0662,1.2271,,,,,,,
,1.1895,,1.1424,,,dreamy / instrumental / raw,dreamy,0.3419,0.76463,117059547,1.442,,1.2608,1.0831,,,0.7345,,,
,,,,1.4278,1.0592,instrumental / intense / dreamy,instrumental,0.72201,0.59084,7107038,1.3293,,1.5019,,,1.2181,,,,1.2735
,1.1303,,0.8144,,,deep / dreamy / raw,deep,-0.73551,0.41181,206085055,1.3354,,0.9565,,,1.4347,,,,0.8997
,,,,,-0.0961,deep / dreamy / atmospheric,deep,-0.90971,-0.64693,71550410,0.2345,0.13,-0.0742,,,0.6629,,,,0.1646
,,,,0.5917,0.8912,deep / punchy / instrumental,deep,0.34807,-0.4863,16623275,,,0.9738,,0.4647,1.7584,,,1.325,
0.4269,-0.2628,-0.1853,,,,percussive / warm / euphoric,percussive,-1.10204,-0.10321,78445011,-0.2858,-0.432,,,,,0.1615,,,
,1.1976,1.3772,,1.1359,1.4193,piano / euphoric / driving,piano,0.73639,0.72006,57307831,,,0.8995,1.2541,,,,,,
,,,0.9118,,1.7666,piano / instrumental / dreamy,piano,-0.85595,0.29049,3545257,1.2276,0.8596,1.3066,,,,,0.7329,,
0.4941,-0.0162,-0.2304,-1.0877,-0.6887,,percussive / raw / euphoric,percussive,-1.01389,-1.38986,214054328,,,,,,,,,,-1.3426
,,,,,1.3238,piano / instrumental / dreamy,piano,-0.37229,0.18607,29171273,1.252,1.0743,1.3162,0.1962,,,,,,0.2588
,,,,,-0.5066,minimal / instrumental / dreamy,minimal,-1.24911,-0.67685,13131936,-0.3455,0.1557,-0.3327,,,-0.5895,-0.3634,,,
,,,0.9266,,1.4605,instrumental / piano / dreamy,instrumental,0.1032,0.19787,140084663,1.4156,1.3984,1.5588,1.0569,,,,,,
,,,,,0.6369,piano / minimal / dreamy,piano,-0.58079,-0.24722,191075734,0.3203,0.4555,-0.0116,,,,-0.1548,0.1572,,
,1.6692,,1.7709,,,vocal / raw / driving,vocal,0.04119,0.69606,37956990,1.0069,,0.9117,1.0943,1.092,,,,,
,1.639,,1.4382,,0.0314,raw / vocal / instrumental,raw,-0.40155,-0.26557,267282143,0.3841,,0.3986,0.2307,,,,,,
1.3862,1.8027,1.2409,0.9219,0.461,,raw / percussive / euphoric,raw,0.05527,0.4589,186017491,,,,0.2558,,,,,,
0.5702,0.8402,0.4553,,,,warm / raw / driving,warm,0.27673,0.41224,6106746,,,0.5808,0.7206,,,0.8413,,,
,0.3365,,,,,instrumental / deep / minimal,instrumental,-0.10831,-0.39175,79553881,0.3584,0.8092,1.2982,0.6136,,0.8272,,,,
0.6473,-0.1911,,-0.3823,,,percussive / raw / vocal,percussive,-0.6531,-1.06867,63524419,,,-0.6752,,-0.8685,-0.7708,,,,
,,,,,,deep / minimal / hypnotic,deep,-0.72359,-0.49547,248141867,-0.2715,0.0229,,,-0.3161,0.1251,,-0.0882,,-0.0983
,,,,,-0.3022,minimal / piano / atmospheric,minimal,-0.9643,-0.90437,180084193,,0.6598,-0.4763,,,,,-0.3878,-0.4654,-0.3821
-0.5745,,,,,,punchy / dark / deep,punchy,-0.40976,-0.7654,100071038,,-0.5682,,,0.0378,-0.1383,,,0.3627,-0.4899
,,,-1.3937,,-1.3402,deep / atmospheric / minimal,deep,-1.67975,-1.76778,145899402,,-1.2798,,,-1.3085,-1.1063,,,,-1.2468
,,,,,-0.5479,minimal / hypnotic / piano,minimal,-1.18547,-1.18116,125077975,,0.0026,,,-0.8498,-0.7305,,-0.468,-0.5542,
0.0801,,,,,,minimal / deep / instrumental,minimal,-0.47913,-0.81675,20715789,-0.2456,1.0468,0.1968,,,0.564,,,,-0.1576
,,,,,,deep / minimal / dreamy,deep,-1.17456,-1.18025,73109507,-0.6038,-0.334,-0.7261,-0.9354,-0.7136,0.059,,,,
,,,,,0.5844,deep / minimal / punchy,deep,-0.8061,-0.64412,208338993,0.5316,0.7966,0.2477,,,0.9626,,,0.5916,
,,,,,2.931,instrumental / piano / minimal,instrumental,1.2678,1.20316,159887150,1.6905,2.2251,3.0098,,,1.5202,,,1.7107,
,,,,,2.3024,piano / instrumental / minimal,piano,-0.3233,-0.07163,120840157,1.3052,1.7185,1.7546,1.1427,,,,,,0.6969
,-0.3321,,-0.2134,,,dreamy / instrumental / driving,dreamy,-0.70532,-0.73849,188863946,0.1247,-0.2151,0.0925,-0.0702,,,,,,
,0.8746,,0.973,,0.5964,instrumental / vocal / minimal,instrumental,-0.05866,0.15141,240919439,0.8738,0.8889,1.2671,,,,,,,
,,1.2081,,1.3087,3.0878,piano / instrumental / dreamy,piano,0.9781,1.03757,253294701,1.3747,1.2096,1.9524,,,,,,,
,1.144,1.3738,0.6426,,1.0929,instrumental / euphoric / raw,instrumental,-0.07461,0.64709,156514487,,,1.6024,,,1.0003,,,,
-0.1473,,,-0.8796,,,percussive / minimal / vocal,percussive,-1.08559,-1.47952,44399372,,-0.7364,-0.9095,-1.0059,,-0.9736,,,,
-0.8692,-1.0443,,-1.1428,,,minimal / percussive / instrumental,minimal,-1.43792,-1.47433,207902278,-1.1726,-0.6589,-1.0406,,,,,,,
0.7584,,,,,0.2591,minimal / percussive / instrumental,minimal,-0.42062,-0.60525,76256980,0.1414,1.5662,0.4638,,,,,-0.0179,,
-0.5086,,,,,,minimal / warm / percussive,minimal,-0.98496,-0.70402,74025412,-0.6784,-0.0887,,,,,-0.3557,-0.6162,-0.6528,
,,,,,-0.1206,minimal / deep / piano,minimal,-1.39099,-0.65179,58697032,-0.1532,0.3965,-0.2894,,,0.2135,,-0.4337,,
,1.7406,,1.2946,,0.2654,raw / vocal / instrumental,raw,-0.23022,-0.26211,33114,,,0.6278,,0.1308,0.3995,,,,
1.3603,2.4839,,1.7357,1.0306,,raw / vocal / driving,raw,0.93526,0.87397,124450588,,,1.3167,1.4756,,,,,,
,1.0972,,1.2135,,,minimal / warm / vocal,minimal,0.43084,0.77429,236927162,,1.2495,,0.9344,,,1.2196,0.8572,,
0.1001,1.076,,0.1753,,,raw / warm / driving,raw,-0.02256,0.26991,246100369,,,,0.6956,0.6258,,0.9628,,,
0.5106,0.745,0.7875,,,,driving / warm / euphoric,driving,0.68774,0.60426,149081173,,,,1.2258,0.5894,,0.9832,,,
0.4264,,,,0.2093,0.4485,punchy / piano / percussive,punchy,0.07434,-0.68297,69783516,,0.0096,,,,,,0.0061,0.5894,
,,,,,,deep / dark / atmospheric,deep,0.68633,0.51443,129325002,1.1227,1.2259,,1.4069,1.8036,2.4716,,,,1.5764
,2.1574,,1.8108,,,raw / vocal / instrumental,raw,0.55459,1.2997,59476437,1.5514,,1.6981,,,1.3977,,1.4154,,
0.2804,-0.8981,-0.7692,,-0.6197,,percussive / hypnotic / intense,percussive,-0.90977,-1.5877,180113758,,,,,,,,-0.4151,-0.7045,
,2.0056,1.6193,2.7029,,2.8943,piano / vocal / raw,piano,-0.16666,1.0673,170058047,1.4215,,1.2069,,,,,,,
,1.6749,1.3742,,1.7005,,driving / intense / raw,driving,1.49596,1.23389,67839456,,,1.219,1.9603,,,1.5777,,,
-0.1133,-0.0289,,,,-0.1199,minimal / instrumental / punchy,minimal,-0.29059,-0.63007,88456433,,0.3614,0.3145,,,,,,0.2152,
,,,,,1.3201,hypnotic / dreamy / atmospheric,hypnotic,0.63838,1.06454,49942035,1.4277,1.2291,1.0801,,,,,1.4882,,1.3987
,,,,0.5133,,punchy / dark / driving,punchy,0.50715,0.0895,91309838,,,,0.8165,0.836,0.2453,,0.2529,0.9573,
-0.0254,,,0.2254,0.1204,,vocal / instrumental / driving,vocal,-0.02399,-0.59769,63472487,-0.118,,0.2166,0.1704,,,,,,
,,2.418,2.2205,2.2023,,dark / euphoric / vocal,dark,1.39462,1.74182,118383165,,,,2.0049,2.4279,1.8582,,,,
,1.4706,1.9407,2.5061,1.9626,1.252,vocal / intense / euphoric,vocal,0.88178,0.98515,16475663,,,1.269,,,,,,,
0.1947,,,0.6868,,0.2769,vocal / instrumental / minimal,vocal,-0.01621,0.06236,108180914,0.2795,0.4591,0.5469,,,,,,,
,,,1.3222,,1.7785,instrumental / piano / minimal,instrumental,0.21789,0.47736,65670946,1.4456,1.7484,1.9466,,,,,0.9554,,
,0.0597,,,,,dreamy / deep / raw,dreamy,-0.64728,-0.21677,230156345,0.196,-0.0314,-0.1411,,,0.1157,,0.0241,,
,0.7931,,1.7566,,,vocal / instrumental / dreamy,vocal,-0.59477,-0.2804,84765165,1.1378,1.1078,1.3498,,,0.9444,,,,
1.7228,2.1245,1.985,,1.4318,1.487,raw / euphoric / percussive,raw,1.21592,1.36551,127946057,,,,,,1.4401,,,,
,0.3543,,-0.0786,,0.0335,minimal / raw / piano,minimal,-0.66975,-0.46041,188788351,-0.1076,0.3813,,,,-0.202,,,,
,1.5386,1.0891,1.3596,,,raw / vocal / euphoric,raw,-0.06844,0.91039,239412741,0.7475,,,0.6869,,,0.8945,,,
,,,,1.2894,,atmospheric / deep / intense,atmospheric,0.88512,0.76591,135477893,,,,,1.2811,1.3465,,1.1241,1.0332,1.4368
,,0.8379,,0.9019,0.5931,punchy / intense / euphoric,punchy,0.82154,0.3645,80366477,,,,,,,0.7624,0.7778,1.7025,
,,,,,,dark / deep / atmospheric,dark,1.23152,1.83198,246116755,,2.1074,,,2.5428,2.4422,2.2084,2.2085,,2.2399
,,,0.4275,,0.3402,minimal / dreamy / vocal,minimal,-0.84569,-0.43176,102558347,0.5375,0.739,0.3032,,,,,,,-0.1936
,0.4238,,0.3774,,-0.2245,raw / vocal / minimal,raw,-1.23388,-0.6017,87881846,0.0898,0.2744,0.243,,,,,,,
,1.144,,0.9229,,,raw / instrumental / vocal,raw,-0.09057,-0.23299,29289743,0.4942,0.5453,0.9289,,,0.4689,,,,
,1.0442,,1.2407,,1.081,instrumental / vocal / piano,instrumental,-0.65695,-0.21299,41377860,0.8565,1.0301,1.3633,,,,,,,
,,,0.7062,,,minimal / vocal / atmospheric,minimal,-0.33382,0.0079,261580978,0.4991,0.8443,,,0.4801,,,0.4734,,0.5535
,0.9867,,,,,deep / dark / hypnotic,deep,0.43106,0.91039,13711164,0.9873,,,,1.678,2.4791,,1.27,1.0342,
2.5192,2.618,1.0992,,1.0234,,raw / percussive / euphoric,raw,1.04108,0.18657,233199278,,,0.5573,,,0.7614,,,,
0.7145,,,,,1.9147,piano / instrumental / dreamy,piano,0.58507,0.8036,70382865,1.3728,1.1702,1.7193,,,,,,,0.7196
0.5442,0.4275,0.3682,0.0252,,,percussive / raw / euphoric,percussive,-0.15917,-0.0656,204087396,,,,0.029,,,0.2962,,,
,,2.5522,,2.6353,,atmospheric / dreamy / intense,atmospheric,1.30177,2.43517,185798447,2.7375,,,,2.4877,2.5385,,,,3.1284
,,,0.7932,,0.3535,minimal / instrumental / dreamy,minimal,-0.51928,0.25013,251856228,0.8091,1.3492,0.8428,,,,0.4371,,,
0.7143,,1.1573,,0.8669,2.0736,piano / euphoric / intense,piano,0.6087,0.53608,229053422,,,0.6736,,,,,,,0.5173
,0.7406,0.5303,0.3178,,,warm / raw / punchy,warm,0.33846,0.47756,207411505,,,,0.6556,,,0.9934,,0.6975,
,0.5542,,,,,deep / dreamy / minimal,deep,-0.64471,0.04939,199669122,0.8286,0.7736,0.7627,,,1.0116,,0.4611,,
0.3066,-0.0453,,,,,percussive / deep / raw,percussive,-0.28961,-0.43498,48742362,,,,-0.2517,-0.1322,0.0303,-0.1337,,,
0.4377,1.4583,,0.9763,,,raw / vocal / percussive,raw,-0.4387,0.16574,252474287,0.2125,,0.1285,,,,0.3541,,,
-0.0575,,,-0.0409,,,dreamy / vocal / percussive,dreamy,-0.71423,-0.32919,36061186,0.2496,-0.1743,-0.1836,,,-0.2525,,,,
,,,,,2.2913,piano / instrumental / dreamy,piano,-0.16513,0.4696,40744011,1.6873,1.6052,1.9899,,,1.268,,,,1.1306
,,,0.6077,,,punchy / vocal / deep,punchy,-0.05049,-0.18158,84793180,0.3058,,0.2154,,0.2573,0.4044,,,0.6937,
0.4272,0.0685,,0.3549,-0.254,,percussive / vocal / raw,percussive,-0.13305,-0.62748,26112842,-0.2815,,,-0.2498,,,,,,
0.0814,0.8489,,0.1773,-0.279,,raw / vocal / percussive,raw,-0.26743,-0.80648,136617069,,,,-0.1458,-0.0405,,,,,
,,,,,-0.3779,minimal / deep / warm,minimal,-1.20306,-0.84612,157309255,,0.1106,-0.4649,,,-0.3033,-0.3628,,-0.6677,
,-0.2607,,-0.1815,,,minimal / deep / vocal,minimal,-0.62568,-0.49299,87061580,,0.2264,-0.1992,,,0.0164,,,-0.2074,
,,,0.8125,,,minimal / dreamy / instrumental,minimal,-0.41602,0.34464,26921853,1.175,1.3182,1.1269,,,0.8641,,,,0.7671
,0.9892,,1.4045,,,vocal / raw / instrumental,vocal,-0.44797,-0.13551,13667426,0.7575,0.5112,0.9506,0.4544,,,,,,
,0.3606,,0.6115,,,deep / dark / vocal,deep,-0.52904,-0.34893,175157414,,,0.1488,0.2432,0.6903,0.8224,,,,
0.66,0.042,,0.3846,,,percussive / vocal / instrumental,percussive,-0.22695,-0.78413,60940603,,-0.1958,0.0464,,,,,,,-0.1654
,,,-0.3917,,,deep / instrumental / vocal,deep,-1.15366,-1.03692,72762587,,-0.4441,-0.3883,,-0.4939,-0.059,,,,-0.5003
,,,,,1.3805,driving / piano / instrumental,driving,0.83597,0.56276,167406726,0.9403,1.0494,1.2796,1.6373,,,,,1.0934,
,1.9639,,2.6582,,1.6594,vocal / dreamy / driving,vocal,0.68626,1.58443,203788612,2.0486,,,2.0354,,,,,,1.736
,0.0251,,,,-0.4457,minimal / raw / instrumental,minimal,-0.9203,-0.78958,26798970,,0.3219,-0.1563,,,-0.2161,,-0.3671,,
,0.7279,,0.2972,,,raw / driving / warm,raw,-0.0282,-0.00344,204052453,,0.1969,0.2386,0.5507,,,0.3228,,,
,,,,,0.0864,deep / minimal / instrumental,deep,-1.00047,-0.74314,31310375,,0.4601,0.2527,,0.0746,1.3645,,,,0.1125
0.5574,0.0338,,,,,percussive / minimal / warm,percussive,0.00595,-0.20384,20504136,,0.3186,-0.0653,0.2624,,,0.3071,,,
,1.2354,0.7617,0.7737,1.047,,raw / intense / dark,raw,0.73819,0.48394,122324620,,,,0.9308,0.9566,,,,,
1.071,-1.1894,-0.8157,,,,percussive / punchy / euphoric,percussive,-0.59953,-1.10445,6343714,,-1.0598,,,,,-0.8581,,-0.7972,
1.147,-0.3969,-0.8265,-0.3834,,-0.4214,percussive / vocal / raw,percussive,-0.5835,-0.87257,156592833,,,,,,,-0.825,,,
,0.7384,,1.7555,0.2676,0.278,vocal / raw / dreamy,vocal,-0.30821,0.20064,166204952,0.5688,,,,,,,,,0.5478
,0.7267,,,,,minimal / instrumental / warm,minimal,-0.0379,0.61961,132296432,0.6126,1.2696,1.1195,,,0.6614,0.9818,,,
1.1792,1.0689,,,1.2034,,driving / punchy / intense,driving,1.30003,0.7791,172728072,,,0.9978,1.4738,,,,,1.3438,
,0.8735,,,,,minimal / deep / dark,minimal,0.11783,0.32068,30081655,,1.1778,0.8997,0.7779,0.9063,1.0052,,,,
,1.188,0.8132,1.0621,0.2541,,raw / vocal / euphoric,raw,-0.38187,0.37621,106753620,,,,0.2039,,,0.2785,,,
,1.6332,1.2357,0.9497,1.2111,,raw / euphoric / intense,raw,0.51463,0.67683,268154427,,,0.7248,0.8486,,,,,,
,,0.377,,1.0874,,intense / punchy / instrumental,intense,0.59742,-0.21963,122600469,,,0.9356,0.508,,0.5098,,,0.9482,
,,,,,,deep / dark / dreamy,deep,-0.72164,-0.63446,246953358,0.0196,-0.1561,-0.2304,,0.0831,0.5669,,,,-0.1285
,,,1.73,,,vocal / dreamy / instrumental,vocal,0.53398,0.88266,98697796,1.6141,1.1976,1.5927,0.9605,,,,,,1.3728
,,,,0.1786,,driving / dark / instrumental,driving,0.2867,-0.01842,91881710,,0.3255,0.5234,1.0401,0.5848,,,,0.2129,
0.1152,,,,,,minimal / dreamy / percussive,minimal,-0.24617,-0.26396,8063794,0.2732,0.5948,-0.1393,,,,-0.1492,,,0.112
0.3508,0.9155,,1.3443,,0.7686,vocal / raw / minimal,vocal,-0.4007,-0.76585,198194082,,0.7925,0.7647,,,,,,,
,,,1.7015,,1.588,vocal / piano / dreamy,vocal,-1.44199,0.24912,235617960,1.1949,0.5916,0.6534,,,,,0.393,,
,,,,,0.1762,minimal / instrumental / dreamy,minimal,-1.14522,-0.97012,107571716,0.1906,0.8214,0.2024,,,-0.0453,,,,-0.1742
,,,,,,deep / minimal / dreamy,deep,-0.78403,-0.49118,36417962,0.2213,0.374,0.1429,,,0.4924,,-0.0341,,-0.0295
,,,,,,deep / dark / driving,deep,-0.22317,-0.16208,237003623,,,-0.0271,0.2271,0.574,0.8635,0.1534,,0.2181,
,0.1647,,0.0819,,,dreamy / minimal / raw,dreamy,-0.74407,-0.44409,176341149,0.336,0.2474,0.0045,,,-0.2427,,,,
0.6604,-0.444,,-0.5513,-0.3251,,percussive / punchy / intense,percussive,-0.10722,-1.07508,189258116,,,,,,,,-0.5113,0.1565,
,0.6429,,0.2064,,,minimal / raw / instrumental,minimal,-0.27242,-0.12416,122855720,,0.9151,0.3498,0.2351,,,0.2478,,,
,0.5837,,,,0.4502,instrumental / punchy / raw,instrumental,0.41059,-0.02249,58582080,,,0.7813,0.4685,,0.5537,,,0.6586,
0.3172,-0.1553,-0.0335,,,,percussive / euphoric / dark,percussive,-0.7832,-0.77073,191080630,,,,,-0.1535,-0.3559,,,,-0.6339
,1.0667,,1.5505,,1.091,vocal / dreamy / deep,vocal,-0.30022,0.15283,247962346,1.3475,,,,,1.1059,,,,1.0745
0.2224,,,,,,percussive / dreamy / minimal,percussive,-1.10076,-1.01859,63752762,-0.3178,-0.4233,-0.7959,,,-0.9171,-0.8597,,,
,,,,,1.3882,instrumental / piano / dreamy,instrumental,-0.503,0.34364,98375756,1.3419,1.2088,1.6975,,,0.9108,,,,0.7199
,,0.7642,,,3.9654,piano / instrumental / minimal,piano,0.08887,0.34201,210341977,0.8237,1.4358,2.1086,,,0.8107,,,,
,,,,,2.8367,piano / dreamy / deep,piano,1.25631,1.91119,159467280,2.3471,,2.2055,2.049,,2.2614,,,,2.1556
,0.9543,,1.2304,0.6598,,vocal / raw / instrumental,vocal,0.48343,0.13765,162516943,0.898,0.6701,0.9398,,,,,,,
0.7013,0.4276,0.2004,0.3771,0.312,,percussive / raw / vocal,percussive,0.29274,-0.13355,92842971,,,,0.2319,,,,,,
0.4034,,,-0.8829,,-0.9071,percussive / dreamy / warm,percussive,-0.91028,-0.59459,76010312,-0.1221,-0.7413,,,,,-0.5116,,,
,-0.1014,,1.1925,0.4597,,vocal / intense / instrumental,vocal,-0.03199,-0.4295,52951474,0.3272,,0.3705,,,,,,,-0.0199
,,1.4065,,1.9004,1.3241,intense / euphoric / piano,intense,1.18457,0.80955,118475041,,,1.1545,1.2874,,,,,,1.1897
,0.656,,0.1095,,,raw / minimal / instrumental,raw,-0.62626,-0.46787,88441426,,0.3637,0.3195,,,0.1084,-0.1425,,,
-0.7077,0.1189,,,,,raw / punchy / deep,raw,-0.658,-1.06101,161947170,,,,-0.6506,-0.6896,-0.5756,,,-0.4835,
-0.1242,0.1684,,0.4591,,,vocal / instrumental / raw,vocal,-0.92391,-0.49338,180091635,0.1406,0.1078,0.2548,,,,,,,
,,,,,1.0915,minimal / instrumental / dreamy,minimal,-0.63897,-0.13761,215596837,1.2138,1.7621,1.286,,,0.7664,,,,0.8328
0.0549,0.3179,,,,,raw / deep / dark,raw,-0.34257,-0.62305,262807238,,,,-0.2444,0.0574,0.1873,,,-0.3389,
,,,0.0305,,-0.1395,dreamy / deep / instrumental,dreamy,-0.69476,-0.22799,34561741,0.5192,-0.1233,0.2636,,,0.3667,,,,
,0.4663,,,,,deep / dark / punchy,deep,-0.01728,-0.243,258091317,,,,0.1833,0.8779,1.4127,-0.0738,,0.505,
,0.6632,0.5284,1.362,,0.2136,vocal / raw / euphoric,vocal,-0.24457,-0.0311,193489459,,,0.383,,,,,,,0.1704
,,,0.6311,,,minimal / instrumental / dreamy,minimal,-0.01757,0.00259,148112957,0.6972,1.4645,1.095,0.6502,,0.6492,,,,
2.0761,1.1821,0.5069,,,,percussive / raw / euphoric,percussive,0.60955,0.32326,22484263,,0.2126,,,,,0.4703,0.1686,,
,,,,,,deep / minimal / instrumental,deep,-1.11777,-0.7494,167792497,-0.1002,0.3646,-0.0317,,-0.1784,0.7407,,,-0.1712,
,,,,,-0.3285,punchy / instrumental / piano,punchy,-0.6812,-0.80215,105497010,,-0.3471,-0.3071,-0.7008,,-0.3884,,,-0.0431,
,,,-0.3681,-0.5353,,punchy / dark / vocal,punchy,-0.47454,-0.77114,93345034,,,,-0.4636,-0.2238,,,,-0.1084,-0.6097
1.1531,,,,,,minimal / percussive / warm,minimal,-0.14453,0.25185,51736446,0.2176,1.3216,0.0774,,,,0.9064,0.3574,,
1.7077,,-0.1076,-0.6232,-0.6209,,percussive / euphoric / warm,percussive,-0.23295,-0.42596,41966012,-0.6455,,,,,,-0.5249,,,
0.5618,0.7393,,,,,minimal / deep / raw,minimal,-0.04533,-0.15618,169230128,0.2955,1.1065,0.5841,,,0.7799,,,,
,0.0659,,-0.0201,,,deep / raw / vocal,deep,-0.65844,-0.82749,110843146,,-0.3925,-0.2506,,-0.1277,0.3381,,,,
-0.0832,0.9182,,1.9579,,-0.0263,vocal / raw / dreamy,vocal,-0.54806,-0.09494,194053606,0.2773,,0.272,,,,,,,
,0.8503,,,,1.024,driving / piano / instrumental,driving,0.49047,0.48493,191833257,0.5602,,1.0015,1.0944,,,0.6694,,,
,,,,-0.0207,,punchy / dark / intense,punchy,-0.03245,-1.09643,106863190,,,,-0.2766,0.263,-0.2522,,-0.2622,0.9591,
1.4889,0.0378,0.348,,-0.2454,,percussive / euphoric / raw,percussive,0.23136,-0.60365,81776469,,,,,-0.2518,,,,-0.0012,
0.8468,,,,,,minimal / instrumental / percussive,minimal,0.0432,0.26598,196929063,0.5498,1.7362,1.1414,,,0.7393,,0.6584,,
,,1.2368,,0.986,1.2092,euphoric / piano / instrumental,euphoric,0.22697,0.44239,65475025,,,1.0189,,,0.3711,,,0.3735,
,1.5841,,1.4924,,1.2919,instrumental / raw / vocal,instrumental,0.30109,0.242,203281219,1.0453,1.1704,1.7757,,,,,,,
,0.5132,0.4506,1.2947,,,vocal / dreamy / raw,vocal,-0.06312,0.42145,75761963,0.5207,,0.331,,,,0.293,,,
,,,,,2.2192,instrumental / deep / piano,instrumental,0.67083,0.97927,12369871,,1.9984,2.5965,2.0639,,2.361,,,,1.9559
,0.4118,,-0.0426,,,raw / vocal / minimal,raw,-0.67856,-0.87013,100522005,,-0.411,-0.4242,-0.5636,-0.5685,,,,,
,,,0.6105,,0.6239,dreamy / piano / vocal,dreamy,-1.41002,-0.294,113594130,0.7685,0.5621,0.2842,,,,,0.3381,,
,,,,,0.962,dreamy / instrumental / minimal,dreamy,-0.57464,-0.12762,153974128,1.4425,1.3806,1.4318,,,0.7052,,,,0.6015
,-0.3303,,-0.3472,,,deep / dark / atmospheric,deep,-0.51557,-0.8742,171444195,,-0.25,,,-0.0963,-0.0385,,,,-0.2461
,,,,,,deep / driving / punchy,deep,-0.14907,-0.36225,192802419,-0.0683,,-0.2182,0.4733,0.2312,0.4834,,,0.2373,
,,,,,0.6081,piano / atmospheric / deep,piano,-0.48271,-0.45514,96581523,0.1383,0.1345,,,,0.1613,,-0.0246,,0.5005
,,,,,,dark / deep / driving,dark,-0.08514,-0.36284,145746207,0.1221,,,0.2533,0.3716,0.3012,,,0.1886,0.003
,,,0.3482,,0.2228,atmospheric / minimal / vocal,atmospheric,-0.55706,-0.4955,84167354,0.2088,0.4158,,,,0.3434,,,,0.5238
-0.856,-0.9125,,-0.5575,,,vocal / percussive / raw,vocal,-1.72848,-1.5773,132921507,-1.0362,-1.0051,,,,-1.2682,,,,
0.3817,,,,,-0.1306,minimal / percussive / warm,minimal,-0.30304,-0.44123,54953960,-0.1112,0.6948,,-0.0234,,,0.197,,,
,,,,,,deep / dark / driving,deep,0.53419,0.87156,7792899,1.6302,,,1.7665,1.9502,2.2499,,1.1035,,1.6717
-0.6485,,,,,-0.7435,minimal / dreamy / percussive,minimal,-1.17604,-0.76037,99899562,-0.4919,-0.2147,,,,,-0.7458,,,-0.8058
0.1333,,-0.7994,,-1.0537,,percussive / punchy / euphoric,percussive,-0.56141,-1.17669,44588669,,-1.1302,,,,,-1.0447,,-0.1317,
,,,,,1.5875,piano / minimal / dreamy,piano,-0.09294,0.43781,148480891,1.2792,1.4608,0.9183,,,,0.6094,,,0.5139
,-0.0949,,,,,minimal / dreamy / instrumental,minimal,-0.75625,-0.46973,87847427,0.0141,0.1707,-0.0395,,,,,-0.0512,,-0.2074
,,,,,,dark / deep / minimal,dark,-0.32101,-0.45718,261720315,,0.537,,,0.8095,0.6204,,0.2821,0.4452,0.4317
,-0.142,,,,-0.3163,dreamy / minimal / raw,dreamy,-1.40828,-0.92897,91459727,0.1197,0.0074,-0.3567,,,-0.2386,,,,
-0.8164,-1.1931,,,,-1.8933,percussive / raw / deep,percussive,-2.00767,-1.96346,156129656,-1.72,-1.7843,,,,-1.3594,,,,
,0.8913,,0.4668,,,instrumental / minimal / raw,instrumental,-0.62842,-0.46537,168350924,0.3924,0.9538,1.0683,,,0.6241,,,,
,1.5062,,,0.5628,0.7993,raw / driving / dark,raw,0.43896,0.03397,144408632,,,,1.195,0.8832,0.8051,,,,
,,,,,,minimal / deep / dreamy,minimal,-0.02553,0.21391,179056035,1.1111,1.5223,1.0832,,,1.1988,,0.7686,,0.9365
,,,,,,deep / atmospheric / instrumental,deep,-0.2748,-0.2658,1792244,0.6071,,0.6639,0.5376,0.5404,0.7777,,,,0.7103
0.4596,1.1098,,0.2557,,,raw / instrumental / percussive,raw,-0.34912,-0.0823,192962450,0.3448,0.1702,0.7305,,,,,,,
,1.6502,,,,,deep / raw / dark,deep,-0.02522,0.90413,231092370,1.0182,,1.0086,,1.3063,2.2677,0.9236,,,
0.2887,0.253,,,,,minimal / percussive / raw,minimal,-0.889,-0.37068,109947503,0.1215,0.5439,,,,0.0812,-0.2497,,,
,,,,,,minimal / deep / dreamy,minimal,-1.05019,-0.80775,224524792,-0.4208,-0.2908,,-0.5725,-0.4228,-0.412,-0.5471,,,
,,,,2.2799,,punchy / dark / intense,punchy,1.46618,1.15468,73130289,,,,1.6139,2.4788,1.8292,,1.893,2.8064,
,,,1.191,1.3122,,atmospheric / intense / dark,atmospheric,0.68658,0.73267,62105291,,,,1.1597,1.2333,,,1.0335,,1.4221
,1.898,,1.6402,,,dreamy / deep / raw,dreamy,0.39841,1.51371,130129782,2.0319,,,1.5858,,1.906,,,,1.8156
,0.7653,,0.679,,,deep / raw / vocal,deep,-0.52192,-0.10503,240942643,0.5053,,0.646,,,0.8079,,,,0.5343
,0.0829,,0.0164,,,dark / driving / raw,dark,-0.45768,-0.34994,183594582,0.0694,,,0.139,0.2147,-0.032,,,,
,0.5966,,0.7122,,0.4987,dreamy / instrumental / vocal,dreamy,-0.55707,-0.04456,73313630,1.2266,,1.1406,,,0.5588,,,,
1.6233,,1.3157,,1.7234,1.694,intense / piano / percussive,intense,1.39425,1.24192,13460303,1.2065,,,1.5751,,,,,,
,-0.045,,,,0.4451,dreamy / piano / minimal,dreamy,-1.38309,-0.0336,172527374,0.5801,0.2144,0.1846,,,,0.0462,,,
0.7752,0.3825,,0.3654,,,warm / percussive / dark,warm,0.28758,0.19294,175290299,,,,,0.5014,,0.8268,0.2034,,
-0.0997,,,0.0757,,,dreamy / vocal / driving,dreamy,-0.19131,-0.21378,137874068,0.1139,,-0.0555,0.0237,,-0.0841,,,,
,,,0.3254,,0.0327,vocal / piano / dreamy,vocal,-0.70098,-0.85349,180389381,-0.0793,,-0.3056,,,,,,-0.472,-0.2488
0.5207,0.6807,0.234,,,,driving / warm / raw,driving,0.60819,0.29248,50845125,,,,1.2955,,,0.8509,,0.5728,
0.7931,0.6262,-0.0519,0.8536,,,vocal / percussive / raw,vocal,-0.33229,-0.16603,126601377,-0.2235,,,,,,-0.2227,,,
,,1.8578,,1.7759,2.2675,piano / euphoric / warm,piano,1.09466,1.70982,50545917,,,1.7633,1.5704,,,1.7819,,,
1.9292,,2.2152,,1.2702,,euphoric / percussive / warm,euphoric,0.99501,1.22795,208178059,,,,,,,1.6078,1.4081,,0.9179
,,,,,-0.4046,punchy / deep / dark,punchy,-1.01254,-0.97038,13327220,,-0.6578,,,-0.344,-0.1496,-0.7095,,0.2246,
0.4506,,,,,,minimal / percussive / deep,minimal,-0.1841,-0.34548,235567059,,0.7242,-0.1686,,,0.3337,-0.0076,,0.225,
,,,,,,deep / minimal / dreamy,deep,-0.47629,-0.55545,52594495,0.0254,0.2322,,,,0.2881,,-0.0363,-0.0515,-0.0021
,,,,,-0.081,minimal / deep / dreamy,minimal,-0.68499,-0.49541,247691324,0.1337,0.4359,,,,0.1955,,-0.0809,,-0.036
0.5751,,,,,,minimal / deep / punchy,minimal,0.46036,0.28745,225013083,,1.0312,0.5566,,,0.8602,,,0.7808,0.5495
,,,,,,minimal / deep / atmospheric,minimal,-0.31703,-0.33415,153359410,0.0088,0.8792,-0.065,,,0.3576,,0.2156,,0.2215
1.9624,0.7507,1.082,,0.6949,0.9271,percussive / euphoric / piano,percussive,0.71965,0.53287,132671488,,,,,,,,,,0.7326
0.0453,,,,,,percussive / minimal / punchy,percussive,-1.05717,-1.54537,218323981,,-1.117,,,-1.2952,-1.305,,,-1.1831,-1.2993
0.5138,-0.0287,,-0.3746,,,percussive / raw / punchy,percussive,-0.28488,-0.77305,209199360,,,,,-0.568,-0.4391,,,-0.1714,
,,,,,1.1107,minimal / piano / deep,minimal,-0.56959,0.14743,250867270,0.8605,1.1276,0.9626,,,1.0227,,0.4329,,
,,,,,1.3524,instrumental / deep / piano,instrumental,0.13838,0.18828,156660423,,0.9919,1.7493,1.042,0.9578,1.7134,,,,
,,,0.0796,,,dreamy / instrumental / minimal,dreamy,-0.36907,-0.12116,255374851,0.5621,0.3055,0.4787,,,0.1529,,,,0.192
,,,1.7093,,1.1597,instrumental / minimal / vocal,instrumental,0.25136,0.57171,85487324,1.3699,2.1529,2.2522,,,,,,,1.2271
-0.2486,-0.3512,,,,,percussive / raw / dreamy,percussive,-0.95789,-1.06184,168965772,-0.608,-0.7745,,-0.7999,,,-0.8241,,,
,,,,,-0.26,deep / dreamy / piano,deep,-1.49005,-0.98204,77962434,0.1015,-0.4926,-0.4999,,,0.2221,,,,-0.3821
,,,,,2.138,piano / atmospheric / dreamy,piano,0.57716,1.23636,129902331,1.7983,1.5541,1.5372,,,1.5101,,,,2.1153
,0.9733,,,,0.8603,driving / instrumental / minimal,driving,0.56395,0.69456,167461806,0.8975,0.9992,1.4234,1.5902,,,,,,
,-0.3312,,,,-0.4539,deep / dark / raw,deep,-1.06363,-1.19812,252577790,,,-0.4684,,-0.2009,1.0266,,,-0.4657,
-0.5122,0.0471,,0.2215,,,vocal / raw / instrumental,vocal,-1.33203,-1.48747,121882720,-0.6738,-0.5813,-0.4877,,,,,,,
,,1.3002,,1.1916,,punchy / warm / dark,punchy,0.79685,0.77472,155944977,,,,,1.3325,,1.3366,1.1616,1.3432,
,1.2907,,,,,raw / deep / atmospheric,raw,0.13362,0.16109,241581841,0.8424,0.4767,0.625,,,1.2294,,,,0.9046
,,,,,,punchy / dark / driving,punchy,0.02295,-0.26922,66240399,,-0.1123,,0.1973,0.3007,,-0.0731,-0.0489,0.4889,
,,0.4483,,0.3422,,hypnotic / dark / deep,hypnotic,-0.00375,0.20878,170501388,,,,,0.5615,0.4628,,0.8842,,0.4001
-0.496,,,,-0.89,,punchy / percussive / deep,punchy,-0.7711,-1.18695,69380174,,,,,-0.9428,-0.73,,-0.822,-0.3129,
,0.7266,,0.9462,,1.0466,instrumental / dreamy / piano,instrumental,0.28603,0.58485,230968373,1.1999,,1.5021,0.932,,,,,,
,-1.1526,,,,,deep / minimal / punchy,deep,-1.49098,-1.55181,146081837,-1.1156,-0.8798,-1.1325,,,-0.8632,,,-0.9427,
,0.2678,,,,,minimal / warm / dreamy,minimal,-0.23331,0.17294,249363280,0.5274,0.9116,,0.2208,,,0.6819,0.1702,,
-0.1507,,-0.3917,,,,warm / minimal / percussive,warm,-0.67302,-0.21535,71912965,-0.673,-0.1261,,,,,0.4186,-0.2908,,
,,,,,-0.6245,punchy / minimal / deep,punchy,-0.64929,-1.12484,196166248,,-0.1642,,,-0.2821,-0.2015,,,0.0793,-0.591
,0.299,,,,0.1971,minimal / raw / instrumental,minimal,-0.12787,-0.08692,145627154,,0.565,0.224,,,,0.1629,,0.1532,
,,,,,,minimal / hypnotic / dreamy,minimal,0.03486,0.21995,199659557,0.7371,1.356,0.6524,,,,,0.8041,0.6509,0.6125
,,,,,,warm / punchy / hypnotic,warm,0.61813,0.74501,44596664,,0.725,,,0.9259,1.0902,1.346,1.173,1.3355,
,1.2909,,1.451,0.6859,0.9809,vocal / raw / instrumental,vocal,0.61724,0.31059,135936318,,,1.2444,1.0765,,,,,,
0.0906,0.7719,0.4457,,0.3598,,raw / warm / euphoric,raw,0.17932,0.33755,88961718,,,,0.3938,,,0.7102,,,
,,,,,,minimal / instrumental / punchy,minimal,-1.04278,-0.92157,149747862,-0.4834,0.5809,-0.2226,,,-0.3481,,-0.5071,-0.2462,
,,,,,0.5272,minimal / piano / dreamy,minimal,-1.13604,-0.89493,219233516,0.4844,0.774,0.4195,,,0.3918,,,,0.3712
,,,,,0.8241,dreamy / minimal / piano,dreamy,-0.74477,-0.08724,171913629,1.0134,0.951,0.4638,,,,,0.3875,,0.3282
-0.2402,-0.6156,,-0.6589,,,percussive / minimal / raw,percussive,-1.23288,-1.26842,164521948,-0.9001,-0.5287,-0.7047,,,,,,,
,,,,,-0.3914,minimal / piano / dreamy,minimal,-1.05006,-0.83401,4529810,-0.4102,-0.2596,-0.4446,-0.5383,,-0.5258,,,,
,,,,,0.995,deep / dark / punchy,deep,0.22811,0.58041,99232350,,,1.0437,,1.1842,1.629,,1.0763,1.1149,
1.6861,1.5934,1.4267,,,,warm / percussive / deep,warm,1.10356,1.22011,210516192,,1.4189,,,,1.634,1.7963,,,
,,1.6497,,1.5392,1.5521,instrumental / euphoric / piano,instrumental,0.73664,0.89044,169212912,,,1.85,,,1.3343,,,1.3412,
,,,,,-0.0638,deep / piano / dreamy,deep,-1.01039,-0.62137,167743038,-0.0727,-0.4098,-0.201,,,-0.0468,-0.5021,,,
,0.9721,,,,,minimal / instrumental / raw,minimal,0.13437,0.28703,91623108,0.8926,1.2956,1.1367,,,0.9094,,,,0.4807
,,0.9919,,,,instrumental / warm / minimal,instrumental,0.82716,1.06301,216312840,,1.4627,2.0017,1.2308,,1.0895,1.4875,,,
,1.8184,,,,1.1346,instrumental / raw / minimal,instrumental,-0.03747,0.17247,209461903,1.2272,1.6017,2.0134,,,1.1002,,,,
,,,,,,punchy / dreamy / warm,punchy,-0.59987,-0.49188,87265837,-0.3148,-0.4176,,,,,-0.3254,-0.4685,-0.0765,-0.3984
,,,,,0.8324,dreamy / piano / minimal,dreamy,-0.35304,0.43524,31111238,1.1733,0.7781,,,,,0.6884,0.3099,,0.1975
1.2356,,0.2402,,,0.1474,percussive / euphoric / warm,percussive,0.08722,0.0691,239180134,,-0.1054,-0.0148,,,,0.2135,,,
-0.4015,,-1.0106,,-1.0703,,punchy / percussive / warm,punchy,-0.72262,-1.09683,60148831,,,,,-0.9211,,-0.8194,,-0.3465,
1.3941,,0.2572,,,,percussive / deep / hypnotic,percussive,0.28116,0.35985,113736465,,0.5295,,,,0.6868,0.5741,0.6098,,
-0.4625,-0.1422,,,,,minimal / instrumental / raw,minimal,-0.72308,-1.05279,33837313,,0.0881,-0.0634,-0.4333,,,,,-0.4116,
2.2386,0.3316,1.0487,,-0.0239,,percussive / euphoric / warm,percussive,0.43769,-0.14592,226374450,,,,,,,0.4194,,0.1857,
0.9189,-0.5271,,,,,percussive / raw / punchy,percussive,-0.47761,-1.6223,5858019,,-1.2743,,-0.8692,-1.1739,,,,-0.5847,
0.0136,-2.0369,,,,,percussive / punchy / driving,percussive,-1.41172,-2.07632,244017013,,-1.9418,,-1.6942,,,-1.6977,,-1.4365,
0.9525,-0.1977,-0.158,,,-0.1077,percussive / minimal / driving,percussive,-0.09641,-0.25655,99950920,,-0.0347,,-0.0437,,,,,,
0.6199,0.3574,,,,,punchy / percussive / driving,punchy,0.54135,-0.09804,204608788,,,0.3958,0.5022,0.2634,,,,0.7909,
-0.2864,,-1.5288,,-1.4734,,percussive / minimal / punchy,percussive,-1.26477,-1.7774,79036653,-1.6154,-1.4486,,,,,,,-1.4531,
,-0.4204,,-0.5055,,,deep / raw / minimal,deep,-1.1841,-1.28555,34803773,-0.7003,-0.4557,-0.4716,,,-0.094,,,,
0.4563,-1.2434,-0.9417,,,,percussive / euphoric / deep,percussive,-1.08547,-1.5171,117729483,,-1.3429,,,,-1.0192,,,-1.1703,
0.109,0.1039,,,,,minimal / percussive / raw,minimal,-0.39509,-0.32998,181944557,,0.1444,-0.2031,-0.1313,,,-0.1172,,,
,-0.6413,,-0.6333,,,dark / punchy / vocal,dark,-0.72847,-0.84694,123402632,,,,-0.6733,-0.2083,,-0.6383,,-0.2564,
0.7395,-1.0815,-1.0786,,,-1.6097,percussive / warm / euphoric,percussive,-1.35689,-1.25642,149531927,,,,,,,-0.9081,,-1.7066,
0.9441,0.8354,,,0.8599,,percussive / intense / raw,percussive,0.73836,-0.05461,143131990,,,,0.8204,0.7897,0.3499,,,,
,,,,,,dark / dreamy / atmospheric,dark,0.27064,0.856,196604881,1.6263,,1.064,,1.6479,1.5402,,1.2934,,1.5964
,0.8321,,1.1638,,0.4427,vocal / raw / instrumental,vocal,-0.12018,-0.26689,235677447,0.0306,0.1978,0.5976,,,,,,,
-0.0817,-0.8739,,-0.2963,,,percussive / vocal / raw,percussive,-1.48062,-1.33598,237802344,-0.9361,-1.1351,-1.0192,,,,,,,
,,,,,0.0952,minimal / dreamy / instrumental,minimal,-1.10589,-0.47433,52570629,0.303,1.4225,0.1746,,,,-0.0506,-0.2485,,
,,,,,0.0435,dreamy / piano / deep,dreamy,-0.93682,-0.72297,259083677,0.3177,-0.3173,-0.2857,,,-0.2849,,,,-0.2873
,,,,,,minimal / driving / warm,minimal,-0.2454,-0.07059,204676741,0.019,0.4272,0.0604,0.3969,,,0.3586,,-0.1385,
-0.2631,-0.1638,,,,-0.0581,punchy / instrumental / piano,punchy,-0.22393,-0.55406,78079158,,,0.0225,,,-0.0908,,,0.1003,
-0.7696,,,,,0.2413,piano / punchy / minimal,piano,-1.34001,-1.67877,145552010,,-0.6606,-0.7788,,,,,-0.6838,-0.6205,
-0.2451,0.2132,,0.2737,,,vocal / raw / instrumental,vocal,-0.43979,-0.71153,132914037,-0.2971,,-0.1942,-0.2317,,,,,,
,,0.8273,,0.8681,1.0671,piano / instrumental / intense,piano,0.26148,0.47186,120454604,,,1.0049,,,0.7073,,,0.7584,
,1.6845,2.3263,,2.001,,euphoric / intense / hypnotic,euphoric,1.6322,1.43401,129827143,,,,1.6988,,,,1.87,,1.7109
0.1425,-0.3602,,0.3376,-0.5694,,vocal / percussive / raw,vocal,-0.49219,-0.78786,49716051,,,-0.4927,,-0.3606,,,,,
0.3756,,,-1.0857,-1.1145,,percussive / driving / dreamy,percussive,-0.69603,-1.25766,219983493,-1.0211,,,-0.9207,,,,,-1.1245,
,0.4596,,,,,instrumental / raw / driving,instrumental,-0.03094,0.06086,60242464,0.3703,,0.6615,0.4479,,0.3208,,,0.2474,
0.654,0.5699,,,0.5411,,punchy / percussive / raw,punchy,0.75236,-0.52211,41959087,,,,0.4968,0.4737,,,,1.3175,
0.0234,,-0.4599,,-0.3662,,punchy / percussive / intense,punchy,-0.15185,-0.85902,248159069,,,,,-0.6531,-0.5022,,,0.6231,
1.5182,0.3719,-0.2316,,0.0714,,percussive / raw / intense,percussive,0.20144,-0.98455,58913471,,,,,-0.2548,,,,-0.0065,
,-0.2202,,-0.429,,-0.4527,punchy / raw / deep,punchy,-0.43765,-1.28429,52364873,,,,,-0.3261,-0.2781,,,0.6714,
-1.0551,-1.1327,,,-1.1445,-0.7158,punchy / deep / piano,punchy,-0.87436,-1.4488,210655624,,,,,,-0.4516,,,-0.0301,
,,,,,1.0408,dreamy / minimal / instrumental,dreamy,0.25469,0.58149,80149148,1.3579,1.3336,1.127,0.8807,,,0.8779,,,
,,,1.2417,,,instrumental / driving / dreamy,instrumental,0.40344,0.45353,134042468,1.3041,1.1471,1.5239,1.3582,,,,,,0.9829
1.0517,-1.4221,,-0.8408,,-1.2747,percussive / vocal / dreamy,percussive,-0.91982,-1.59113,194905317,-1.2429,,-1.3382,,,,,,,
0.1689,-0.6449,,,,,deep / percussive / dark,deep,-0.49549,-0.7908,193705336,,,,,-0.2224,0.1987,-0.6825,,-0.5117,
,1.6835,,1.1388,,,raw / minimal / instrumental,raw,0.0751,0.60407,127194978,1.222,1.4003,1.3082,,,0.7676,,,,
0.0539,-0.4672,-0.8163,-0.1578,,,percussive / vocal / raw,percussive,-0.97816,-1.01577,267500133,,-0.9004,-0.9718,,,,,,,
,,,,,-0.4986,punchy / deep / driving,punchy,-0.54486,-1.05172,131356543,-0.4928,,-0.4037,-0.2478,,-0.1463,,,-0.0916,
1.7747,-0.1013,-0.1403,,-0.3825,,percussive / punchy / raw,percussive,0.08181,-1.06175,184041369,,,,,,-0.7472,,,-0.0954,
,0.9833,,,,,raw / dark / driving,raw,0.05523,-0.21052,222076330,,0.4903,0.5124,0.646,0.7547,0.4955,,,,
,,,-0.389,,,minimal / dreamy / instrumental,minimal,-1.21444,-1.04696,9710958,-0.3588,-0.2631,-0.3666,-0.8015,-0.7472,,,,,
1.1568,,0.4991,,,,percussive / dark / warm,percussive,0.56096,0.28598,243029119,,,,0.4246,0.7245,0.4672,0.6838,,,
,,,,0.2334,,dark / deep / punchy,dark,0.03422,-0.2747,168760108,,,0.2784,,0.7473,0.6341,,0.43,0.6227,
,,1.6251,,1.9401,,intense / punchy / euphoric,intense,1.19449,0.91969,215455247,,,,,1.3975,,1.1423,1.5952,1.8531,
,,,,,0.6177,minimal / punchy / hypnotic,minimal,0.04417,-0.00597,18209768,,1.3141,0.453,,,0.3753,,0.7222,0.9669,
1.6046,,,,0.4459,,percussive / dreamy / minimal,percussive,0.58012,0.29287,6817601,0.8107,0.6031,,,,,,,0.2958,0.5736
,,0.9429,,1.3552,1.2837,intense / piano / punchy,intense,0.82363,0.38462,190242280,,,,,,0.7872,,0.7703,1.1519,
1.1351,,0.2141,,,,percussive / warm / minimal,percussive,0.05584,0.40587,255385153,0.2696,0.3746,,,,,0.7339,0.2504,,
,,1.3478,,1.471,,punchy / intense / hypnotic,punchy,0.95631,0.88941,122151831,,,,,1.3658,,,1.4623,1.736,1.2427
,0.7235,,1.8417,0.7446,,vocal / instrumental / atmospheric,vocal,0.27356,-0.06671,148398258,0.5243,,0.8352,,,,,,,0.8162
,1.2836,,,,,driving / deep / warm,driving,0.93653,1.0211,237670724,,,,1.5601,1.2938,1.4993,1.318,,1.2464,
1.0501,0.202,0.255,-0.1054,0.1055,,percussive / euphoric / raw,percussive,0.01178,-0.62465,169233324,,,,,,,,,-0.244,
,,,,,1.8502,hypnotic / atmospheric / piano,hypnotic,1.01013,1.24595,100754841,,,,,1.6214,1.6074,,1.9458,1.6078,1.908
0.5182,,-0.1858,-0.2518,,0.2457,percussive / piano / dreamy,percussive,-0.50919,-0.15496,61999006,0.1402,,,,,,,0.0329,,
,,1.3362,,1.4419,,driving / intense / euphoric,driving,1.21303,0.89804,64382634,,,,1.5036,1.1617,,1.2314,,0.9565,
0.3855,,-0.3667,-0.571,-0.5584,,percussive / euphoric / punchy,percussive,-0.38464,-0.90198,180470489,,,,,-0.4953,,,,-0.3781,
,0.9786,,,,,instrumental / minimal / driving,instrumental,0.10756,0.08735,41526978,0.9136,1.1252,1.3119,1.1105,,0.8038,,,,
,,,,,,deep / dreamy / minimal,deep,-0.92348,-0.57782,189455857,0.3338,0.2641,-0.0334,,0.1327,1.2691,,,,0.0033
,,,,,,deep / dark / minimal,deep,-1.2591,-1.4954,224005820,-0.8097,-0.4978,,,-0.4401,0.117,,,-0.8549,-0.6852
,,,,,,deep / dreamy / minimal,deep,-1.12401,-0.42169,222139213,0.3814,0.1608,0.011,,-0.3506,0.6134,,,,0.0787
0.5655,-0.2517,,,,,deep / punchy / percussive,deep,0.09808,-0.55879,98717516,,,,,0.4407,0.9903,-0.1601,,0.7453,
0.1722,,,,,,percussive / minimal / deep,percussive,-0.50151,-0.91778,90664925,,-0.1658,-0.4542,,-0.5505,-0.2555,,,-0.3415,
,,,,,,minimal / punchy / instrumental,minimal,-0.75351,-0.45422,247283995,-0.3046,0.1875,-0.1534,-0.3632,,,-0.2921,,-0.1365,
1.9773,1.5927,1.3897,,,,percussive / warm / driving,percussive,1.33803,1.18218,57446672,,,,1.6923,1.0667,,1.8165,,,
,,,0.5011,,1.2957,minimal / instrumental / piano,minimal,-0.00615,0.17011,247588761,1.1652,2.043,1.655,,,,,,,0.5545
,,,,2.0063,2.1348,punchy / piano / intense,punchy,1.49887,0.77145,11251759,,1.5235,1.9912,,,1.6811,,,2.1713,
,,,,,2.5484,piano / instrumental / deep,piano,0.75452,0.82482,247664535,1.7371,1.8926,2.3614,,,1.943,,,,1.7261
0.6854,-0.0368,-0.4477,0.4163,-0.3623,,percussive / vocal / raw,percussive,-0.13268,-0.83679,67889768,,,,,,,,,-0.3483,
,,,0.4225,,0.7479,minimal / instrumental / dreamy,minimal,-0.103,0.32098,35621568,0.9657,1.3592,1.0701,,,,,0.5052,,
0.7505,-0.9005,,0.0639,,,percussive / vocal / minimal,percussive,-1.07685,-1.12472,184227069,,-0.755,-0.9253,,,-0.7801,,,,
1.0321,0.5727,0.7936,-0.0693,0.1953,,percussive / euphoric / raw,percussive,0.26144,-0.23915,121872055,,,,,,,,,0.0876,
0.4236,-0.3613,,-0.5842,,-1.0211,percussive / raw / vocal,percussive,-0.85112,-1.16301,83663320,-0.9557,,-0.8134,,,,,,,
,-0.2333,,0.3004,,,vocal / dreamy / minimal,vocal,-0.71676,-0.49616,173689407,0.12,-0.1757,-0.2705,,,,,,,-0.3457
1.8155,,1.0211,,,1.9069,piano / percussive / euphoric,piano,0.94471,0.9041,70596632,0.86,0.8655,0.8996,,,,,,,
1.611,,1.5196,,,,percussive / euphoric / deep,percussive,0.28654,0.98611,11259719,,,0.7653,,,1.3594,1.0698,1.3282,,
1.243,,-0.8809,-0.7511,-1.0538,-1.0799,percussive / vocal / euphoric,percussive,-0.59243,-1.07876,225534254,-1.0367,,,,,,,,,
1.0299,,-0.1757,,0.0473,,percussive / minimal / punchy,percussive,0.23755,-0.28347,155521399,,0.1194,,,,,-0.1817,,0.0613,
,0.2575,,0.7145,,,vocal / instrumental / punchy,vocal,-0.17902,0.04315,128666806,0.307,0.2524,0.6284,,,,,,0.314,
,,1.0086,1.0489,1.092,,intense / punchy / vocal,intense,0.66649,0.53395,170868908,,,,,1.0073,,,0.8501,1.0591,
0.9214,-0.4837,-0.369,,-0.5024,,percussive / punchy / euphoric,percussive,-0.07263,-0.80235,31671010,,,,-0.4748,,,,,-0.2347,
,,0.8712,,0.5597,,hypnotic / euphoric / dark,hypnotic,0.35304,0.11352,74367269,,,,,0.7673,,0.5766,0.8761,0.6385,
,,,0.577,,1.036,minimal / dreamy / piano,minimal,-0.48955,0.21502,69815651,1.1244,1.5932,0.9253,,,,,,,0.569
0.2795,,0.8001,,0.4659,,hypnotic / euphoric / punchy,hypnotic,0.20649,-0.23814,36973133,,,,,0.6017,,,0.8613,0.7275,
1.4272,,,,-0.5735,,percussive / punchy / intense,percussive,-0.18181,-1.04389,139125286,,-0.7649,,,,,,-0.7323,-0.1181,-0.6862
,,,,-0.3712,-0.0328,punchy / deep / dark,punchy,-0.38282,-1.25143,45936553,,,,,0.0598,0.3785,,-0.4159,1.5034,
-0.6556,,,,,-1.0575,minimal / warm / percussive,minimal,-1.51381,-1.05138,78586013,-0.9454,-0.538,-1.132,,,,-0.5885,,,
0.1522,,-1.0545,,,,percussive / punchy / euphoric,percussive,-0.94586,-1.23357,44241087,-1.3954,,,,-1.3008,,-1.2508,,-0.7695,
-0.2425,,,,,,dark / deep / punchy,dark,-0.30604,-0.7487,196214560,,,,,0.3758,0.3168,,-0.1901,-0.1327,-0.1424
,,,,,-1.143,deep / minimal / dark,deep,-1.98404,-1.74109,188169006,,-1.0547,,,-1.0611,-0.3293,,,-1.189,-1.1695
,,,,,,dreamy / driving / atmospheric,dreamy,-0.0316,-0.00235,156971140,0.623,,0.1217,0.4954,0.2103,0.2805,,,,0.399
-1.5088,,,,,-2.822,percussive / deep / dreamy,percussive,-2.83886,-3.23407,183644879,-2.5821,,,,,-2.2416,,-2.6634,,-2.8267
,,1.3753,,,1.6307,hypnotic / piano / deep,hypnotic,0.57433,1.20516,203331560,,,,,,1.4296,1.3328,1.8611,,1.3495
0.3445,,,,-0.8176,,percussive / punchy / warm,percussive,-0.42979,-1.05134,12814215,,,,,,-0.811,-0.5824,-0.8176,0.2327,
-0.6801,,,,,-0.4885,minimal / piano / dreamy,minimal,-1.34959,-1.09594,262095149,-0.5034,0.247,-0.7409,,,,-0.6824,,,
0.003,,,,-0.5265,,punchy / percussive / warm,punchy,-0.27383,-0.7636,244389238,,,,,-0.253,-0.6156,-0.0921,,0.1127,
,,,,,-0.2718,minimal / dreamy / piano,minimal,-1.21423,-0.78214,68232411,-0.1825,0.329,,,,-0.333,,-0.4464,,-0.4544
-0.512,,,0.2333,,,minimal / vocal / instrumental,minimal,-1.06186,-1.34698,266263596,-0.547,0.3119,-0.4612,,,,,,,-0.59
,,,-0.1091,,0.0748,minimal / dreamy / instrumental,minimal,-0.90716,-0.5729,197823218,0.1968,0.7969,0.136,,,,,-0.0863,,
,,,,-0.0952,,punchy / dark / deep,punchy,-0.18116,-0.62124,47757839,,,,,0.1091,-0.0247,,-0.2729,0.5286,-0.0402
,,,,-0.4254,,deep / dark / punchy,deep,-0.50738,-0.76299,36611382,,,,,0.1827,0.3029,,-0.2222,0.0639,-0.4758
,,,,1.0424,,punchy / driving / intense,punchy,1.22756,0.77697,175467328,,,,1.3467,0.9883,0.9885,0.9002,,1.7156,
0.337,0.6796,-0.0779,,,,raw / percussive / instrumental,raw,-0.10104,-0.29074,259473761,,,0.1782,-0.1185,,-0.0187,,,,
,1.7737,,1.2949,,,raw / vocal / instrumental,raw,-0.03419,0.43033,219764199,0.5938,0.6579,0.8825,0.7501,,,,,,
0.5294,1.3823,,0.9232,0.6047,,raw / vocal / intense,raw,0.29219,-0.49508,254419456,,,0.5198,,,,,,0.2508,
2.0559,,2.255,,2.5487,,intense / euphoric / percussive,intense,2.02109,1.61217,201952650,,,,1.7981,1.8661,,,,,1.7931
,1.0301,,2.217,,,vocal / instrumental / dreamy,vocal,0.14378,0.33991,2936368,1.3233,1.1168,1.7216,,1.0699,,,,,
,,,,,1.7218,minimal / instrumental / piano,minimal,0.16045,0.51753,142155472,1.6632,1.9698,1.9288,,,1.4077,,1.3715,,
,1.4807,,1.0107,,1.3196,raw / piano / instrumental,raw,-0.07864,0.64059,47198946,1.0158,1.2182,1.2574,,,,,,,
0.5807,-0.1274,-0.2411,,,-0.1782,percussive / punchy / raw,percussive,-0.01006,-0.72061,98660266,,,,-0.1889,,,,,-0.0208,
0.3122,0.3894,-0.3425,,,,raw / driving / percussive,raw,-0.12316,-0.1871,228057327,,,,0.322,0.0049,,0.2982,,,
,0.8244,0.3419,1.359,,,vocal / raw / driving,vocal,0.11199,0.14838,139197504,,,,0.6181,0.5073,,0.338,,,
0.4759,-0.3471,-0.1193,0.8381,-0.2765,,vocal / percussive / euphoric,vocal,-0.28818,-0.66453,246652704,,,-0.1785,,,,,,,
0.9406,-1.0712,-0.9791,,,,percussive / punchy / dark,percussive,-0.58408,-1.38148,259919659,,,,-1.1917,-0.7885,,,,-0.7008,
-0.7634,-1.4047,,,,,percussive / raw / punchy,percussive,-1.74259,-2.12492,101216695,,,,-1.918,,-1.9509,-2.052,,-1.7296,
0.4855,-0.8194,-0.6342,-0.1685,,,percussive / vocal / euphoric,percussive,-1.24489,-0.97981,229660550,-0.7975,,,,,,,,,-1.1317
0.1647,-0.5601,,,,,percussive / dark / punchy,percussive,-0.45564,-0.94777,186872979,,,,-0.7424,-0.1782,-0.5077,,,-0.2867,
0.4475,,0.4339,0.3495,0.8285,0.2312,punchy / intense / percussive,punchy,0.56443,0.02641,251750051,,,,,,,,,0.8504,
1.3971,,0.0668,,0.0242,-0.4305,percussive / punchy / euphoric,percussive,0.33064,-0.52191,89774878,,,,,,,-0.5272,,0.5695,
1.6666,0.7007,0.5811,0.286,0.0746,,percussive / raw / euphoric,percussive,0.26438,0.01189,61057758,,,,,,,0.1377,,,
0.9653,1.175,0.1507,-0.3397,-0.15,,raw / percussive / euphoric,raw,-0.45746,-1.48135,208370439,,,,,0.0098,,,,,
0.3119,-1.2787,-1.7468,-1.5961,,,percussive / raw / warm,percussive,-1.43579,-1.60734,165143324,-1.75,,,,,,-1.3252,,,
,-0.947,,,,-0.7906,punchy / deep / piano,punchy,-0.76379,-1.3078,206398387,,,,-0.9629,-0.8929,-0.6641,,,0.003,
0.2785,,-0.0485,,-0.0268,-0.0443,punchy / percussive / warm,punchy,0.075,-0.21436,131780706,,,,,,,0.1135,,0.3766,
,1.0405,0.5718,0.876,0.7477,0.5731,raw / vocal / driving,raw,0.50827,0.29842,141958374,,,,0.7881,,,,,,
1.1591,-0.6061,-0.8011,-0.3198,,,percussive / vocal / raw,percussive,-0.60081,-0.76374,7297707,-0.6915,,,,,,-0.7986,,,
-0.1144,0.5143,,0.7632,,,vocal / raw / dreamy,vocal,-0.62343,-0.20213,235787032,0.0583,,-0.0379,-0.165,,,,,,
,-0.0728,,0.0812,,,vocal / raw / deep,vocal,-0.97522,-0.78527,73693198,-0.3122,-0.4704,-0.341,,,-0.225,,,,
-0.1289,,-1.4451,-1.4687,,-0.9667,percussive / punchy / piano,percussive,-1.15605,-1.92364,149767186,,,,,-1.4382,,,,-0.6399,
,-1.0014,,-0.5682,,,vocal / raw / punchy,vocal,-1.59409,-1.94478,216118384,-1.4302,-1.4193,-1.4489,,,,,,-1.3447,
,0.4062,,0.2453,,,raw / vocal / dark,raw,-0.38736,-0.37108,170494829,,,,,-0.08,-0.2005,,-0.2715,-0.1454,
0.871,0.1086,-0.9368,,,,percussive / raw / punchy,percussive,-0.20274,-1.11317,107642056,,,,-0.693,,,-0.7785,,-0.0468,
,-0.2221,,-0.2627,,,punchy / dark / deep,punchy,-0.58478,-0.64118,190384185,,,,,0.0432,0.0337,,-0.093,0.2622,
0.7238,-0.9539,-0.6379,-1.2743,,,percussive / euphoric / raw,percussive,-1.41074,-1.36765,110543650,,,,,-1.9201,,-1.3561,,,
-0.1606,-0.3841,,-0.7511,,-0.998,percussive / raw / driving,percussive,-0.606,-1.12845,24695015,,,,-0.559,,,,,-0.6193,
0.9553,,,,0.5497,0.5536,punchy / percussive / dark,punchy,1.00959,-0.00061,18304234,,,,0.7492,0.9046,,,,1.7842,
2.1305,-0.4948,-0.3123,-0.9247,-0.5644,,percussive / euphoric / raw,percussive,-0.02613,-0.88306,92919390,,,,,,,,,-0.6835,
1.5983,,0.2219,,0.1701,,percussive / punchy / warm,percussive,0.67429,-0.05625,83730212,,,,0.032,,,0.5269,,0.8967,
0.3521,,,,-0.1252,,punchy / dark / percussive,punchy,0.24298,-0.703,115669268,,,,-0.1838,0.5719,0.0176,,,0.9288,
,,,,,-0.0211,minimal / piano / dreamy,minimal,-0.99817,-0.78269,55811224,-0.0445,0.0753,-0.2209,,,-0.156,,,,-0.2774
0.0535,-0.7016,,,-0.8692,,percussive / punchy / raw,percussive,-0.60067,-1.39286,27352800,,-0.7962,,,-0.781,,,,-0.4183,
,0.2243,,0.8521,,,vocal / raw / dreamy,vocal,-1.37854,-0.51961,161700808,0.0874,-0.6134,-0.5759,,,,-0.5283,,,
,0.8064,,1.5048,,0.9823,vocal / instrumental / piano,vocal,-0.0102,0.56208,111584424,0.8002,,1.1123,,,,0.7792,,,
,,,,,1.6904,minimal / dreamy / piano,minimal,0.40883,1.1904,170913441,1.8601,2.031,,,,,1.5756,1.4048,,1.5628
,,,,,1.9152,punchy / piano / dreamy,punchy,1.08306,1.23535,106428599,1.9101,1.7729,,,,1.7524,,,2.0624,1.9022
,,,2.7758,,2.3815,instrumental / vocal / minimal,instrumental,0.51392,0.95643,262278415,2.5612,2.6149,2.8583,,,,,,,2.2393
,1.6174,,,1.5648,,dark / driving / raw,dark,1.13583,1.06076,231110406,,,,1.8387,2.0678,1.6081,,,,1.4493
,-0.3299,,,-0.9435,-0.4415,deep / punchy / dark,deep,-0.81659,-1.367,155743418,,,,,-0.3243,0.4365,,,0.0089,
,1.3785,0.5668,1.2963,,,raw / vocal / warm,raw,0.26873,0.61604,1812860,,,,0.6189,0.5395,,1.1247,,,
0.3123,0.63,,1.5118,,0.2662,vocal / raw / percussive,vocal,-0.18194,-0.25577,237042313,0.2236,,0.1758,,,,,,,
1.7227,0.0523,-0.7876,0.2922,-0.8803,,percussive / vocal / raw,percussive,-0.62225,-1.19661,259652324,,,-1.0017,,,,,,,
0.4822,,0.0051,-0.4053,-0.2044,,percussive / euphoric / intense,percussive,-0.69435,-0.70809,147787694,,,,,,-0.4106,,,,-0.3501
,,0.9066,,1.6734,,punchy / intense / driving,punchy,1.28752,0.50282,197440526,,,,1.0899,0.9705,,,,1.7263,0.6928
,,,,,0.4998,minimal / instrumental / deep,minimal,-0.30073,0.08258,145484915,0.8483,1.6996,1.039,,,0.8523,,0.506,,
,,,,,-0.0897,deep / dreamy / piano,deep,-1.63966,-1.22216,25812244,-0.0145,-0.616,-0.514,,,0.2254,,-0.9067,,
0.7534,,-0.0226,,-0.1944,,percussive / warm / punchy,percussive,0.10478,-0.05364,231546200,,-0.0736,,,,,0.3181,,0.1956,
-0.3965,-1.0182,-1.1818,-0.4032,,,percussive / vocal / raw,percussive,-1.28399,-1.35119,262682278,,,-1.0929,-1.2933,,,,,,
0.9723,,-0.1952,-0.5266,-0.1529,,percussive / punchy / intense,percussive,0.05547,-0.77034,93124534,,,,,-0.6639,,,,0.2127,
,0.6664,,1.0741,,0.2181,vocal / raw / piano,vocal,-0.4621,-0.24596,205778345,0.0471,,,,0.2015,0.1151,,,,
1.0878,,1.3803,,1.3422,,euphoric / intense / percussive,euphoric,0.94631,0.32914,15164022,,,,0.4369,0.8747,,,,0.9183,
,,,,0.0458,0.7382,punchy / piano / hypnotic,punchy,0.26651,-0.68485,155041005,,-0.0423,,,-0.0994,,,0.0811,1.9062,
0.8201,,1.2967,,1.2758,,euphoric / intense / percussive,euphoric,0.73944,0.03839,172553298,,,,,0.6886,,,0.3295,0.7408,
0.3567,,0.1134,,0.2714,,warm / percussive / dreamy,warm,0.22742,0.2916,207166869,0.3122,,,0.2701,,,0.4492,,,
0.5988,,,,0.4969,,punchy / percussive / intense,punchy,0.48946,-0.33722,157388086,,0.2934,,,0.2959,,,,0.9077,0.2726
,,0.824,,0.7992,,punchy / hypnotic / euphoric,punchy,0.6772,0.34327,36541792,,0.735,,,0.7482,,,1.2209,1.2762,
0.9514,1.6519,,0.9848,,,raw / vocal / percussive,raw,0.6138,0.11713,21559883,,0.9011,,0.9168,0.7965,,,,,
,0.3505,,0.4792,,,vocal / raw / minimal,vocal,-0.46536,-0.45105,258318563,-0.2078,-0.0442,-0.068,,,,,,-0.1631,
0.4276,0.4898,,,,,dark / raw / percussive,dark,0.01986,-0.95322,137510286,,,,-0.1729,0.8285,0.2652,,,0.0937,
,,,,,0.6677,punchy / minimal / driving,punchy,0.40234,-0.03066,45449741,,0.9465,0.7156,0.729,0.532,,,,1.0282,
,0.993,,1.1668,,,vocal / raw / instrumental,vocal,-0.19763,-0.4257,47135549,,,0.9713,0.7165,0.6299,0.3878,,,,
,1.5002,1.1567,,,,warm / raw / driving,warm,0.96825,1.14223,241771396,,,,1.4984,1.3369,,2.1538,,1.0159,
0.115,0.3926,0.2347,0.1439,,,raw / dark / euphoric,raw,-0.26103,-0.5297,233427107,,,,,0.3376,-0.1004,,,,
0.6443,0.8736,,0.1729,-0.2931,,raw / percussive / vocal,raw,-0.00192,-0.39575,194369499,,,,0.0577,0.0703,,,,,
,,,,,2.4757,dreamy / piano / atmospheric,dreamy,0.37989,1.73058,158101453,2.8376,1.7133,1.8563,,,1.8121,,,,2.2025
,2.5479,2.1108,2.3944,,1.9456,raw / vocal / euphoric,raw,0.90932,2.02417,171628908,2.0507,,,,,,,,,2.0103
,,,,2.7668,2.7405,atmospheric / intense / piano,atmospheric,1.76015,2.29089,202895722,2.7215,,,2.7005,2.6431,,,,,3.0265
,,,,,2.1497,dreamy / piano / minimal,dreamy,0.13806,1.27849,39752987,2.3304,2.1365,2.0197,,,1.9879,,,,1.957
2.7305,,1.5707,1.3651,,1.9672,percussive / piano / euphoric,percussive,0.54053,1.17779,125174182,1.3963,,,,,,,,,1.2327
-0.0726,-1.3134,,-1.1243,,,percussive / minimal / vocal,percussive,-1.28916,-1.6475,56559734,-1.3966,-1.0097,,,,-1.2271,,,,
1.8715,0.673,1.0228,,,,percussive / euphoric / dreamy,percussive,-0.00826,0.93322,241571934,0.9324,,,,,,0.8445,0.5482,,
0.9295,1.5784,0.5141,1.2717,,,raw / vocal / percussive,raw,-0.21406,0.20212,93900503,0.1356,,0.1647,,,,,,,
-0.3015,0.7033,,0.0838,,,raw / vocal / percussive,raw,-1.31532,-1.18505,126747446,-0.6549,,-0.6003,,,-0.8474,,,,
,1.015,,0.7081,,,raw / vocal / instrumental,raw,-0.12235,-0.35453,228641856,0.2182,0.544,0.6517,,,0.2098,,,,
0.0202,0.2219,-0.9359,0.7626,,-0.655,vocal / raw / percussive,vocal,-1.29278,-1.39165,265765460,,,-0.7389,,,,,,,
-0.3418,0.561,,0.9477,,-0.0997,vocal / raw / dreamy,vocal,-0.8559,-0.59856,179254354,0.0278,,-0.3027,,,,,,,
0.0506,1.1392,,0.391,,,raw / driving / vocal,raw,0.04994,-0.45359,157082047,,,0.3214,0.8706,0.0728,,,,,
0.2821,-0.0242,,-0.8883,,-0.7525,percussive / raw / driving,percussive,-0.75148,-0.98873,137884761,-0.9131,,,-0.4792,,,,,,
,0.4252,,0.4347,,-0.1892,vocal / raw / dreamy,vocal,-1.09298,-0.72844,197505842,0.3612,0.3326,0.1504,,,,,,,
0.8872,0.1202,,0.377,,,percussive / vocal / raw,percussive,-0.7441,-0.80717,18110568,-0.4228,,-0.4942,-0.4229,,,,,,
,0.4135,,0.2396,,,raw / instrumental / deep,raw,-0.81346,-0.79432,219037915,0.0115,,0.3497,-0.1794,,0.2833,,,,
,0.2545,,,,,raw / deep / dark,raw,-0.77407,-1.15723,213598650,,,-0.408,-0.3828,-0.1606,0.1026,,,-0.4359,
-0.1257,-0.139,,,,,deep / percussive / raw,deep,-0.61974,-0.86729,214486801,,,,,-0.5776,-0.0546,-0.4995,,-0.2046,
1.3724,0.1187,0.0729,-0.0818,,,percussive / raw / euphoric,percussive,-0.49804,-0.4082,123903965,,,-0.5112,,,,-0.5333,,,
,1.2805,,1.6432,0.726,,vocal / raw / instrumental,vocal,0.49501,0.29884,20956722,,,1.1433,0.9688,,,,,0.5723,
1.4411,,,,-0.0293,,percussive / warm / punchy,percussive,0.39654,0.04963,151664160,,0.4608,,,,,0.6398,0.1745,0.4761,
,,,,,0.8711,minimal / piano / warm,minimal,-0.53993,0.29121,74262458,0.398,1.1235,,,,,0.8508,0.6623,,0.2216
0.0482,,,,,0.0523,minimal / hypnotic / piano,minimal,-0.4773,-0.24572,210787670,,0.4661,,,,,-0.0913,0.2341,,-0.0813
,,,1.5283,1.0941,1.9063,piano / instrumental / vocal,piano,0.72991,0.51165,81127844,1.0244,,1.5934,,,,,,,1.1505
,0.3195,,0.3225,,,punchy / dark / vocal,punchy,0.06698,-0.71116,153039173,,,,0.2217,0.5869,0.1779,,,0.911,
1.488,-0.8272,-0.7967,,,,percussive / punchy / warm,percussive,-0.16776,-1.05246,240502590,,,,-0.8291,,,-0.4255,,-0.3307,
,,,1.3626,,,deep / dreamy / atmospheric,deep,0.19003,0.7901,83706699,1.6453,,,,1.4046,1.7069,,1.2297,,1.5815
0.0472,0.1403,,,,,driving / raw / percussive,driving,-0.60253,-0.81748,173863647,,,,0.1609,-0.6468,-0.4865,-0.727,,,
,1.7644,,1.6611,0.84,0.9325,raw / vocal / instrumental,raw,0.7132,0.22449,141679416,,,1.5748,1.1335,,,,,,
,,,,,0.3116,minimal / dreamy / atmospheric,minimal,-0.32418,0.01024,142704538,0.8767,1.1435,0.2899,,,,,0.244,,0.3977
,,,,,1.7258,minimal / instrumental / piano,minimal,0.00511,0.56387,180558020,1.1818,1.8942,1.7506,,,0.8483,,,1.0622,
1.0152,,0.5131,,-0.1901,,percussive / euphoric / punchy,percussive,0.19505,-0.16222,70190300,,,,-0.2726,,,0.0718,,0.2277,
0.7454,0.6524,0.1342,-0.3931,,,percussive / raw / warm,percussive,-0.35274,-0.03192,166690107,,,,-0.2253,,,0.6378,,,
1.2313,0.3472,0.299,,,,percussive / warm / raw,percussive,-0.08346,0.11212,88020108,,-0.3734,,-0.0925,,,0.7155,,,
1.6562,1.2631,2.0556,,1.8064,,euphoric / intense / percussive,euphoric,1.24422,1.06598,133339405,,,,,1.2377,,1.3431,,,
-0.4255,,-0.445,,,,warm / instrumental / percussive,warm,-0.65623,-0.67383,5038562,,,-0.3739,-0.4995,,-0.6035,-0.3732,,,
0.0768,-0.978,-1.1849,-0.4847,,,percussive / vocal / warm,percussive,-0.94551,-1.07196,652092,,,,-0.8484,,,-0.7619,,,
0.0116,0.095,0.953,,-0.0621,,euphoric / warm / raw,euphoric,-0.11117,0.13189,162586278,,,,,,,0.1644,,0.0072,
,0.0199,-0.1322,,,-0.3443,raw / euphoric / minimal,raw,-0.853,-0.48322,251024658,,-0.2278,-0.3212,,,-0.2907,,,,
1.531,,,,,-0.4113,percussive / punchy / warm,percussive,0.14815,-0.5949,212289717,,-0.1893,,-0.1586,,,0.2402,,0.2931,
,0.7072,,,,,minimal / instrumental / deep,minimal,-0.44073,0.44258,50823741,0.761,1.2421,1.1014,,,0.7937,0.6592,,,
0.8846,0.941,0.2408,0.394,-0.1678,,raw / percussive / vocal,raw,-0.18469,-0.11582,189806112,,,,,,,-0.1063,,,
0.3589,0.3283,0.3668,0.2575,,,warm / euphoric / percussive,warm,-0.18125,0.20139,166235974,,,0.0206,,,,0.4678,,,
0.8948,1.2696,0.365,1.0853,0.4228,,raw / vocal / percussive,raw,0.51223,0.09105,9517515,,,,0.6478,,,,,,
-0.3277,-0.1995,-0.6445,,,-0.4664,punchy / raw / percussive,punchy,-0.28097,-0.91037,110289649,,,,,,-0.6591,,,0.6151,
,,,,,1.8647,minimal / piano / instrumental,minimal,0.51562,0.96257,139949465,1.4312,2.1345,1.7797,,,1.3521,,,,1.2796
,0.7371,,0.355,,,raw / instrumental / driving,raw,-0.19849,0.10619,59154936,,0.3737,0.6787,0.3859,,,0.3785,,,
,,,0.34,0.619,,driving / instrumental / intense,driving,0.51473,0.16181,113474629,0.2622,,0.7533,1.1353,,,,,0.6145,
,1.0838,,1.2408,,,vocal / instrumental / raw,vocal,0.30886,0.50767,104028259,,0.9686,1.2144,,,0.8988,,0.9177,,
,,,0.7548,,0.6766,warm / minimal / dark,warm,0.25346,0.55908,115704019,,0.858,,0.7079,0.7836,,0.9017,,,
1.3886,1.4563,0.1923,0.1614,,,raw / percussive / deep,raw,-0.13087,-0.00058,140733734,,,0.168,,,0.3101,,,,
2.6083,1.4222,1.6476,0.6264,0.8118,,percussive / euphoric / raw,percussive,0.93007,1.03599,209061199,,,,,,,1.4197,,,
,1.589,,2.0693,,,vocal / instrumental / raw,vocal,0.14488,0.7879,247131480,1.4349,1.5618,1.737,,,1.4202,,,,
0.5097,-0.6063,,,,,percussive / minimal / driving,percussive,-0.44156,-1.04456,119907418,,-0.3399,-0.6974,-0.3996,,,-0.6299,,,
,,2.4254,,2.1998,,deep / euphoric / dark,deep,1.01032,1.96103,240437142,,,,,2.381,2.6901,2.1522,2.3729,,
0.7684,,-0.6972,,-0.4226,,percussive / punchy / intense,percussive,-0.1657,-1.14785,51821472,,,,-0.9593,-0.9053,,,,-0.0493,
0.5952,0.4192,0.6736,0.7316,0.7746,,punchy / intense / vocal,punchy,0.58121,-0.20404,6097929,,,,,,,,,0.9234,
1.6661,,2.2972,1.5406,1.931,1.629,euphoric / intense / percussive,euphoric,1.27785,1.02329,228520049,,,,,,,,1.1843,,
0.6055,-0.3826,-0.3816,-0.0202,-0.2653,,percussive / vocal / punchy,percussive,-0.18467,-0.92378,86213427,,,,,,,,,-0.2566,
-0.4154,-0.3415,,0.4198,,-0.8528,vocal / raw / percussive,vocal,-0.82047,-1.18242,208460508,,,,-0.8208,-0.8998,,,,,
-0.0475,,0.0839,,,0.6647,piano / hypnotic / warm,piano,-0.39448,-0.1006,46170663,,,,,,,0.1502,0.3485,-0.0979,
-0.0449,-0.5273,,-0.5744,,0.296,piano / percussive / deep,piano,-0.68087,-0.82989,57085225,,,,,,-0.5077,-0.52,,,
,1.4443,,1.367,,,raw / vocal / instrumental,raw,0.38928,0.31574,162326794,,0.5074,0.9852,0.9116,,,0.5013,,,
,,,,,0.9211,dreamy / minimal / instrumental,dreamy,-0.31964,0.35117,21232130,1.5632,1.2998,1.0969,,,0.8794,,,,1.0116
2.086,,0.3317,,,,percussive / euphoric / punchy,percussive,0.07426,-0.86078,256699560,,,,,-0.2702,0.1129,,0.1354,0.2787,
1.2587,0.683,0.6187,0.494,0.8395,,percussive / intense / raw,percussive,0.55424,0.18504,231028015,,,,0.4893,,,,,,
0.9083,,0.2383,,0.2567,,punchy / percussive / intense,punchy,0.5058,-0.4123,243319368,,,,-0.1818,,,-0.2127,,1.0401,
,0.485,,,,-0.1594,raw / punchy / dark,raw,-0.33802,-0.66255,248880619,,,,-0.0547,0.2839,0.183,,,0.4433,
,,1.7369,,1.0935,,euphoric / warm / dark,euphoric,0.64357,1.30925,35603513,,,,1.1192,1.4782,,1.6145,1.2191,,
,,,0.1692,,,minimal / warm / hypnotic,minimal,-0.44097,-0.00494,163682679,,0.6099,,,0.1506,,0.4462,0.2865,0.1169,
0.0584,-0.419,,0.727,,,vocal / percussive / dreamy,vocal,-1.03529,-0.4026,220510420,-0.2353,-0.3744,,,,,-0.3725,,,
,-0.1084,,0.032,,,minimal / warm / vocal,minimal,-1.06129,-0.26901,138572805,-0.0971,0.3138,-0.141,,,,0.2422,,,
,0.3428,,,,,dreamy / instrumental / deep,dreamy,-0.27523,0.02756,194183578,0.8148,,0.526,,0.3483,0.4494,,,,0.3597
,1.2014,,0.7404,,,instrumental / raw / dreamy,instrumental,-0.94569,-0.52382,80689530,1.0855,1.0175,1.2241,,,0.9814,,,,
,,,0.9195,,,atmospheric / vocal / dreamy,atmospheric,0.06825,0.26962,209245701,0.756,,,,0.6109,0.6251,,0.6975,,1.0381
,1.2618,,0.79,,,warm / raw / driving,warm,0.21255,1.04377,164545883,0.9221,,,1.1965,0.7801,,1.5425,,,
,1.1079,,0.5934,,,driving / raw / warm,driving,0.09028,0.49073,102445509,0.5864,,0.5157,1.2221,,,0.9463,,,
,2.463,,1.571,,,raw / warm / driving,raw,1.08546,1.47363,265415250,,,1.5439,1.7118,1.7024,,1.7414,,,
1.0072,,,,,0.4842,percussive / punchy / piano,percussive,0.3964,0.10128,79107014,0.2981,0.3845,,,,,0.2477,,0.5938,
0.7865,-0.0099,-0.3122,-0.9153,-0.8871,-0.7876,percussive / raw / euphoric,percussive,-0.70987,-1.04037,187598158,,,,,,,,,,
0.7354,,-0.2853,,-0.8263,,percussive / punchy / euphoric,percussive,-0.27018,-0.84994,191624942,,,,-0.771,,,-0.8425,,-0.2187,
0.9053,,1.1903,,1.3249,,intense / euphoric / punchy,intense,0.95669,0.79608,180718908,,,,,0.9631,,1.0082,,1.0652,
-0.0106,-0.433,,,,,punchy / percussive / warm,punchy,-0.35654,-0.7824,235874103,,,,-0.4687,-0.4509,,-0.1501,,0.0631,
0.0091,,0.7198,0.507,-0.0984,,euphoric / vocal / warm,euphoric,-0.35783,0.14042,157185884,,,,,,,0.1241,,,-0.225
,0.4424,,0.9557,,,vocal / instrumental / dreamy,vocal,-0.6543,-0.29097,54663938,0.5052,0.211,0.6782,0.0586,,,,,,
1.8887,1.6972,2.1098,,1.4885,,euphoric / percussive / raw,euphoric,0.96152,1.13198,104751328,,,,0.9341,,,1.17,,,
1.0968,1.1961,2.0666,0.7922,0.3409,,euphoric / raw / percussive,euphoric,-0.23105,0.70746,109231393,,,,,,,0.7376,,,
1.0654,0.9963,,,,,percussive / raw / punchy,percussive,0.65669,0.13935,190454613,,,,0.5637,0.5514,,0.5687,,0.7396,
1.7071,,1.5131,,1.4639,,percussive / euphoric / intense,percussive,1.10242,0.67432,219755029,,,,,1.1661,,0.874,,,0.7959
1.3148,0.9967,1.4981,,1.5978,,intense / euphoric / percussive,intense,1.02748,0.57263,46831927,,,,,1.0872,,,0.7382,,
2.3754,1.1324,1.2011,,0.5267,,percussive / euphoric / raw,percussive,0.67582,0.75024,79957504,,,,,,,1.1095,0.4931,,
0.4962,0.4717,0.4179,1.1197,0.2912,,vocal / percussive / raw,vocal,-0.01041,0.11373,46388696,,,,0.2176,,,,,,
,0.2739,,0.233,0.4313,,punchy / dark / intense,punchy,0.27866,-0.22891,146885979,,,,,0.5147,,,0.2843,1.0108,
,1.9103,,1.276,,,raw / vocal / driving,raw,0.22543,0.26654,166895530,,,0.5417,1.0167,0.814,0.4176,,,,
,1.3013,,1.5329,,,vocal / raw / instrumental,vocal,-0.02335,0.34772,91825050,0.5686,0.6399,0.6861,,,,0.4748,,,
,,3.5095,,3.0034,,euphoric / intense / warm,euphoric,1.64467,2.51554,131672583,,,,,2.734,2.4634,2.8247,2.3742,,
1.2081,0.4631,1.2504,0.6361,0.6398,,euphoric / percussive / intense,euphoric,0.20486,0.4481,75320208,,,,,,,0.1877,,,
-0.1909,,,,-0.1631,,instrumental / deep / dreamy,instrumental,-0.1916,-0.53433,201440117,-0.0224,,0.1416,,,0.0856,,,-0.0379,
,,,,0.3064,0.4496,punchy / piano / deep,punchy,0.14744,0.02443,57658967,,,,,,0.4451,0.3364,,0.7274,0.3756
1.2593,0.946,1.672,1.8911,,,vocal / euphoric / percussive,vocal,0.59963,1.1607,220079856,,,,,,,0.9813,,,0.9697
1.8439,0.6239,0.815,,0.4167,,percussive / euphoric / raw,percussive,0.6845,0.33138,114885078,,,,0.4114,,,0.5069,,,
2.6687,0.9173,1.1079,,0.9698,,percussive / euphoric / intense,percussive,1.12258,0.52633,161576542,,,,0.7296,,0.4666,,,,
,0.5164,,,,0.7603,punchy / driving / piano,punchy,0.5437,0.22752,223308018,,0.5616,,0.8069,,,0.5255,,1.1165,
,,,,,,minimal / hypnotic / atmospheric,minimal,0.2802,1.02572,145573947,1.2128,1.5958,,,1.0399,,1.3339,1.4897,,1.3734
,,1.8427,,,,deep / atmospheric / dreamy,deep,0.80978,1.81095,98429132,2.0761,,,,2.0184,2.244,,1.9152,,2.1562
,,,,,,deep / warm / atmospheric,deep,0.58142,1.37983,94224101,,,,1.3844,1.378,2.169,1.7906,1.2165,,1.6306
,,,,,,dreamy / warm / hypnotic,dreamy,-0.08066,1.05442,210900561,1.5592,1.1122,,,,1.0257,1.41,1.2746,,1.179
,,,0.9179,0.8463,1.0532,instrumental / piano / dreamy,instrumental,0.34357,0.6252,60947284,0.9356,,1.1481,,,,,,,0.8331
,,,,,,dreamy / hypnotic / driving,dreamy,0.73445,0.83761,112631366,1.2839,1.0862,1.0206,1.2068,,,,1.2091,,1.1002
,,,,,,atmospheric / dreamy / deep,atmospheric,1.03837,1.65566,38120951,1.9196,,,1.6152,1.6328,1.7856,,1.5861,,1.9946
,,,,,,minimal / dreamy / instrumental,minimal,0.25746,0.74146,107821328,1.5427,2.1789,1.4246,,,1.0081,,1.1874,,1.3328
,,1.3215,,,,warm / atmospheric / hypnotic,warm,0.84351,1.70024,260468882,1.4908,,,,,1.3185,2.2884,1.5529,,1.6161
,,,1.1525,,,vocal / dreamy / minimal,vocal,0.02261,0.33566,115516621,0.8877,0.8499,0.664,,,,,0.6468,,0.6637
,0.2627,,0.2282,,,warm / dreamy / driving,warm,0.08454,0.6147,78652741,0.8264,,,0.4775,,,1.1234,,,0.2698
0.4502,,,,0.1569,,percussive / punchy / intense,percussive,0.066,-0.15435,111794410,,0.0241,,,,,0.0508,-0.0025,0.294,
,,,,1.3684,1.2935,hypnotic / punchy / warm,hypnotic,1.06484,1.32071,216309973,,1.4875,,,,,1.7487,1.803,1.7853,
,0.5955,,0.9476,,,dreamy / vocal / warm,dreamy,-0.062,0.55205,147196492,0.9584,0.7197,,0.5294,,,0.8033,,,
,,1.7866,,1.4625,,warm / euphoric / intense,warm,0.94241,1.56508,243021945,,,,1.4388,,,2.0192,1.4408,,1.4251
2.3988,,0.5722,0.4415,0.2353,-0.1906,percussive / euphoric / vocal,percussive,-0.05989,-0.73002,76999015,,,,,,,,,,-0.605
,0.1088,,,,-0.0162,instrumental / deep / dreamy,instrumental,-1.01982,-0.79902,25971942,0.1442,,0.419,-0.0724,,0.2201,,,,
,,,,,1.8089,instrumental / deep / punchy,instrumental,0.7537,0.57414,114901550,,1.3894,2.0771,1.0852,,2.0192,,,1.8106,
0.7327,0.458,-0.4271,0.1332,,,percussive / raw / vocal,percussive,-0.76179,-0.47151,2241756,-0.4925,,,,,,-0.4948,,,
,,,,,,driving / instrumental / minimal,driving,1.22593,1.03648,221058532,,1.7848,2.0483,2.3035,1.451,1.6592,,,,1.4894
,1.5044,1.4377,1.4581,1.7159,,intense / driving / raw,intense,1.10495,1.14862,120731983,,,,1.5777,,,1.2147,,,
-0.5987,,-0.5743,,,,punchy / warm / hypnotic,punchy,-0.58235,-0.51454,245577457,,-0.552,,,,,0.1551,-0.5071,0.1932,
1.063,,0.5855,,0.6202,,driving / percussive / minimal,driving,0.74952,0.41787,5014635,,0.658,,1.0684,,,,,,0.5257
,,1.8256,,1.7113,,euphoric / hypnotic / dark,euphoric,1.23078,1.15218,21752679,,,,,1.7378,1.5762,,1.7716,,1.7126
,,,,1.0289,1.0153,warm / punchy / minimal,warm,0.79827,0.79284,222783159,,1.3568,,,,,1.493,1.2813,1.4701,
0.0983,-0.1802,,-0.216,,,minimal / instrumental / percussive,minimal,-0.52254,-0.69347,46490285,-0.2546,0.2861,0.2379,,,,,,,
0.2199,0.8545,,,,0.415,raw / piano / percussive,raw,-0.40033,-0.29762,161754631,0.1579,,0.1486,,,0.0007,,,,
,0.7629,,1.1498,,-0.0544,vocal / instrumental / raw,vocal,-0.78692,-0.6193,173190813,0.6065,0.6242,1.0328,,,,,,,
-0.4298,-1.1441,,,,-1.1046,punchy / percussive / minimal,punchy,-0.87914,-1.32914,202579005,,-0.9598,,-1.0406,,,,,-0.3037,
,0.4369,,,,,deep / dark / punchy,deep,-0.50705,-0.74633,231967950,,0.05,0.0819,,0.7352,1.4016,,,0.4426,
,-0.0636,0.1542,,,0.1409,instrumental / deep / minimal,instrumental,-0.60542,-0.50981,242508358,,0.2613,0.7892,,,0.7539,,,,
,,,,,-0.0572,minimal / deep / punchy,minimal,-0.56469,-0.3764,101649699,,0.9866,-0.0112,,,0.2936,,-0.0154,0.2543,
,,,,0.7119,,punchy / deep / dark,punchy,0.61877,0.11579,88487611,,,0.8956,,1.1117,1.2955,,0.9219,1.604,
-0.8861,-0.9249,,-0.9635,,,percussive / raw / vocal,percussive,-1.36253,-1.34929,136113766,-1.2776,-1.226,,,,,,,-1.2276,
,,,,,0.3296,minimal / dreamy / instrumental,minimal,-0.62828,-0.06581,86017820,0.7681,0.8721,0.5979,0.2904,,0.4829,,,,
0.7319,-0.5392,,,,-0.3382,percussive / dreamy / piano,percussive,-0.92296,-0.86814,12671795,-0.296,-0.3745,-0.421,,,,,,,
0.6277,,,,0.8496,,punchy / intense / driving,punchy,0.834,0.27476,59489871,,,,0.7586,0.6457,,,,1.1001,0.6718
0.8654,-0.5468,-0.529,-0.5071,,,percussive / punchy / vocal,percussive,-0.38597,-0.91388,245616223,,-0.7143,,,,,,,-0.4274,
0.8229,,,-0.256,-0.332,-0.4949,percussive / punchy / vocal,percussive,-0.09547,-0.91211,127032946,,,,,-0.4877,,,,-0.0206,
0.4049,,,,,,percussive / deep / punchy,percussive,-0.67364,-1.58283,134167830,,,,-1.1465,-0.7245,-0.2865,,,-0.6917,-1.0687
,-0.196,,,,,dark / punchy / driving,dark,-0.47591,-1.02139,187463920,,-0.6009,,-0.0676,-0.0165,-0.3056,,,-0.0542,
,-0.0074,,-0.1583,,,raw / vocal / instrumental,raw,-0.78065,-1.20869,54073903,,-0.6172,-0.4262,,-0.6717,,,,-0.5748,
1.7491,-0.5002,-0.804,-1.1314,-1.0576,-1.2121,percussive / raw / euphoric,percussive,-0.68869,-1.56624,254300595,,,,,,,,,,
0.0488,-0.5222,0.5532,1.2629,-0.5314,-0.4996,vocal / euphoric / percussive,vocal,-1.33668,-0.63509,38849261,,,,,,,,,,
0.0907,,,,-0.7529,,percussive / punchy / intense,percussive,-0.63953,-1.46201,58983631,,,,,-0.8268,-0.8991,,-1.0033,-0.3254,
0.7946,,0.9161,,0.9321,,intense / euphoric / driving,intense,0.81419,0.3152,101282087,,,,0.8723,0.8179,,,,0.6578,
-0.3598,,-0.7555,,,-0.6617,warm / punchy / percussive,warm,-0.61647,-0.5577,250946944,,,,,,,-0.0648,-0.6633,-0.1668,
0.6678,0.6683,0.2204,,,,punchy / raw / percussive,punchy,0.25647,-0.25281,206872283,,,,,,0.0836,0.1103,,0.6919,
-0.5386,0.4085,,,,-0.7644,raw / punchy / deep,raw,-0.76807,-1.53662,81223610,,,,,-0.5976,-0.4551,,,-0.1819,
1.2145,,0.2982,,0.3189,,percussive / dark / intense,percussive,0.20028,-0.38187,133315494,,,,,0.3643,0.0459,,,,0.0831
1.4014,,,,-0.1965,,percussive / punchy / minimal,percussive,0.1664,-0.34472,228426127,,-0.0654,,,,,-0.0933,-0.1922,0.0648,
,,,,,,minimal / deep / warm,minimal,-0.31253,-0.03194,108086968,,0.5036,,,0.1873,0.4729,0.2645,0.0768,,0.126
,,,,1.9746,,intense / hypnotic / punchy,intense,1.53587,1.0618,2376459,,1.4585,,,1.6229,,1.4118,1.8987,1.8385,
,,,,,0.5854,dreamy / minimal / hypnotic,dreamy,-0.19668,0.37317,71053633,0.9206,0.7586,,,,0.6162,0.6209,0.716,,
0.7475,,-0.7436,-0.6258,-0.8486,,percussive / atmospheric / vocal,percussive,-0.56588,-0.94573,98175002,,,,,,-0.8906,,,,-0.5388
1.4954,,0.5227,,0.5944,0.7953,percussive / piano / punchy,percussive,0.70712,0.14949,13541424,,0.376,,,,,,,0.759,
0.0095,,,0.0345,-0.1108,-0.2174,dreamy / vocal / percussive,dreamy,-0.19902,-0.31744,54564214,0.1316,,-0.0785,,,,,,,
,0.8465,,0.753,0.2239,,raw / vocal / deep,raw,0.11852,-0.18552,76546239,,,0.2571,,0.3284,0.3357,,,,
,,,,-0.3529,,punchy / dark / warm,punchy,-0.22824,-0.63621,87723883,,-0.2124,,,0.1629,,-0.0703,-0.1403,0.6576,
,,,,,2.0764,piano / atmospheric / dreamy,piano,0.46096,0.92558,173010420,1.1689,0.9449,,,,,0.8572,1.13,,1.2002
,,,,,,warm / punchy / minimal,warm,0.23676,0.35251,81556170,,0.5372,,0.387,0.27,,1.1533,0.3958,0.9609,
,,,,,0.8735,warm / hypnotic / dreamy,warm,0.06562,1.03108,154159629,1.0918,0.9068,,,,,1.48,1.3756,,0.7547
,,,,,,warm / dark / punchy,warm,0.71149,0.86871,217743745,,1.1014,,1.1266,1.4267,,1.506,1.0667,1.3784,
0.6147,,,,1.0938,,intense / dark / hypnotic,intense,0.68458,0.34853,142524341,,,,,1.0761,,,0.7394,0.6877,0.7038
-0.0601,,,0.0069,,,warm / dreamy / minimal,warm,-0.41145,-0.05052,165629173,0.2154,0.1556,,,,,0.2709,-0.1909,,
,,,,,,warm / dreamy / minimal,warm,0.58015,1.02649,189582082,1.0702,1.0667,,0.8824,,,1.6618,0.8919,,0.8503
1.274,0.3365,,,0.2693,,percussive / raw / intense,percussive,0.47288,-0.33475,249410113,,,,0.0855,0.1199,,,,0.2627,
,,,,1.476,,warm / dark / deep,warm,0.65402,1.56036,257866761,,,,,1.8606,1.7637,2.0996,1.5243,1.469,
,0.7434,-0.2797,1.9036,,-0.2126,vocal / raw / dreamy,vocal,-1.94849,-0.23786,101028110,0.3799,,-0.153,,,,,,,
-0.0101,-0.5886,,0.0659,-0.5152,,vocal / percussive / punchy,vocal,-0.33009,-1.01131,102549208,,,,-0.6286,,,,,-0.1665,
,,,,,0.901,hypnotic / dreamy / atmospheric,hypnotic,-0.11332,0.53773,192042537,1.1847,1.0341,,,,0.5662,,1.2652,,1.1401
,,,,,,atmospheric / dark / hypnotic,atmospheric,1.05421,1.66412,260156429,,,,1.7354,1.9659,1.7809,1.9171,1.9364,,1.9739
,,,,0.8435,,punchy / dark / hypnotic,punchy,0.50572,0.23684,42294340,,,,,1.4723,0.7405,,1.0527,1.7059,0.7759
3.5483,-0.4346,0.7958,,0.0817,,percussive / euphoric / intense,percussive,0.6862,-0.39918,261969134,,,,,,,0.0395,,-0.2159,
,1.779,,1.0837,1.3984,,raw / dark / intense,raw,1.0015,0.52791,196837753,,,,1.2284,1.4449,,,,1.0683,
,,1.7525,,1.8574,,intense / euphoric / dark,intense,1.34775,1.23951,54195814,,,,,1.4587,,1.4434,,1.3078,1.289
,,0.5611,0.4491,0.2987,,dark / euphoric / vocal,dark,0.06584,0.24997,52707894,,,,,0.7355,,0.2549,0.2064,,
,0.9598,,1.3139,,,vocal / raw / dark,vocal,-0.09635,0.28188,7778984,,,,0.4723,0.7738,0.5662,,,,0.5415
1.2509,,0.9678,,,,warm / percussive / punchy,warm,0.75243,0.61281,218872317,,,,,0.5371,,1.561,0.5861,0.9886,
,,1.2393,1.1271,1.1614,,warm / euphoric / intense,warm,0.95094,1.08744,26834205,,,,1.0873,,,1.4675,,,1.0142
,,1.0145,,1.4109,,punchy / dark / intense,punchy,1.27122,0.44787,101752067,,,,,1.5312,1.3646,,1.0902,2.1377,
,,,,,0.0843,punchy / warm / dark,punchy,-0.12123,-0.17215,200722078,,0.2098,,,0.3663,,0.4924,0.1991,0.5332,
0.9186,,,,-0.0424,,percussive / punchy / deep,percussive,0.25599,-0.57609,151932251,,0.0048,,,,0.2132,,-0.0333,0.8977,
0.4878,0.8195,0.4456,0.5168,,,warm / raw / driving,warm,0.02568,0.41995,180166722,,,,0.6407,,,0.916,,,
,,,,,,minimal / dreamy / hypnotic,minimal,-0.42569,0.38638,92878549,1.1421,1.1459,0.1818,,,,0.6023,0.8258,,0.628
,,,,,3.2619,piano / minimal / atmospheric,piano,0.78696,0.97355,245509499,2.1275,2.6587,2.3198,,,,,2.0287,,2.4311
,,,,,1.6833,piano / deep / hypnotic,piano,-0.04288,0.63603,61732739,1.179,1.2936,,,,1.4274,,1.3563,,1.23
,,,0.3119,,,dreamy / warm / minimal,dreamy,-0.46384,0.3235,182178006,0.8566,0.7544,,,,,0.8289,0.3653,,0.2777
,,,,,1.2768,instrumental / deep / dreamy,instrumental,0.02314,0.90738,73458650,1.3921,1.3199,1.6499,,,1.6354,1.0894,,,
,,,,,1.4292,minimal / piano / hypnotic,minimal,0.31248,0.6753,104048148,,1.4544,,,1.0401,,,1.3931,1.0505,1.0886
,,0.1688,,,0.3848,punchy / hypnotic / dark,punchy,0.08243,0.03543,26113991,,,,,0.698,,,0.7827,1.0267,0.2388
0.0578,-0.167,,0.0709,,,vocal / percussive / raw,vocal,-1.01424,-0.96584,229990888,-0.8812,-0.7002,-0.6283,,,,,,,
,0.9359,1.3384,,1.0597,,warm / euphoric / dark,warm,0.92665,1.10999,22878325,,,,,1.3184,,1.7404,,1.0418,
,1.107,,1.8243,,0.8047,vocal / instrumental / minimal,vocal,-0.36486,0.44173,181653707,1.3018,1.4232,1.5072,,,,,,,
-0.2876,,,,,,dreamy / percussive / warm,dreamy,-0.73253,-0.48591,51991339,-0.1242,-0.4182,-0.5317,,,-0.4904,-0.3096,,,
,,1.3247,,1.5373,,punchy / dark / intense,punchy,1.13351,0.77484,187503024,,,,,1.7401,1.2638,1.3058,,2.0822,
0.3683,0.8466,-0.0134,0.3153,,,raw / percussive / vocal,raw,-0.83818,-0.39234,265178745,,,,-0.6716,,,-0.4662,,,
0.4251,-0.3564,-0.9259,0.1902,-0.9359,,percussive / vocal / raw,percussive,-1.02548,-1.35124,124994273,,,,,,,,,,-1.0621
1.1229,-0.6151,-0.8122,-0.3001,,,percussive / vocal / raw,percussive,-0.60607,-0.75958,89690324,-0.6705,,,,,,-0.7961,,,
,-0.0029,,1.309,,-0.2007,vocal / instrumental / dreamy,vocal,-0.50681,-0.54216,66637948,0.2052,0.1952,0.4106,,,,,,,
0.7557,,0.1647,,0.3324,,percussive / punchy / intense,percussive,0.42301,-0.14145,119980847,,,,-0.0419,,,0.2453,,0.6459,
1.4877,,0.6112,,0.7167,0.0398,percussive / intense / euphoric,percussive,0.57522,0.19137,97797308,,,,,,,0.2451,,0.4069,
,,,,0.6819,,dark / punchy / atmospheric,dark,0.25558,0.01943,15319877,,,,,1.5003,0.7549,,0.7294,0.8768,0.7979
,,2.0417,,1.8938,,euphoric / warm / punchy,euphoric,1.62416,1.61124,208912355,,,,,1.5429,,2.0392,1.8633,2.0067,
,,,,,0.6757,dreamy / minimal / warm,dreamy,-0.62544,0.43438,184747642,0.9986,0.9499,0.0288,,,,0.9302,0.236,,
0.2975,0.7396,,,,,driving / warm / raw,driving,0.21425,0.13806,22493992,,0.1509,,1.0447,0.4976,,0.8923,,,
0.8472,0.0126,,0.0792,,,percussive / minimal / driving,percussive,0.1353,-0.47885,137466487,,0.3227,0.0274,0.1151,,,,,,
,,,,,,driving / punchy / instrumental,driving,0.53825,0.42822,86336984,,1.0843,1.5023,1.6034,1.0662,1.4332,,,1.5684,
1.134,,1.1723,,1.8358,2.5553,piano / intense / atmospheric,piano,1.05959,0.6348,259292415,,,,,,1.3006,,,,1.4761
,,,,,-1.0627,punchy / minimal / warm,punchy,-1.23968,-1.34348,214461887,-1.2288,-0.9242,,,,-1.0262,-0.9799,,-0.3162,
,,,,,1.0625,minimal / hypnotic / piano,minimal,0.14871,0.20026,176831494,,1.7487,0.8404,,,,,1.2107,0.861,0.9241
0.5363,-0.4028,-0.906,-0.8069,-0.7468,,percussive / raw / intense,percussive,-0.54028,-1.06445,227963155,,,,-0.751,,,,,,
-0.3146,-0.5641,-1.248,-1.0643,,-0.9986,percussive / raw / piano,percussive,-1.32267,-1.32463,146274185,-1.0926,,,,,,,,,
0.1733,0.1801,-0.2436,,,-0.7624,raw / percussive / warm,raw,-0.92095,-0.38994,63439361,,,,-0.938,,,0.0674,,,
-0.3841,-0.5679,-0.5491,,,,percussive / euphoric / raw,percussive,-1.26015,-0.86446,15561852,-1.2011,,,-1.281,,,-0.8432,,,
-0.1677,-0.3098,-0.7938,-0.8337,,,percussive / raw / driving,percussive,-0.94033,-0.9447,125880745,,,,-0.638,-0.8534,,,,,
-0.1359,-0.0426,,-0.5831,,,raw / percussive / driving,raw,-0.47952,-0.82319,178603494,,,,-0.5146,-0.6207,,,,-0.6018,
-0.0046,-0.7655,,-0.9946,,,percussive / driving / raw,percussive,-0.82515,-1.05265,33164297,-0.8811,,-1.0285,-0.7471,,,,,,
2.0508,,0.6833,,0.4092,,percussive / warm / punchy,percussive,0.82339,0.42033,16489848,,,,,0.0938,,1.1954,,0.8341,
0.8621,0.4828,0.5462,0.8384,0.6226,,percussive / vocal / intense,percussive,0.41617,0.28945,120390667,,,,,,,,0.2882,,
1.0346,0.5931,0.3314,0.7144,-0.0776,,percussive / vocal / raw,percussive,0.00352,-0.18677,267737215,,,,-0.1494,,,,,,
0.6749,,-0.1075,,,-0.1845,percussive / warm / punchy,percussive,-0.37061,-0.35813,110815358,,,,,,,0.0364,-0.2997,-0.0729,
1.0369,,,,0.2306,,percussive / atmospheric / dreamy,percussive,0.35512,-0.07908,21321928,0.3873,,,0.1549,0.1979,,,,,0.4867
,,1.8461,,1.1448,,warm / euphoric / dark,warm,0.84041,1.49017,150399650,,,,,1.7,,2.1422,1.6451,,1.3207
,,,,1.185,,dark / intense / atmospheric,dark,0.85259,0.49908,66351712,,,,1.048,1.4073,1.0476,,,1.1334,1.1731
,,,,0.8312,,dark / deep / punchy,dark,0.34064,0.39766,164957702,,,,,1.2923,1.0658,,0.9476,1.0558,0.8479
,,,,,,dreamy / deep / driving,dreamy,0.7434,1.45143,60725820,1.7351,,,1.5965,,1.652,1.5654,1.5464,,1.5227
,,,,2.1179,2.8155,piano / atmospheric / hypnotic,piano,1.60286,1.82017,216814257,2.1836,,,1.9778,,,,2.3677,,2.3966
,1.3193,,,,,warm / raw / driving,warm,0.70851,0.92303,174531289,,1.1675,,1.3153,0.8812,,1.8259,,1.1996,
,,,,,1.6206,dark / driving / dreamy,dark,0.95373,1.19749,69963570,1.7421,,,1.7754,1.8027,,,1.6848,,1.742
,,0.2791,,,,warm / hypnotic / dark,warm,-0.06873,0.58831,188153882,,,,,0.6533,,1.2842,0.7957,0.5607,0.3242
,,,1.6657,,,instrumental / vocal / driving,instrumental,0.22087,0.74506,194688226,1.5465,1.4451,1.9056,1.6254,,,,,,1.5739
,0.1461,,0.6041,,,vocal / raw / instrumental,vocal,-0.58224,-0.7559,91662295,-0.0838,,0.0342,,,0.0261,,,,-0.2522
,1.575,,0.9263,,,raw / vocal / dark,raw,0.12262,0.43139,258785610,,0.8146,,0.6351,0.8553,,,,,0.6608
3.2332,0.9469,0.9218,,0.1328,,percussive / raw / euphoric,percussive,0.71154,0.13151,111872400,,,,0.016,,,0.7446,,,
1.0483,0.2519,-0.0607,,-0.1443,,percussive / raw / warm,percussive,0.09048,-0.35066,72703414,,,,,,,0.054,,-0.1331,
,,1.2522,1.2049,,,dreamy / euphoric / vocal,dreamy,-0.0361,1.28026,96012367,1.524,,,,,,1.0647,0.8977,,1.0257
0.4209,0.3699,,0.283,,,punchy / percussive / raw,punchy,0.28073,-0.0948,191872687,,,,0.1136,,,0.3127,,0.7056,
1.0997,,-0.9599,,-0.4092,,percussive / punchy / intense,percussive,0.17339,-1.40252,158014114,,,,-0.7784,-0.8407,,,,0.7814,
0.8224,,-0.0408,,-0.2135,,percussive / punchy / euphoric,percussive,0.01094,-0.79554,197866969,,,,,-0.4542,,-0.4538,,0.1865,
1.1192,,-0.6732,,-0.8607,,percussive / euphoric / intense,percussive,-0.68814,-1.55529,9709580,,,,,-1.6628,,,,-1.219,-1.5689
0.8509,0.0861,0.4896,-0.6133,-0.4404,,percussive / euphoric / raw,percussive,-0.62546,-0.52699,31439171,,,,,,,-0.6174,,,
,,1.1405,1.2404,1.1437,,dark / vocal / intense,dark,0.68564,0.89835,159885188,,,,,1.3101,,1.0852,1.0386,,
,,,,,,driving / dark / deep,driving,0.10334,0.40046,241731714,0.8797,0.5818,0.9262,1.1687,1.0263,0.9663,,,,
,,0.6655,0.7567,,,driving / dark / warm,driving,0.68099,0.7479,87702570,,,,1.1908,1.1687,,1.1514,,1.0521,
,,,,,,punchy / warm / minimal,punchy,-0.02977,0.1578,78214807,0.1592,0.4719,,0.1501,0.1128,,0.5377,,0.6917,
,0.9738,,,1.4631,,punchy / dark / deep,punchy,1.45984,0.54011,69218459,,,,1.1432,1.7822,1.6426,,,2.7324,
,,2.2099,,1.9686,1.8309,warm / euphoric / punchy,warm,1.35168,1.75631,71873252,,,,,,,2.5577,1.9939,2.1257,
,,,,0.3043,,warm / hypnotic / punchy,warm,0.14567,0.39997,32352780,,0.6789,,,0.3971,,1.1521,0.7271,0.6961,
,1.0362,0.2821,,0.5158,,punchy / raw / dark,punchy,0.48534,-0.17867,171612690,,,,,0.8515,0.4249,,,1.2694,
1.1463,0.5872,0.0999,-0.0054,0.1359,,percussive / raw / intense,percussive,0.07646,-0.43369,137690305,,,,,,,,-0.1743,,
,,1.7224,,2.1347,,dark / intense / hypnotic,dark,1.39684,1.45469,113391485,,,,,2.1669,,1.7718,1.8231,,1.6857
,,0.3581,,,,warm / hypnotic / atmospheric,warm,-0.35456,0.54781,47546211,0.3289,,,,0.1906,,0.9563,0.9163,,0.4439
1.6823,,1.0169,,0.5486,,percussive / warm / euphoric,percussive,0.74954,0.65259,162457886,,,,,,0.5121,1.2403,0.6922,,
,,,,,0.5547,minimal / piano / dreamy,minimal,-1.51758,-0.82994,176417890,0.2305,0.6165,-0.1125,,,-0.139,,,,-0.4435
,,,,0.359,,hypnotic / dark / punchy,hypnotic,-0.05734,-0.29779,103746521,,,,,0.4312,0.1592,,0.5688,0.4071,0.0893
1.2224,-0.2582,0.2394,,-0.2837,,percussive / euphoric / warm,percussive,0.0159,-0.24329,114789530,,,,,,,0.2307,,-0.2079,
,1.1271,0.8783,1.6334,,,vocal / raw / hypnotic,vocal,0.33641,0.78488,26335080,0.7591,,,,,,0.7173,0.9541,,
,,,,,,warm / hypnotic / deep,warm,0.5943,1.18344,247354019,,1.3007,,,1.2308,1.4103,1.6556,1.5599,,1.1006
,,,1.2623,,,atmospheric / vocal / dreamy,atmospheric,0.29122,0.79448,216214165,1.2071,,0.912,,1.0978,,,1.03,,1.2741
,2.005,,2.1922,,,vocal / raw / instrumental,vocal,-0.21098,0.70587,203797235,1.6892,,1.7235,,,1.605,,,,1.3225
0.7638,,,0.6555,0.6447,,driving / minimal / percussive,driving,0.64359,0.57551,103625276,,0.8894,,0.9183,,,0.7434,,,
,0.9642,,1.2888,,,vocal / minimal / dreamy,vocal,0.4297,0.79561,262466014,1.1097,1.1248,1.0958,,,,,,,0.9735
0.946,,-0.1908,,,,percussive / warm / dreamy,percussive,-0.05802,0.13783,24791643,0.0059,-0.208,,-0.129,,,0.5984,,,
,0.0985,,0.832,,,vocal / punchy / instrumental,vocal,-0.01612,-0.45551,87595613,0.0772,0.1933,0.2998,,,,,,0.4431,
,-0.243,,-0.0107,,,vocal / punchy / minimal,vocal,-0.51083,-0.52549,268398954,,-0.1499,-0.2743,-0.1629,,,,,-0.047,
0.0656,,,-0.15,,,minimal / warm / percussive,minimal,-0.41121,-0.26434,177463232,,0.3159,0.0636,-0.1667,,,0.1895,,,
1.1535,-0.465,-0.3875,,-0.3959,,percussive / punchy / euphoric,percussive,-0.02103,-0.68604,42995207,,,,,-0.4696,,,,-0.0118,
,0.9694,0.9113,0.9983,,,vocal / raw / euphoric,vocal,0.24225,0.45098,62847478,,,,0.524,0.6511,,0.5415,,,
0.4729,,,,,,percussive / minimal / atmospheric,percussive,-0.18049,-0.67201,47881040,-0.2728,-0.1419,,,,-0.2226,,,-0.2028,-0.1544
-0.2434,0.0818,,-0.503,,,raw / percussive / dark,raw,-0.73864,-0.78709,49317349,-0.5391,,,,-0.442,,-0.5477,,,
,0.2918,,0.6224,,,vocal / warm / raw,vocal,-0.18257,0.15781,113464009,0.2021,,,0.0918,,0.2605,0.4818,,,
,,,,,-0.5373,punchy / deep / dark,punchy,-0.54605,-0.86151,6312815,,,,,-0.1945,-0.098,-0.4731,-0.2158,0.3975,
,,,,,-0.0984,punchy / dreamy / piano,punchy,-0.34599,-0.24045,111213748,-0.0722,,-0.172,,-0.17,,-0.1455,,0.5866,
1.3974,,-0.5902,,-0.6275,,percussive / punchy / euphoric,percussive,-0.28528,-1.025,214467793,,,,,-0.777,-0.6694,,,-0.5202,
1.003,,-0.575,,-0.9751,,percussive / punchy / euphoric,percussive,-0.33106,-0.89659,144789088,,,,,,,-0.9197,,-0.099,-0.9386
,,,-0.1624,,,minimal / instrumental / dreamy,minimal,-0.32707,-0.3705,153124239,0.0902,0.3038,0.146,-0.0605,,,,,,-0.1304
0.527,,0.0687,,,,percussive / warm / punchy,percussive,0.02857,0.05914,246686997,,,,,-0.0611,,0.5259,0.0038,0.3501,
,,,0.0013,,,minimal / warm / punchy,minimal,-0.30778,-0.11904,219418886,-0.0568,0.3921,0.0414,,,,0.0905,,0.0428,
,0.9039,1.2691,,,1.0178,warm / euphoric / piano,warm,0.59272,1.23149,124804758,,,,0.9698,0.7898,,2.0402,,,
0.9647,0.8844,0.7676,0.2922,0.7094,,percussive / raw / euphoric,percussive,0.32196,0.47856,120792642,,,,,,,0.4691,,,
,,1.038,,1.0029,,hypnotic / warm / dreamy,hypnotic,0.84697,1.08878,226401976,1.1022,,,,,,1.1261,1.3125,,1.0079
,1.0205,,0.631,,1.1219,piano / raw / driving,piano,0.1191,0.14613,20936701,0.5592,,,0.6951,,0.5247,,,,
,2.4208,,2.1951,,,raw / vocal / instrumental,raw,0.68979,1.01092,131964548,,,1.7452,1.5143,1.4826,,,,,1.6333
,,,,,1.3436,minimal / piano / dreamy,minimal,-0.55056,0.08794,80541833,1.1843,1.7037,1.1686,,,,,0.7223,,0.8412
,,,,,0.6016,minimal / dreamy / instrumental,minimal,-0.40685,0.01678,260958590,1.2113,1.5792,0.721,,,0.5437,,,,0.5872
1.7727,,0.7347,,1.1932,,percussive / intense / euphoric,percussive,1.03094,0.62983,13388181,0.6611,,,0.6585,,,,0.6803,,
,,,,,0.8994,punchy / deep / piano,punchy,0.04465,-0.45311,264414971,,0.6333,0.7097,,,0.9191,,0.4903,1.5904,
,,0.6859,,,0.908,warm / hypnotic / piano,warm,-0.5507,0.59242,55323901,,0.4736,,,,,1.2546,1.1633,,0.3025
,,,,,,minimal / atmospheric / instrumental,minimal,0.8325,1.00612,70505674,1.6351,2.1645,1.7995,,,1.5795,,1.779,,1.8496
,,2.243,,2.0263,,dark / euphoric / intense,dark,0.89142,1.7445,8211395,,,,,2.25,,2.0154,1.9593,,1.5864
,,0.836,,,1.6615,piano / warm / hypnotic,piano,0.28626,0.97473,31060902,,0.9667,,,,,1.4267,1.345,0.6852,
,1.2288,,,,,raw / instrumental / driving,raw,-0.08711,-0.24055,27971190,,0.8873,1.1451,1.0345,0.502,0.6811,,,,
,,,,,0.4016,minimal / instrumental / driving,minimal,0.12853,-0.16276,245257704,,1.0723,0.8925,0.6325,,0.4266,,,0.471,
0.3653,,,,-0.428,,percussive / minimal / punchy,percussive,-0.28091,-0.81308,81943901,,0.274,-0.361,,,-0.4668,,,-0.0528,
,1.0304,-0.1636,1.8171,,0.5268,vocal / raw / piano,vocal,-1.66506,-0.422,233476473,0.1783,,0.4415,,,,,,,
,,,,,1.3213,piano / minimal / instrumental,piano,-1.1504,-0.28715,176796744,0.3313,0.7582,0.5668,,,0.1615,,-0.2126,,
1.1792,-0.8439,-0.3286,0.1362,-0.8441,-0.5905,percussive / vocal / euphoric,percussive,-0.74556,-1.549,225214674,,,,,,,,,,
,,,,,1.0422,minimal / piano / dreamy,minimal,-0.86082,0.0295,230969365,0.8997,1.2493,0.7607,,,0.3104,,0.49,,
0.5447,0.6138,,,,0.5136,minimal / instrumental / dreamy,minimal,0.06042,0.27306,208307899,0.6647,1.0505,0.8325,,,,,,,
,,,0.7415,,0.4296,instrumental / minimal / driving,instrumental,0.15651,0.14542,37001360,0.8819,1.2269,1.2372,0.9801,,,,,,
,0.9889,,,,,dreamy / deep / atmospheric,dreamy,-0.19371,0.6746,89985058,1.6625,,0.9162,,,1.0755,,0.8022,,1.0482
,1.5259,,1.0773,1.0024,,raw / punchy / vocal,raw,0.97978,0.28372,255852233,,,,1.0586,0.8196,,,,1.2235,
1.092,,0.1624,,0.3592,,percussive / punchy / intense,percussive,0.42335,-0.02382,77829458,0.0915,,,,,,,,0.3855,0.0457
,,,,,,warm / dreamy / driving,warm,-0.16311,1.43426,58731481,1.8939,1.1666,,1.1917,,,2.052,1.0474,,1.1034
0.1666,0.2388,,,,0.0502,raw / percussive / driving,raw,0.009,-0.2397,56821188,,,,0.0983,,,0.0286,,0.0433,
1.0672,,0.2173,-0.0927,0.2379,,percussive / intense / euphoric,percussive,-0.06649,-0.67661,163922371,,,,,-0.3809,,,,-0.3748,
,,1.398,,1.3205,,punchy / euphoric / intense,punchy,0.89131,0.57754,33513094,,,,,1.2926,0.8218,,1.3038,1.6793,
,,1.4738,,1.3339,,punchy / warm / dark,punchy,1.24588,1.11538,176066666,,,,,1.5438,,1.7924,1.4098,1.8987,
1.3788,1.7451,,1.7355,,,raw / vocal / percussive,raw,0.63131,0.78152,109615463,,,0.9761,1.1398,,,0.8317,,,
0.2853,,-1.1918,,,-1.4082,percussive / deep / euphoric,percussive,-1.13891,-1.56882,20214040,,,,,,-0.8788,,-1.4522,,-1.293
,,,,,-0.2232,minimal / dreamy / deep,minimal,-1.11708,-0.8207,72451659,0.1778,0.2092,-0.4899,,,-0.1983,,-0.2197,,
,,1.5132,,0.978,,warm / euphoric / punchy,warm,0.73013,1.09803,93827564,,,,,,1.037,1.9534,1.0351,1.0525,
0.8831,0.9143,0.8435,,,,driving / raw / percussive,driving,0.76601,0.66332,66366823,,,0.792,1.0521,,,0.7471,,,
1.9623,,1.0397,,,,percussive / euphoric / hypnotic,percussive,0.51082,0.7357,210906515,,0.6693,,,,,0.8761,1.0392,,0.7527
,,,,,2.2402,piano / atmospheric / dreamy,piano,0.89548,1.35456,202048623,2.0555,,1.9218,,,1.8131,,1.8273,,2.1987
,0.006,,0.4252,,-0.6688,vocal / raw / piano,vocal,-1.8076,-1.37816,214679415,,,,,-0.7951,,,-0.8688,,-1.1926
0.1179,0.1708,-0.6986,,,,raw / percussive / warm,raw,-0.77147,-0.83165,80355869,,,-0.8045,,,,-0.536,,-0.6893,
,-0.5624,,-0.1818,,-0.7967,vocal / dark / punchy,vocal,-0.99507,-0.95626,68796145,,,,,-0.4577,-0.7652,,,-0.4641,
0.0848,0.7612,,0.2976,,,raw / dark / vocal,raw,-0.14858,-0.78339,77308048,,,,-0.068,0.3388,0.1443,,,,
,-0.1776,,0.4014,,,vocal / warm / punchy,vocal,-0.42909,-0.55332,51803640,,,,-0.1941,-0.0659,,-0.0289,,-0.0455,
0.5481,-0.8806,-1.6654,-1.136,,,percussive / raw / vocal,percussive,-1.26307,-1.65635,144723816,-1.521,,,,,,,,-1.5868,
,,,,1.3088,0.8836,punchy / dark / intense,punchy,1.08952,0.31685,214677275,,,,,1.6163,1.1853,,0.9811,2.0929,
,,2.378,,1.554,1.9528,euphoric / hypnotic / punchy,euphoric,0.85499,1.19571,256307205,,,,,,1.6341,,2.3378,2.1608,
0.4633,,0.553,,0.5312,,punchy / euphoric / intense,punchy,0.31728,-0.12955,234264960,,,,,-0.1435,,-0.0462,,0.6925,
,,,,,,warm / hypnotic / atmospheric,warm,0.22103,1.07926,152814301,0.8754,,,,0.8876,0.8952,1.576,1.0314,,0.9287
0.4234,-0.8757,-1.2721,-0.5275,,-0.8781,percussive / vocal / raw,percussive,-1.42534,-1.38249,57400069,-1.0387,,,,,,,,,
0.73,,,,,,percussive / warm / punchy,percussive,-0.61721,-0.899,128723449,-0.8869,-1.0114,,-1.263,,,-0.4168,,-0.6464,
,,1.2641,,1.3416,,punchy / intense / warm,punchy,1.29019,0.93478,159890712,,,,1.0898,,,1.3243,1.1123,1.7649,
,0.0678,,0.2107,,,vocal / raw / deep,vocal,-0.67224,-0.64321,207313178,,,-0.2899,,-0.3358,-0.2265,,,,-0.3396
,,,,,1.2386,minimal / atmospheric / driving,minimal,0.48448,0.77812,267400672,1.4338,1.6877,1.3288,1.4624,,,,,,1.4733
,,,,1.5561,,atmospheric / intense / warm,atmospheric,1.3404,1.28027,138884456,,,,1.463,1.3471,,1.5191,,1.4601,1.5649
1.932,,,,,1.1219,minimal / percussive / warm,minimal,0.18726,1.06233,223797497,1.2547,1.983,,,,,1.4226,1.2555,,
,0.9999,1.0912,1.4619,,,vocal / dreamy / warm,vocal,0.27688,1.17132,68564829,1.2637,,,0.9175,,,1.159,,,
-1.411,,,,-1.5673,,dark / punchy / deep,dark,-1.48487,-2.31246,94892817,,,,,-0.0224,-0.7765,,-1.0691,-0.5965,
,-0.1907,,-0.1239,,,punchy / deep / vocal,punchy,-0.22199,-0.4779,4946577,,,,,-0.1729,-0.079,-0.2993,,0.2915,
0.4358,,0.3079,,0.5877,,punchy / dark / intense,punchy,0.70617,-0.45978,113851449,,,,,0.7959,0.4218,,,1.9856,
1.1325,0.5079,0.4774,,0.576,,percussive / dark / driving,percussive,0.67465,-0.22622,103859284,,,,0.7857,0.8185,,,,,
0.8837,-0.3629,-0.2478,,,,percussive / warm / punchy,percussive,-0.01054,-0.66813,244625209,,,,,-0.2845,,0.4221,,0.3451,
0.714,,0.0969,,0.6067,,punchy / percussive / intense,punchy,0.53487,-0.29727,216159453,,,,-0.0066,0.2477,,,,0.8253,
,,,,,0.2983,hypnotic / minimal / warm,hypnotic,-0.12802,0.31472,217290412,0.3517,0.6185,,,,,0.5749,0.7613,,0.3902
2.5483,0.2734,1.0871,,1.0651,,percussive / euphoric / intense,percussive,1.16177,-0.39667,178175822,,,,,0.2804,,,,1.0295,
0.5873,-0.0116,-0.3601,0.0167,-0.4922,,percussive / vocal / raw,percussive,-0.36769,-1.03948,202301836,,,,,,,,,-0.7108,
,0.5349,,1.2798,,,vocal / dark / raw,vocal,-0.3014,-0.04759,196968694,,,,,0.8877,0.3223,,0.2958,,0.5131
1.1603,,-1.5455,,-1.1128,,percussive / intense / deep,percussive,-1.04827,-1.83256,152592950,-1.4128,,,,,-1.3987,,,,-1.5657
,0.7012,,,0.8605,,dark / punchy / intense,dark,0.67296,-0.07917,16651900,,,,0.6369,1.6482,0.8578,,,1.033,
,,0.1013,,0.0444,,punchy / dark / hypnotic,punchy,0.11039,-0.19886,233689202,,,,,0.7759,0.1301,,0.3166,1.0504,
0.655,-0.1672,,,,,percussive / punchy / warm,percussive,0.1691,-0.39078,204452271,,-0.1356,,0.162,,,0.3688,,0.5797,
0.5559,-0.5736,,,,,percussive / punchy / dark,percussive,-0.40115,-1.09029,76156508,,,,,-0.4198,-0.609,-0.5331,,-0.0124,
-0.8607,-0.7925,,-0.8851,,,punchy / raw / percussive,punchy,-0.95731,-1.75634,33495734,,,,,-1.1537,-1.2202,,,-0.2579,
0.1727,-0.9206,-0.9961,,,,percussive / dark / raw,percussive,-0.87409,-1.44538,90827834,,,,,-0.9092,,-1.3214,,-0.9441,
0.1873,-0.7965,-0.7367,,-0.9861,,percussive / euphoric / raw,percussive,-0.68092,-1.36296,34078390,,,,,-0.9361,,,,-0.7976,
,,,,,,minimal / dreamy / deep,minimal,-0.53402,0.37202,91942965,1.5806,1.7636,1.2014,0.7328,,1.4522,,,,0.9706
-0.5509,-0.2961,-0.3607,,,-0.5037,hypnotic / punchy / raw,hypnotic,-0.83186,-1.0625,62070917,,,,,,,,0.0008,-0.0085,
,,,,0.6149,,punchy / dark / deep,punchy,0.58729,0.23058,114177923,,,,0.6715,1.1052,1.0723,,0.5727,1.2087,
,,,1.7183,,1.5307,dreamy / vocal / instrumental,dreamy,-0.08002,1.24731,29273835,2.218,1.564,1.6611,,,,,,,1.4242
1.2226,-1.3841,-1.4726,,,,percussive / punchy / warm,percussive,-0.62065,-1.49571,93998915,,,,-1.1933,,,-1.1052,,-0.9789,
,,,-0.9766,,-1.0447,minimal / dreamy / vocal,minimal,-1.92796,-1.48747,7629666,-0.8138,-0.4397,-1.1766,,,,,-1.1102,,
1.0532,0.7718,,0.0043,,,percussive / raw / instrumental,percussive,-0.48287,-0.50215,75900626,-0.3844,-0.0335,0.0465,,,,,,,
,,,,,,punchy / minimal / dark,punchy,-0.11537,-0.38412,85366378,,0.4977,,,0.2952,0.1931,0.1944,0.2444,0.9325,
,,1.2929,,1.4663,,punchy / dark / intense,punchy,1.07402,0.21966,138370875,,,,,1.5502,0.7939,,,1.9398,0.7892
,0.6033,0.5573,,,,dark / punchy / hypnotic,dark,0.28501,0.28617,98165535,,,,0.4803,0.8804,,,0.7183,0.8793,
,0.8151,,,,,driving / deep / raw,driving,0.48628,0.40017,73434784,0.5694,,0.6604,1.1646,0.7623,0.8477,,,,
,0.5028,0.5707,0.397,0.793,,dark / intense / deep,dark,0.20102,-0.16826,32530285,,,,,0.7945,0.6764,,,,
0.7575,,,,,1.5358,piano / minimal / hypnotic,piano,0.5719,0.63993,133047839,,1.214,,,,,0.7625,1.0485,,0.7483
,,,,-0.0595,0.9288,piano / punchy / hypnotic,piano,-0.13259,-0.18959,230927440,,0.2082,,,,,,0.5578,0.9056,0.09
-0.4435,-0.4976,,,,,punchy / minimal / dark,punchy,-0.55499,-0.87032,35836630,,-0.2594,,,-0.3014,,-0.3879,,-0.2003,
,,,,,,punchy / warm / dark,punchy,-0.47401,-0.69751,246783761,,-0.5751,,-0.4713,-0.4464,-0.4605,0.2919,,0.4874,
,,,,0.3439,,hypnotic / minimal / warm,hypnotic,-0.17325,0.25665,160969165,,0.8939,,,0.4405,0.5392,0.5884,0.9025,,
1.2237,-1.5263,-0.1682,-1.4531,-1.4114,,percussive / euphoric / intense,percussive,-1.31353,-1.85439,240762718,,,,,,,,,-1.9577,
,0.8019,,,,,raw / driving / minimal,raw,-0.34255,-0.42367,263572083,,0.2509,0.0324,0.3464,0.1636,,0.1161,,,
,,,0.5476,,,vocal / dreamy / instrumental,vocal,-1.1566,-0.78163,63463627,0.1042,-0.4077,-0.0185,,,-0.4583,,,,-0.392
0.873,,0.5247,,0.7385,,punchy / dark / deep,punchy,0.83009,0.02962,74305649,,,,,1.0005,0.8947,,,1.3736,
,,,,,,dreamy / atmospheric / minimal,dreamy,0.40223,1.02529,50814675,1.7113,1.4108,1.4026,1.4016,,,,1.2967,,1.4445
0.4001,,,0.6828,,,vocal / dark / percussive,vocal,0.18267,-0.01696,27894123,,,0.1695,,0.4491,,,0.2482,0.1573,
1.2219,,1.3726,1.1137,,,atmospheric / hypnotic / euphoric,atmospheric,0.85638,0.96673,57043587,,,,,1.3458,,,1.3938,,1.4256
0.2252,,0.1891,,0.622,,punchy / intense / dark,punchy,0.36856,-0.38945,37089994,,,,,0.5253,,,,0.8987,0.0872
,0.6336,,0.52,,,driving / raw / dreamy,driving,0.31059,0.25541,180733356,0.5998,0.583,,0.7127,,,0.5619,,,
,,,,,0.5804,piano / dreamy / warm,piano,-0.78786,0.02731,72240430,0.4647,0.3354,,,,,0.3609,0.2477,,-0.4107
-0.0965,0.3171,,0.2755,-0.0656,,raw / vocal / driving,raw,-0.11766,-0.32768,54052694,,,,0.0328,-0.116,,,,,
,1.4636,,,1.1304,,dark / punchy / raw,dark,0.60277,-0.12809,193116888,,,,,1.8032,1.2248,,0.6916,1.4751,
0.5305,,0.2732,,,0.3358,warm / hypnotic / percussive,warm,0.15626,0.34916,71767771,,,,,,,0.6004,0.5517,0.4542,
,,,,,,punchy / minimal / atmospheric,punchy,0.09868,0.00514,1560896,0.3395,0.4053,,,0.0723,,,0.1627,0.6856,0.3869
,,,,,,warm / dark / punchy,warm,0.87471,1.34309,248944035,,,,,1.9276,1.6961,1.9348,1.6237,1.7184,1.4968
2.0652,,0.1961,-0.5413,-0.2485,-0.5618,percussive / euphoric / intense,percussive,-0.21355,-0.69246,164839551,,,,,,,,,,-0.6909
,,1.3305,,1.2459,,punchy / warm / dark,punchy,1.05447,1.07519,57467304,,,,,1.4368,,1.5861,1.3153,1.7155,
,,,,,1.5161,minimal / piano / instrumental,minimal,0.06135,0.38435,160966198,0.8071,1.7051,1.2581,,,,0.8447,,1.1022,
,,,,,0.9894,punchy / hypnotic / piano,punchy,0.49306,0.58301,245667153,,,,,0.7515,,0.8507,1.0677,1.4648,0.7923
2.5126,,-0.337,,-0.5202,-1.0374,percussive / euphoric / intense,percussive,-0.12193,-1.10626,195650333,,,,,,,,-1.1399,-0.635,
1.2485,,1.1999,,0.8876,,warm / percussive / euphoric,warm,0.81705,1.03896,243803324,,,,,,,1.4809,0.9217,,0.8766
,,0.5611,0.4004,,0.4282,warm / hypnotic / euphoric,warm,-0.2683,0.72935,65929435,,,,,,,1.3974,0.7747,,0.4237
,,,,,-0.0512,hypnotic / dreamy / atmospheric,hypnotic,-0.86815,-0.27881,91919865,0.2397,-0.154,,,,,-0.2564,0.2828,,0.0971
,,,,,,punchy / dark / warm,punchy,0.25662,-0.04767,243868070,,,,0.1604,0.5267,,0.4349,0.3916,0.9835,0.0889
,,0.6875,,0.209,,hypnotic / euphoric / dark,hypnotic,-0.03512,0.08962,161587048,,,,,0.481,,0.3333,0.7282,0.4073,
,,,,,,deep / dark / hypnotic,deep,0.27365,0.73046,165971007,,1.1307,,,1.3524,1.4144,,1.338,1.0712,1.1089
,,0.6262,,1.1978,,punchy / dark / deep,punchy,0.81152,-0.11906,37841357,,,,,1.5688,1.3327,,1.1712,2.2661,
,,,,1.175,,punchy / dark / intense,punchy,1.15557,0.69761,149893404,,,,0.9696,1.2147,,1.0843,0.9851,1.994,
,,1.03,,1.2087,,punchy / dark / intense,punchy,0.88853,0.47825,239903631,,,,0.9865,1.615,,1.1452,,1.6441,
0.7731,,1.0737,,1.0712,,punchy / euphoric / intense,punchy,0.97547,0.06326,155514041,,,,,0.6839,,,0.3106,1.7521,
,,,,,0.9194,punchy / warm / piano,punchy,0.2116,0.25472,28738557,,,,,0.72,0.5672,0.9371,0.8166,1.5606,
,0.7087,,0.6728,,,warm / dreamy / hypnotic,warm,0.11222,0.82335,89314402,0.922,,,,,,1.2147,0.8295,,0.7192
-0.3989,-1.6425,-1.3195,,,,percussive / euphoric / raw,percussive,-1.71259,-1.70634,140287082,-1.7129,,-1.9425,,,-1.8366,,,,
,,,-0.7841,,-0.4035,minimal / piano / hypnotic,minimal,-1.39597,-1.29438,32635683,,-0.145,,,,-0.6673,,-0.5727,,-0.6745
,,,2.3325,,2.1889,atmospheric / vocal / instrumental,atmospheric,1.11831,1.72342,261169857,2.1421,,2.299,,,,,2.2071,,2.3828
,,,1.5285,,,dark / driving / atmospheric,dark,0.97387,1.43857,82868726,,1.5686,,1.9266,2.0713,,,1.7321,,1.9018
,,1.5437,,1.5868,,intense / euphoric / warm,intense,1.10618,1.02928,65788230,,,,1.2734,1.3336,,1.4039,,0.9151,
,,,,,-0.2194,punchy / warm / dark,punchy,-0.51952,-0.41876,236461457,,,,,-0.1315,,-0.1006,-0.2489,0.3145,-0.3825
-0.3711,,,,,-0.3615,minimal / punchy / warm,minimal,-0.51775,-0.51121,243204114,,0.1427,,,,,-0.1535,-0.1925,-0.0851,
0.9601,,,,,,percussive / punchy / dark,percussive,0.15428,-0.67349,256994579,,-0.0671,,,0.0528,-0.0384,-0.2507,,0.5145,
,,2.6773,,2.8285,2.6971,intense / piano / euphoric,intense,1.95999,2.03113,109357531,,,,,,,2.6019,2.1601,2.3841,
,0.7708,,0.138,,,raw / dark / driving,raw,-0.17379,-0.52132,5805578,,,,0.4269,0.7595,0.3531,,,0.2017,
,,,,,1.4719,driving / dreamy / piano,driving,0.98002,1.16937,254609530,1.8472,1.3915,1.3443,2.3205,,,1.4072,,,
,0.6114,,,0.8882,,dark / driving / punchy,dark,0.69634,0.05175,105596511,,,,1.2763,1.4633,0.5457,,,0.9625,
0.2267,0.1938,,0.5431,,,vocal / percussive / raw,vocal,-0.63747,-0.78193,33643883,-0.2838,,-0.5534,-0.6498,,,,,,
0.7374,0.1189,-0.1327,0.4178,-0.077,,percussive / vocal / raw,percussive,-0.51577,-0.54896,98813256,-0.439,,,,,,,,,
1.0191,,,,,1.1633,minimal / piano / dreamy,minimal,0.5176,0.67268,112400191,1.0636,1.6924,0.9398,,,,,,1.0562,
,,,,,,deep / minimal / instrumental,deep,-0.00409,0.15126,106980849,1.0125,1.2255,1.0664,,,1.2495,,0.9078,,0.8748
,,,,,,deep / minimal / punchy,deep,-0.39707,-0.45278,243895137,,0.2107,-0.09,,,0.3611,,-0.0295,0.1502,-0.0264
2.5268,,1.0205,,0.499,,percussive / euphoric / hypnotic,percussive,0.62788,0.16113,14202885,,,,,,,0.1407,0.9543,0.4611,
,,,0.9327,,,instrumental / punchy / minimal,instrumental,0.34634,-0.09227,205715797,0.728,1.0756,1.2337,0.8181,,,,,1.1609,
-0.3046,,,,,,punchy / dark / deep,punchy,-0.30982,-0.48274,113279507,,,,,-0.078,-0.0955,,-0.3608,0.1417,-0.193
,,,0.0402,,,warm / minimal / dreamy,warm,-0.44366,0.11234,185576928,0.2465,0.5532,0.0547,-0.0105,,,0.655,,,
-0.9848,,,,,,deep / punchy / percussive,deep,-1.3264,-1.51849,80707450,,-1.081,,,-1.0476,-0.355,-1.3433,,-0.9162,
-0.0509,0.1099,,,,-0.0379,minimal / deep / instrumental,minimal,-0.68631,-1.00119,96847335,,0.668,0.1612,,,0.1809,,,,
-0.2489,,,,,-0.2242,punchy / hypnotic / deep,punchy,-0.5578,-0.76515,44556556,,-0.2787,,,,-0.2002,,-0.1264,-0.1136,
,,,,,0.8121,minimal / piano / instrumental,minimal,-0.56178,-0.01832,34378253,0.7592,1.3213,0.772,,,,,0.5051,,0.1009
-0.2859,-0.1536,,-0.2291,,,atmospheric / raw / vocal,atmospheric,-0.98669,-0.9261,76914977,-0.336,,,,-0.3183,,,,,-0.1293
0.9474,,-0.9968,,,,percussive / euphoric / warm,percussive,-1.02589,-1.33889,196030916,-1.5346,,,-1.6827,,,-1.4852,,-1.5107,
,,,-0.8974,,-0.5818,minimal / piano / hypnotic,minimal,-1.68343,-1.11721,221220725,-0.7913,-0.001,,,,,,-0.7405,,-0.812
0.4055,,-0.1318,-0.0438,,,percussive / vocal / punchy,percussive,-0.21933,-0.33154,174152692,,,,-0.4649,,,-0.17,,-0.1294,
,1.7919,,2.8993,,1.0657,vocal / raw / dreamy,vocal,-0.33357,0.61327,166477857,1.4997,,1.3837,0.9602,,,,,,
,,,1.7413,,1.0998,dreamy / vocal / minimal,dreamy,-0.24862,0.9557,229922147,1.913,1.6723,1.5818,,,,,,,1.1259
,,,,,,warm / dark / atmospheric,warm,0.72048,0.9835,149061210,1.0883,,,,1.227,1.0919,1.4061,1.0988,,1.156
,,,,,0.808,dreamy / atmospheric / warm,dreamy,-0.31008,0.93077,15737235,1.5669,,,,,0.8488,0.9052,0.7863,,1.0245
2.1484,,1.1408,,0.4479,,percussive / warm / euphoric,percussive,0.88109,0.37303,168126046,,,,,0.5493,,1.282,,0.8118,
,,,,1.0632,,dark / warm / hypnotic,dark,0.63255,0.94707,118146347,,,,,1.3574,1.0398,1.2368,1.1994,1.1068,
1.1597,-0.5418,-1.0756,-1.0693,-0.455,,percussive / intense / punchy,percussive,-0.238,-1.25518,200850686,,,,,,,,,-0.489,
-0.4781,,,,,-0.3599,hypnotic / minimal / piano,hypnotic,-0.86248,-0.83136,260498649,,-0.3357,,,,-0.361,,-0.2971,-0.4689,
,,,,,1.6856,deep / hypnotic / atmospheric,deep,0.25829,0.79197,108186408,,,1.7347,,1.8963,3.0201,,2.1001,,1.9036
0.5993,,-0.648,,-0.566,,percussive / punchy / intense,percussive,-0.31197,-1.24239,115400031,,,,-1.0228,,-1.0006,,,-0.2584,
1.4591,,-0.2455,0.0633,-0.7125,-0.664,percussive / vocal / euphoric,percussive,-0.39497,-0.92695,67645610,,,-0.8133,,,,,,,
,,2.1806,,,,warm / euphoric / hypnotic,warm,0.10326,1.77798,44722870,,,,0.691,0.8379,,2.4956,1.3348,,0.806
,,1.3705,1.4624,1.6309,1.4998,intense / piano / instrumental,intense,1.24563,1.22779,119319950,1.3569,,1.4735,,,,,,,
,,,,,3.5851,piano / atmospheric / dreamy,piano,1.1369,2.25457,55534612,2.795,2.4109,,,,2.7308,,2.2753,,3.2345
1.5621,,2.0572,,,,warm / euphoric / punchy,warm,1.46273,1.69577,82078459,,,,1.4127,,,2.4998,1.5587,1.5948,
0.9484,1.2387,1.1423,1.4857,,0.4015,vocal / raw / euphoric,vocal,-0.15132,0.60086,36512899,0.3486,,,,,,,,,
,,,,,0.4982,punchy / piano / minimal,punchy,-0.14863,-0.64533,55203398,,0.3094,,,0.1825,-0.0512,,-0.0086,0.9335,
3.2441,,1.5684,,,,percussive / euphoric / warm,percussive,0.96293,0.87099,2007115,,0.7705,,,,,1.3459,0.6428,0.6253,
,1.3992,,1.0036,,,raw / vocal / minimal,raw,-0.28229,-0.00481,133995966,,0.9852,0.874,,0.698,0.9734,,,,
-0.4481,-0.233,,-0.1332,,,vocal / raw / percussive,vocal,-1.12387,-1.06812,41862380,-0.7845,-0.8386,-0.8547,,,,,,,
,,,-0.6903,,,minimal / dreamy / deep,minimal,-1.30682,-1.03682,165913631,-0.4552,-0.0727,-0.6166,,-0.674,-0.5586,,,,
,,,,,,minimal / dreamy / warm,minimal,-0.7624,-0.53712,147179104,-0.0242,0.2763,-0.1559,,-0.1921,-0.0431,-0.0264,,,
,,,,,,punchy / dark / deep,punchy,0.25641,-0.05943,155908509,,0.4304,0.6071,0.5645,0.7343,0.6228,,,1.0198,
-0.1459,-0.0259,,0.9205,,-0.0438,vocal / deep / raw,vocal,-0.90283,-0.58967,205543150,,,,,,0.2177,,,,-0.1041
,,,,,,minimal / hypnotic / deep,minimal,0.36339,0.36126,232899337,,1.6518,1.1003,,,1.27,,1.3819,0.9687,1.2434
,,,,,,hypnotic / minimal / deep,hypnotic,-0.58456,0.2515,175452700,,1.5195,0.7902,,1.1723,1.2711,,1.532,,1.1902
1.6977,,1.9569,,1.6601,,euphoric / atmospheric / percussive,euphoric,1.48472,1.54615,14831138,,,,1.6728,,,,1.6813,,1.9475
3.1349,,2.1218,,1.4374,,percussive / euphoric / intense,percussive,1.36166,0.48432,51494034,,,,,,,0.0796,,1.0071,0.4253
2.4744,0.8495,1.1082,,0.178,,percussive / euphoric / raw,percussive,0.30355,-0.48012,68588866,,,,,,-0.1405,,,,-0.1402
,1.1139,,1.4922,,1.0898,instrumental / vocal / minimal,instrumental,-0.11786,0.56818,124010435,1.2836,1.2956,1.6955,,,,,,,
0.7051,,-0.2086,,0.169,,percussive / dark / intense,percussive,0.11661,-0.65567,110406975,,,,-0.1724,0.36,0.0624,,,,
0.8437,-1.1232,-0.8074,-0.8198,-1.9807,-1.7204,percussive / euphoric / vocal,percussive,-1.44605,-2.00112,203201580,,,,,,,,,,
-0.0486,,,,,,warm / percussive / dark,warm,-0.26343,-0.31413,34186350,,-0.2026,,,-0.0746,,-0.0111,,-0.0833,-0.2137
-0.0468,,,,,0.1754,minimal / atmospheric / hypnotic,minimal,-0.45182,-0.37121,138744353,0.3206,0.7329,,,,,,0.3687,,0.3912
,0.8263,,1.5686,,0.5277,vocal / raw / dreamy,vocal,-0.57615,0.16253,759385,0.7045,0.3735,0.4676,,,,,,,
0.5477,,-0.1955,,-0.2765,,percussive / dark / hypnotic,percussive,-0.15567,-0.51329,100875985,,,,,-0.0188,,,-0.0482,-0.0681,
-0.2354,,,,-0.8305,,punchy / percussive / intense,punchy,-0.6617,-1.75936,166399018,,,,,-1.2522,-1.2648,,,-0.0904,-1.2742
0.1023,,,,,,percussive / dark / driving,percussive,-0.43024,-1.05842,72376457,,,,-0.1742,-0.0933,-0.8748,-0.8417,,-0.4387,
,1.3982,1.892,2.8995,1.0266,1.1249,vocal / euphoric / raw,vocal,-0.18125,0.75823,10527374,,,0.8276,,,,,,,
0.9732,,0.0757,,0.0651,,percussive / punchy / dark,percussive,0.34385,-0.44418,221103082,,,,0.1473,0.1745,,,,0.1899,
0.3153,,,,,0.0524,minimal / percussive / warm,minimal,-0.52917,-0.13051,72905282,-0.1942,0.5776,,,,,0.2746,0.0149,,
-0.1023,,,,,-0.4466,minimal / percussive / dreamy,minimal,-0.5611,-0.82676,236832521,-0.2842,-0.0325,,,,,-0.613,,-0.4779,
-0.3673,,-1.6674,,,,percussive / punchy / warm,percussive,-1.58888,-1.64723,188665843,,-1.652,,,,,-1.461,-1.5595,-1.4178,
-0.7087,,,,,-0.8906,punchy / dark / minimal,punchy,-0.74047,-1.34787,211928939,,-0.6467,,,-0.4341,-0.6709,,,-0.0182,
0.9479,,,-0.4487,,,percussive / minimal / vocal,percussive,-0.39659,-0.82067,126877242,,-0.3086,-0.5313,-0.5521,-0.6026,,,,,
,,,,0.2529,0.7169,deep / punchy / piano,deep,0.00076,-1.28208,22693494,,,,,0.2858,1.157,,0.3153,0.8586,
,1.5026,,1.0323,,,deep / dark / raw,deep,-0.08244,-0.01122,113179824,,,0.8658,0.786,1.5125,1.5686,,,,
,,,,,-0.5818,punchy / deep / piano,punchy,-1.43693,-1.80754,123677344,,-1.2355,,,-1.4521,-0.1605,,-1.3125,-0.0585,
0.9369,,-0.0529,,-0.1629,-0.2986,punchy / percussive / dark,punchy,0.42817,-0.66561,233500590,,,,,0.0679,,,,1.3162,
-0.6291,-0.6529,,-0.6182,,,minimal / hypnotic / vocal,minimal,-1.02921,-0.88789,49170941,,-0.0166,,,,-0.6482,,-0.6034,,
-0.6791,,,,,-1.1039,deep / percussive / punchy,deep,-1.09495,-1.71555,115957579,,,-1.0365,,-1.1205,-0.2735,,,-0.789,
,1.0625,,,,1.2562,minimal / instrumental / piano,minimal,0.65615,0.84631,132557171,1.0233,1.6588,1.6548,,,,1.0634,,,
1.0948,,1.8243,,1.5493,,euphoric / intense / atmospheric,euphoric,0.92116,1.03327,99853174,,,,,1.07,,,1.0228,,1.1652
-0.621,-1.3392,-1.0693,,,,percussive / euphoric / driving,percussive,-1.24518,-1.25866,69964830,-1.225,,,-1.2151,-1.3337,,,,,
,,,,,0.5715,hypnotic / atmospheric / minimal,hypnotic,-0.06966,0.36589,198527270,0.7038,0.9575,,,,0.8819,,1.3366,,1.1877
1.4498,,1.2341,,1.0802,,percussive / punchy / dark,percussive,1.23505,0.11716,137209330,,,,1.0969,1.2464,,,,1.3134,
,-0.0329,,-0.255,,,minimal / raw / dreamy,minimal,-0.69719,-0.59326,109903774,-0.0346,0.3293,,,-0.0641,,,-0.3077,,
,,,-0.0332,,,minimal / dreamy / deep,minimal,-0.7702,-0.2489,224344557,0.0981,0.4586,,,,0.019,-0.0629,0.0143,,
-0.0001,-0.3517,,-0.1173,,,percussive / vocal / raw,percussive,-0.98215,-0.63613,97540400,-0.4317,,,,-0.7015,-0.6073,,,,
1.4347,,1.1138,,0.8231,,percussive / euphoric / intense,percussive,0.72508,0.56185,41384663,,,,,,,0.7426,0.5724,0.7404,
0.6664,,0.465,0.0414,0.6035,,percussive / intense / euphoric,percussive,0.08602,-0.25958,160922718,,,-0.2372,,,,,,-0.2407,
,0.4563,-0.637,0.0144,,,raw / vocal / deep,raw,-1.35932,-0.8938,236766330,,,-0.4835,,-0.5702,-0.2035,,,,
0.2667,-1.093,-1.6798,-0.2091,,,percussive / vocal / raw,percussive,-1.79443,-1.83736,250466784,-1.4027,,-1.2184,,,,,,,
,-0.5084,,0.5274,,-0.5466,vocal / dreamy / minimal,vocal,-1.61142,-0.92015,238129462,-0.107,-0.1805,-0.3706,,,,,,,
,,1.9394,,1.9553,,warm / punchy / driving,warm,1.60503,1.54152,155804197,,,,1.978,1.8036,,2.2333,,2.203,
1.4647,,1.3434,,1.516,1.2278,atmospheric / intense / percussive,atmospheric,1.11534,0.94127,158816620,,,,,,,,1.2776,,1.559
1.875,-0.3939,,,,,percussive / minimal / raw,percussive,-0.21432,-0.84358,105552432,-0.4005,-0.2761,,,,-0.7094,-0.6059,,,
0.0962,,,-1.4437,,,percussive / minimal / deep,percussive,-1.66911,-1.99926,160292894,-1.5894,-1.3676,-1.71,,,-1.3835,,,,
0.4128,,,,0.7275,,punchy / intense / hypnotic,punchy,0.57011,-0.11262,229412760,,,,,0.3602,,0.1846,0.426,1.0584,
-0.253,,,,-0.2158,-0.1739,punchy / hypnotic / warm,punchy,-0.37104,-0.44732,260389235,,,,,,,-0.0579,0.0435,0.1165,
,,,,0.9798,,hypnotic / minimal / punchy,hypnotic,0.62896,0.74215,131053904,,1.2473,,,1.0885,,,1.4713,1.2227,1.1391
,,0.7981,,0.7934,,punchy / dark / euphoric,punchy,0.65085,0.44724,38022788,,,,,1.1704,,0.72,0.7196,1.2223,
,,,,,-0.9522,deep / dark / punchy,deep,-1.23608,-1.83373,92905345,,,,,-0.2015,-0.0679,,-1.068,-0.3837,-1.3398
2.705,,2.0863,,,,percussive / warm / euphoric,percussive,1.72524,1.63978,36679630,,,,1.5367,,1.5813,2.1382,1.5584,,
,,,,,0.3102,deep / dreamy / piano,deep,-0.90378,-0.57446,21700433,0.3557,0.2663,-0.0105,,,0.6665,,,,0.0964
,,,,,,minimal / deep / instrumental,minimal,-0.64567,0.07834,92037925,0.6248,1.2304,0.8823,,,0.9833,0.3461,,,0.4384
,,,,,,minimal / dreamy / deep,minimal,-1.58195,-0.91996,252349774,0.2279,0.2943,-0.2953,,-0.6733,0.1398,,,,-0.2815
,,,,,0.0842,dreamy / minimal / deep,dreamy,-0.80153,-0.71848,81717713,0.3286,0.2007,-0.1496,,,0.1983,,,-0.3134,
,,,,,1.3206,deep / punchy / instrumental,deep,0.71295,0.58102,214711884,,1.1882,1.3489,,,2.2368,,1.3237,1.6366,
,,,,,0.7171,piano / punchy / minimal,piano,-1.05198,-0.76424,101813665,-0.6195,-0.1366,,,,-0.5445,,-0.2497,-0.0159,
-1.6403,,,,,-1.5948,deep / punchy / dark,deep,-1.64974,-2.19401,190120092,,-1.5949,,,-1.4438,-0.6609,,,-1.0696,
0.3567,,,0.3869,,,dreamy / minimal / vocal,dreamy,-0.01176,-0.08111,56742540,0.5459,0.4929,,0.2967,,,,,,0.1608
,,,,,,deep / minimal / atmospheric,deep,-0.88973,-0.61434,76993145,0.1835,0.3802,,,-0.3174,0.4845,,-0.0724,,0.3478
,1.0376,,0.7881,,,raw / vocal / warm,raw,0.01514,0.18369,111866620,0.0161,0.2985,,0.3673,,,0.6128,,,
,,,,,,deep / dreamy / minimal,deep,-0.46533,0.12224,103606167,1.2259,1.0896,1.036,,0.7485,1.4158,,,,1.0496
0.9252,-0.7007,,,-0.7958,,percussive / punchy / dark,percussive,-0.27031,-1.05369,62651171,,,,,-0.5182,-0.5252,,,-0.3951,
,0.0105,,-0.2466,,,raw / deep / dark,raw,-0.79315,-0.53417,9573433,,-0.1317,,,0.0049,0.0066,,,,-0.0164
0.1071,,,,,,punchy / dark / hypnotic,punchy,-0.03205,-0.18802,69457587,,-0.0089,,,0.168,,,0.1177,0.4503,0.0841
,,,,,,dreamy / warm / hypnotic,dreamy,0.07447,0.56992,32093453,0.897,0.5508,0.547,,,,0.8216,0.6322,0.4721,
,0.3644,,0.7634,,0.6461,vocal / piano / dark,vocal,0.04265,0.16386,128621447,,,,0.5152,0.5687,,,,0.4606,
0.8547,1.2216,,,,,minimal / warm / instrumental,minimal,0.25076,0.63357,260191364,0.9296,1.9904,1.3001,,,,1.3069,,,
,,,0.6281,,0.5284,dreamy / vocal / driving,dreamy,-0.22748,0.01995,235477278,0.7701,0.2736,,0.5508,,,,,,0.3122
,1.4556,,1.7318,,0.1834,vocal / raw / dreamy,vocal,-1.19784,-0.42782,248750496,0.8486,,0.8095,,,0.1881,,,,
,,,,,,deep / minimal / dreamy,deep,-0.20929,0.513,232042541,1.3257,1.5295,1.3145,,,1.8006,,1.2154,,1.1601
,0.446,,,,,deep / instrumental / dark,deep,-0.38925,-0.03658,88493163,0.4375,,0.7982,,0.5932,1.2028,,0.4836,,
0.1837,,-0.5657,,,,warm / percussive / punchy,warm,-0.50619,-0.31973,87304726,,-0.5421,,-0.641,,,0.4545,,-0.4328,
2.5779,0.8943,1.5051,0.4407,0.9488,,percussive / euphoric / intense,percussive,1.05506,0.23469,151269264,,,,,,,,,0.4314,
-0.3143,,,,,-0.2857,dreamy / atmospheric / minimal,dreamy,-0.53068,-0.44889,201275303,0.3267,-0.0993,,-0.11,,,,,,-0.0591
0.2674,,,0.4945,0.355,,punchy / driving / vocal,punchy,0.46644,-0.00107,101419096,,,,0.4992,0.2235,,,,0.7441,
,,-0.8765,-0.7869,,,minimal / punchy / vocal,minimal,-0.96083,-0.94745,157969957,,-0.6905,,,-0.9348,,,,-0.7292,-0.8809
,,,,,1.1254,minimal / dreamy / hypnotic,minimal,0.63833,0.90748,220553349,1.4852,1.4883,0.9785,,,,,1.2401,,1.0475
0.9652,0.0373,,0.3236,,,percussive / instrumental / minimal,percussive,-0.21726,-0.27613,153344561,0.1202,0.4022,0.4464,,,,,,,
,,1.0644,,,0.8646,hypnotic / euphoric / piano,hypnotic,0.25801,0.5327,180478817,,,,,0.6099,,0.5528,1.067,0.5886,
,1.0149,,1.1688,,,instrumental / vocal / raw,instrumental,0.01225,-0.25938,218180720,,0.9463,1.2294,,0.7144,0.9378,,,,
,-0.461,,,,-0.2521,minimal / warm / piano,minimal,-1.38449,-0.538,160247363,,0.1145,-0.4678,,,,-0.2374,-0.3217,,
-0.6691,,,-0.6527,,,minimal / deep / instrumental,minimal,-1.40471,-1.58291,42009269,,-0.1857,-0.4982,,,-0.3479,,,,-0.6949
,,0.0098,,0.1835,,punchy / hypnotic / dark,punchy,0.3346,-0.11214,231229161,,,,,0.4278,,0.2051,0.4723,1.427,
,,,,,1.1403,piano / hypnotic / atmospheric,piano,-0.03089,0.29844,143217896,0.7184,0.9858,,,,1.0006,,1.0091,,1.0062
,,,0.4049,,,vocal / minimal / dark,vocal,-0.51706,-0.5819,99872930,,0.3865,0.2111,0.1029,0.2647,,,,0.0542,
,-0.3474,,0.2413,,0.3146,piano / vocal / dreamy,piano,-1.14489,-0.4318,8144353,0.1747,-0.1788,0.037,,,,,,,
0.1846,-0.3042,,-0.5947,,-0.5702,percussive / raw / driving,percussive,-0.50701,-0.94222,250493742,,,,-0.4855,,,,,,-0.6877
0.6875,,1.3525,1.3006,0.3887,0.517,euphoric / vocal / percussive,euphoric,0.11715,0.40903,87906143,,,,0.2968,,,,,,
0.7037,-0.0879,,-0.7033,,,percussive / raw / dark,percussive,-0.55593,-1.00903,133544107,,,,-0.6434,-0.35,-0.7045,,,,
,0.8577,,1.4655,,-0.2415,vocal / raw / dreamy,vocal,-0.87678,-0.64316,229614270,0.0285,,-0.2186,,-0.4073,,,,,
1.1869,-0.1336,-0.0861,0.0964,-0.0024,,percussive / vocal / intense,percussive,-0.33344,-0.66544,4962231,,,,,,,,,,-0.3849
,0.1119,,,0.5161,,punchy / dark / deep,punchy,0.34027,-0.32061,253862812,,,,0.1146,0.6465,0.5171,,,0.808,
,0.013,,,,,raw / dreamy / deep,raw,-0.81395,-1.05339,16222049,-0.3002,,,-0.5169,-0.5721,-0.415,,,,-0.7071
1.2119,0.1414,-0.448,,-0.3265,,percussive / raw / dark,percussive,-0.20049,-1.44733,14064142,,,,-0.7708,-0.2944,,,,,
,0.9329,,2.2918,,,vocal / dreamy / atmospheric,vocal,-0.09619,0.90208,70865870,1.9424,1.3029,1.2441,,,,,,,1.4388
,,,,,0.764,dreamy / deep / hypnotic,dreamy,-0.72823,0.63329,25636133,1.2357,0.6043,,,,0.9904,0.6053,0.9025,,
,,,,0.4397,,deep / dark / atmospheric,deep,0.01816,-0.23123,77019177,,,,,0.9287,2.0437,,0.6371,0.688,0.7185
0.592,,,,0.5602,,punchy / deep / dark,punchy,0.58723,-0.4436,85532982,,,,,0.6661,0.7941,0.1218,,1.1494,
-0.5597,-0.6369,-0.1868,,,,warm / euphoric / percussive,warm,-0.83808,-0.12229,135713810,,-0.621,,,,,0.7492,-0.5612,,
,,,,0.0955,,punchy / dark / warm,punchy,0.46526,-0.01821,186283572,,0.1352,,0.2664,0.5306,,0.2849,,1.6306,
,,,,-0.0645,,deep / punchy / dark,deep,0.08196,-0.72587,162434477,,,,0.2257,0.5976,1.2162,,,0.6767,-0.0046
0.4114,,-0.8129,,,,percussive / punchy / hypnotic,percussive,-0.70196,-1.04102,13055160,,,,,,-0.844,-0.8235,-0.723,-0.7115,
0.54,,,,,,minimal / percussive / warm,minimal,-0.34065,-0.27485,262055603,-0.0786,0.7251,,,,,0.0774,-0.0813,,-0.1805
,,1.6765,,1.5503,,warm / dark / euphoric,warm,1.23672,1.43744,196594783,,,,,1.743,,1.8232,1.6491,,1.4844
,,,,0.0347,0.3704,punchy / piano / hypnotic,punchy,0.07724,-0.22889,168083711,0.1028,,,,,,,0.214,0.6123,0.0386
0.7579,,,,0.7432,,punchy / hypnotic / percussive,punchy,0.7253,0.1056,177880047,,,,,0.5833,,,0.8924,1.4326,0.4196
,0.3677,,0.293,,,raw / vocal / instrumental,raw,-0.37573,-0.25147,73756659,0.0081,0.0893,0.2185,,,,-0.0616,,,
,,,,,,minimal / hypnotic / dreamy,minimal,-0.39215,-0.26468,105884230,0.041,0.5058,-0.113,,,,0.0242,0.1907,-0.0048,
,,,-0.0474,,,warm / minimal / driving,warm,-0.00339,0.2774,200722097,0.2372,0.4917,,0.3623,,,0.9178,,0.134,
,,,,,,dark / deep / atmospheric,dark,0.10918,0.62336,11529779,0.8949,,,0.6821,1.2834,1.0722,,0.8365,,0.9168
,,,0.5272,,0.6506,instrumental / piano / minimal,instrumental,-0.44663,-0.08797,96864559,0.5309,0.6275,0.7445,0.3377,,,,,,
,,1.0232,,,,punchy / dark / warm,punchy,0.72002,0.5574,240065118,,,,,1.7645,1.1152,1.1345,1.0027,2.0457,
,,,0.9594,,0.6087,dreamy / minimal / instrumental,dreamy,-0.29668,0.56504,118818580,1.4388,1.1192,1.0088,,,,,,,0.8603
,0.3749,,,,,dreamy / deep / minimal,dreamy,-0.08988,0.38736,144112929,1.0606,0.7679,0.6066,,,0.8682,,,,0.6098
1.7337,,0.5868,0.4386,0.5388,0.7085,percussive / piano / euphoric,percussive,0.43553,0.17329,115721881,0.4919,,,,,,,,,
,,,,,,punchy / instrumental / minimal,punchy,0.56641,0.53426,231211488,,1.0443,1.0563,,0.9458,,0.9343,1.0027,1.5511,
,,1.8447,,1.8929,,punchy / intense / euphoric,punchy,1.45299,1.04855,53247560,,,,,1.7936,,1.4074,1.2982,1.9009,
0.728,0.5107,0.2657,0.8141,,0.7395,vocal / piano / percussive,vocal,-0.47893,-0.81761,114210551,,,,,,,,-0.3672,,
-0.149,,,-0.2118,,,dreamy / percussive / vocal,dreamy,-0.39087,-0.47607,28473075,-0.0982,,,-0.3856,,-0.4167,,,-0.3119,
1.5103,0.1998,0.9094,1.0487,0.7317,,percussive / vocal / euphoric,percussive,0.14443,0.16034,145064120,,,,,,,,,,0.5133
,-0.4804,,0.6651,,-0.2806,vocal / dreamy / piano,vocal,-1.10032,-0.51455,149948218,-0.1893,-0.3428,-0.4719,,,,,,,
,,,-0.1171,,,dark / minimal / punchy,dark,-0.474,-0.57823,120256845,,-0.0179,-0.1684,,0.0848,,,-0.1285,-0.0252,
1.3495,-0.9315,-1.0062,-0.7248,,,percussive / vocal / raw,percussive,-1.21986,-1.28982,144811814,-1.5052,,,,,,-1.3581,,,
,,,,,,minimal / dreamy / hypnotic,minimal,0.00757,0.26716,133711296,0.5873,0.7524,,,0.5201,0.5206,,0.5539,0.5167,
,,,,,1.7089,piano / deep / hypnotic,piano,0.95747,1.08894,117994420,1.5119,1.5205,,,,1.6695,,1.6479,1.5952,
,0.5961,,,,1.7352,piano / instrumental / hypnotic,piano,-0.02474,-0.12851,10870401,,0.8261,1.1497,,,0.8298,,0.9522,,
,,,,,,punchy / warm / driving,punchy,0.67875,0.67299,143159329,0.7781,0.8363,,1.1416,0.9498,,1.4395,,1.616,
,,,,2.7473,,deep / intense / dark,deep,1.4405,1.64853,80506032,,,2.1075,,2.7185,3.1764,,2.3659,,2.3269
,,,,,0.9472,dreamy / hypnotic / minimal,dreamy,0.38055,0.82577,8572383,1.5293,1.4535,,,,,0.9893,1.4897,,1.3277
,,,,,0.5172,dreamy / minimal / piano,dreamy,-0.06963,0.17947,109409661,1.0868,0.9333,,,,,0.386,0.4232,,0.4111
,,,,,0.973,minimal / dreamy / hypnotic,minimal,0.02506,0.42075,217111314,1.2152,1.4846,1.026,,,,,1.1148,,0.9398
,,,,,1.2141,hypnotic / minimal / dreamy,hypnotic,0.3558,0.88092,120396120,1.2206,1.3463,1.1029,,,,1.2088,1.4211,,
,1.6076,,,1.9465,,instrumental / intense / hypnotic,instrumental,1.33067,1.24508,139533046,,,1.9535,,,1.7137,,1.7636,,1.6481
0.8189,,,,-0.0137,,percussive / atmospheric / intense,percussive,0.06494,-0.31513,238389713,,,,,-0.1196,,,-0.0612,-0.0346,0.1124
,1.2532,,,,1.2901,minimal / hypnotic / piano,minimal,0.12756,0.03273,71466895,,1.7097,1.0742,,,0.7829,,1.3754,,
,,,,,,punchy / deep / dark,punchy,0.20114,0.24084,172971288,,0.792,,,1.033,1.0727,,0.8368,1.1295,0.6791
,,,,,,minimal / atmospheric / hypnotic,minimal,0.53042,0.74238,250028407,,1.8513,,,1.3712,1.528,,1.6766,1.3136,1.7409
,1.0558,0.492,0.4784,0.8479,,punchy / raw / intense,punchy,0.53118,0.10152,175978658,,,,,0.4934,,,,1.0561,
,,,,1.6175,,deep / driving / instrumental,deep,1.0994,1.09801,114595968,1.605,,1.6682,1.8811,1.5326,2.0828,,,,
,1.6244,1.3629,1.98,1.2882,,vocal / instrumental / raw,vocal,1.00641,1.09519,74077990,,,1.889,1.3894,,,,,,
0.5085,,-1.0339,-1.1605,,,percussive / punchy / euphoric,percussive,-0.72394,-1.35639,160569506,,,,-1.0775,,,-1.2712,,-0.9054,
,1.3393,,1.9862,,,vocal / dark / hypnotic,vocal,0.65846,1.05033,179253101,,,1.3251,,1.4296,,,1.4267,,1.331
0.4469,-0.0856,-0.3311,-0.211,,,percussive / raw / vocal,percussive,-0.41188,-0.82401,245958645,,,,,-0.2761,,,,,-0.3328
,,,,,0.9578,minimal / piano / instrumental,minimal,-0.71799,-0.15825,222277390,,1.5206,0.8271,,,0.6948,,0.5259,,0.4641
,,2.5752,,2.0723,,euphoric / dark / intense,euphoric,1.18378,1.36206,226579957,,,,,2.1994,1.6306,,1.7646,1.8111,
,2.1769,3.0049,,2.7232,,euphoric / intense / raw,euphoric,1.82796,1.86245,180320602,,,,1.9486,1.8442,,2.1041,,,
,0.6783,1.0216,,0.8418,,euphoric / dark / intense,euphoric,0.3686,0.24174,107934318,,,,0.3772,0.864,0.8372,,,,
,,1.5547,,1.3109,,euphoric / intense / punchy,euphoric,0.68482,0.622,868027,,,,,1.0277,,1.1495,1.1824,1.279,
0.4233,,,0.6325,,,vocal / percussive / minimal,vocal,0.19064,-0.45317,8876713,,0.3674,0.293,0.3477,0.127,,,,,
,,,,,0.7334,minimal / deep / piano,minimal,-0.47678,-0.64719,205385989,,1.0235,,,,0.9881,,0.4708,0.7216,0.3822
,0.0716,,,,0.1068,minimal / dreamy / instrumental,minimal,-0.73439,-0.2502,251596751,0.9326,1.1232,0.5172,,,,,0.1181,,
,,1.9288,1.5383,2.0361,,intense / euphoric / driving,intense,1.58556,1.55713,254288176,,,,1.797,,,1.7478,,,1.4589
1.457,1.8303,1.1018,2.0228,,,vocal / raw / percussive,vocal,0.64944,1.00698,110036836,,,0.8408,,,,1.1366,,,
1.1939,,-0.1713,,,,percussive / warm / dreamy,percussive,-0.11756,0.02042,142482628,0.0105,-0.2992,,,,,0.222,-0.4166,,
,,,,,2.7106,piano / instrumental / minimal,piano,0.34366,0.35916,151196082,1.1992,1.556,1.8316,,,1.2737,,,1.2186,
1.9683,,1.5097,1.4839,2.2501,,intense / percussive / driving,intense,1.70243,1.18908,171965959,,,,1.833,,,,,,1.8096
,,,,,1.1012,piano / dreamy / minimal,piano,-1.44723,-0.50932,6456592,0.3474,0.1056,-0.3583,,,,,0.0271,,-0.2044
0.5032,,-0.0706,,,-1.0284,percussive / euphoric / warm,percussive,-0.68448,-0.74361,107214789,,,,-1.2969,,,-0.1914,,-0.5713,
0.0941,,1.0924,,0.1474,0.4732,euphoric / piano / intense,euphoric,-0.51387,-0.26124,66002765,,,-0.3816,,,,,,,-0.3652
,,2.669,,2.2454,,euphoric / intense / hypnotic,euphoric,1.19134,1.41913,143282755,,,,,1.4808,1.6171,,1.6986,,1.5816
,,,,,,hypnotic / dreamy / warm,hypnotic,-0.54812,0.07164,264246038,0.2742,0.0694,,,,-0.011,0.2072,0.3302,,0.1027
-0.0155,-0.1393,,-0.403,,,percussive / raw / vocal,percussive,-0.49997,-1.25406,189128587,,,,-0.5281,-0.6249,,,,-0.5719,
0.4914,-0.3304,,,-0.2771,,punchy / percussive / intense,punchy,-0.10444,-0.9005,225162288,,,,,,,-0.3057,-0.3882,0.502,
-0.4798,-0.623,,-0.3,-0.7832,,vocal / percussive / raw,vocal,-0.73486,-1.00388,110508043,,,,-0.6809,-0.7478,,,,,
-0.4924,-1.1433,,,-1.1827,,punchy / deep / percussive,punchy,-0.79572,-1.66379,161624698,,,,,-0.5569,-0.4054,,,-0.1006,
,,-0.0186,,,,punchy / dark / warm,punchy,-0.08865,-0.15626,95511736,,,,,0.5904,0.2857,0.4214,0.0204,0.9355,
,,,,1.1771,,punchy / intense / dark,punchy,0.96731,0.55047,123948732,,,,0.7372,1.1563,,,1.1452,1.4193,0.9683
,,,,,0.5455,deep / dark / punchy,deep,0.02638,-0.3754,65851897,,,,0.5216,1.0285,1.142,,,0.6983,0.3242
,0.4406,,0.4179,,0.3726,minimal / instrumental / raw,minimal,-0.61642,-0.28029,234730634,0.352,0.8277,0.6858,,,,,,,
0.4044,,,,-0.8538,,percussive / dreamy / warm,percussive,-0.63164,-0.94264,209155403,-0.713,,,,,,-0.7688,,-0.7965,-1.1412
,,0.4748,,,,dark / hypnotic / punchy,dark,0.20232,0.39577,187254702,,,,,0.965,,0.6862,0.875,0.6967,0.6582
,,,,,,deep / atmospheric / dreamy,deep,-0.76987,-0.99205,177277314,-0.2379,-0.3103,,-0.5814,-0.2858,0.0661,,,,-0.169
0.4325,,-1.1541,-1.3902,-1.5905,-1.5555,percussive / euphoric / punchy,percussive,-1.13654,-1.50523,53504415,,,,,,,,,-1.2743,
0.7283,,,,,0.0784,punchy / percussive / dark,punchy,0.47875,-0.40323,246218994,,0.37,,,0.5325,0.1866,,,1.1956,
,0.6138,,0.7795,,,vocal / raw / dark,vocal,-0.69674,-1.06367,205343488,,-0.501,-0.5244,-0.5739,-0.4403,,,,,
,0.1091,,,0.2356,,punchy / dark / deep,punchy,0.21906,-0.40315,79344908,,,,0.2575,0.8798,0.7038,,,1.3316,
0.8184,0.3672,0.3473,,0.7203,,punchy / percussive / intense,punchy,0.75116,-0.55584,142291057,,,,,0.541,,,,1.2427,
,,0.5283,,,,warm / hypnotic / euphoric,warm,0.01123,0.76592,203618737,,0.3273,,,0.3468,0.2938,1.513,0.5814,,
,,,,0.1445,,deep / punchy / dark,deep,0.0894,-0.36794,160339994,,,,,0.7941,0.9499,,0.3586,0.9315,0.0153
,,0.3998,,,,warm / hypnotic / euphoric,warm,-0.33021,0.29005,210081207,,,,,0.3768,0.2064,0.5529,0.4539,,0.1441
,,,,,1.0785,dreamy / atmospheric / hypnotic,dreamy,0.10169,0.81587,68850055,1.3853,0.8498,,,,,1.0679,1.1504,,1.1532
,,,,,,minimal / punchy / hypnotic,minimal,0.54689,0.65288,81957932,0.9465,1.6194,1.0089,,,,0.9945,1.0684,1.387,
,0.1534,,,,,deep / dreamy / hypnotic,deep,-0.3893,-0.24245,164430549,0.2906,,0.1559,,0.1565,0.4102,,0.2843,,
,,,,,,punchy / driving / warm,punchy,-0.00296,-0.25273,247299634,,-0.1096,,0.2861,0.0499,,0.0847,-0.1197,0.3352,
,,,,,,dreamy / atmospheric / warm,dreamy,0.23162,0.74219,41553823,1.0125,,,0.7672,0.8081,,0.8828,0.7975,,0.8906
,,,,,1.7739,driving / instrumental / dreamy,driving,0.53184,0.8545,147853693,1.7995,,1.8065,1.9367,1.5428,,,,,1.4831
1.8869,,0.9017,,0.5083,,percussive / euphoric / deep,percussive,0.4952,0.04682,120649009,,,,,,0.6267,,0.4123,,0.6042
0.0257,,,,,,dreamy / percussive / atmospheric,dreamy,-0.77636,-0.4912,37221727,0.1044,-0.5824,,,,,-0.496,-0.5068,,-0.4165
,,,0.3606,,,minimal / vocal / warm,minimal,-0.18651,-0.02014,213324341,0.2412,0.409,0.1457,0.1578,,,0.2535,,,
,,,,,,deep / dark / punchy,deep,0.67798,1.07363,241970385,,,,,1.7053,1.8139,1.3684,1.4905,1.6947,1.4686
,,,,,,minimal / hypnotic / deep,minimal,-0.07872,0.88886,135852736,1.1122,1.3524,,,,1.2225,1.0237,1.3379,,1.186
,,1.6627,,1.7304,,hypnotic / deep / intense,hypnotic,0.56924,0.97133,142852562,,,,,1.5631,1.7773,,1.9015,,1.231
,,,,2.904,,deep / dark / punchy,deep,1.61609,1.45177,226548242,,,,,3.1967,3.6974,,2.6266,3.0545,2.9988
,,,,,2.2828,minimal / piano / dreamy,minimal,1.17738,1.69095,246336537,2.1876,2.3759,,,,,1.7808,1.7936,,2.1306
,,,,1.6503,2.3415,piano / deep / hypnotic,piano,0.86901,1.23397,205089886,,,,,1.7217,2.2424,,1.8509,1.8164,
,,,,,,dreamy / hypnotic / minimal,dreamy,-0.64261,0.35753,207578682,1.3491,0.9333,0.4842,,,0.6262,,0.9408,,0.6984
,0.0077,,,-0.0994,,punchy / dark / deep,punchy,-0.03819,-0.70027,206531485,,,-0.0804,,0.4974,0.2538,,,0.7175,
,,,,1.3001,1.2932,hypnotic / intense / piano,hypnotic,0.6882,0.98637,50566952,,,,,,1.1181,1.2712,1.3509,,1.1107
,,,,,,minimal / hypnotic / warm,minimal,0.44348,0.543,3256524,,1.4386,,,0.6796,,1.0498,1.1113,1.0401,0.8907
,,,,,,minimal / dreamy / atmospheric,minimal,0.27153,0.62076,62236267,1.3108,1.559,1.1061,1.0824,,,,1.0361,,1.2177
,0.682,,,,0.578,deep / raw / instrumental,deep,-0.21822,0.23338,90240040,,0.5054,0.6009,,,0.719,0.5489,,,
,,,,1.2683,,deep / dark / hypnotic,deep,0.53518,0.66847,49685878,,,,0.9711,1.7369,2.1622,,1.3161,,1.005
,,,,,,punchy / deep / minimal,punchy,-0.52928,-0.55592,242846059,,0.1125,-0.2324,,-0.3501,0.2888,-0.1641,,0.6479,
,0.7507,0.9241,1.156,0.665,0.9666,vocal / piano / euphoric,vocal,0.13813,0.31264,239491507,,,,,,,,0.7062,,
,,,,,0.6741,minimal / punchy / piano,minimal,0.02701,-0.22098,265405532,,1.589,,,0.3418,0.4151,,0.3331,1.1008,
,,,2.0609,,1.6378,dreamy / instrumental / vocal,dreamy,0.58023,0.78012,71802337,2.344,1.6773,2.3276,,,,,,,1.9482
,1.2345,,1.1705,,,warm / raw / dreamy,warm,-0.02328,1.15521,203562457,1.2183,,,,1.0481,,1.5294,1.099,,
,,,-0.2982,,,deep / atmospheric / dreamy,deep,-1.05719,-0.56789,233225880,0.0951,,,,-0.396,0.4857,,-0.2645,,0.1147
-0.276,,,,,-0.4539,punchy / minimal / hypnotic,punchy,-0.32873,-0.70037,101999775,,0.1417,,,,,-0.3775,-0.2574,0.461,
,,1.5248,,,,warm / atmospheric / dreamy,warm,0.79296,2.07642,200424944,2.1041,,,1.6721,,,2.6004,1.6661,,2.135
,,,,0.9342,,deep / hypnotic / atmospheric,deep,0.16491,0.36291,179273628,,1.1339,,,0.8496,2.1237,,1.4981,,1.4644
,,,,,1.3583,dreamy / atmospheric / piano,dreamy,0.20536,0.77361,118963202,1.9483,,,1.223,,1.2769,,1.303,,1.7594
,,,,1.0261,,atmospheric / dark / hypnotic,atmospheric,0.64058,0.7433,124753345,0.8944,,,,1.241,0.9985,,1.1465,,1.3299
1.5093,,-0.0038,,0.5214,,percussive / punchy / intense,percussive,0.67673,-0.72202,241959927,,,,-0.101,-0.3171,,,,0.7772,
0.1807,0.2574,0.5579,1.2322,0.2898,,vocal / euphoric / instrumental,vocal,-0.05114,0.20021,120075250,,,0.4603,,,,,,,
,,,0.6865,0.4075,,warm / vocal / punchy,warm,0.45878,0.43564,258984490,,0.5155,,0.5137,,,0.8501,,0.5349,
,,,,1.0684,,dark / driving / intense,dark,0.69415,0.74705,162888181,,,,1.1674,1.2817,0.9614,,1.0152,,1.0074
,,0.6553,,,1.6617,piano / deep / hypnotic,piano,-0.22924,0.40628,57666379,,,,,0.5255,0.7842,,0.7412,,0.5166
,0.6626,1.3644,1.4893,0.8894,,vocal / euphoric / intense,vocal,0.20388,0.52006,51288485,,,0.3004,,,,,,,0.2412
,,,2.7462,2.4686,,vocal / instrumental / intense,vocal,1.34493,1.70459,232882584,2.0442,,2.654,2.0229,,,,,,2.0274
0.0366,-0.3034,-0.271,0.3462,,,vocal / percussive / euphoric,vocal,-0.81951,-0.43649,143995729,-0.4269,,-0.5326,,,,,,,
0.1887,-0.0645,,1.1462,,-0.3519,vocal / instrumental / percussive,vocal,-0.88633,-0.6498,178147121,,0.1115,0.2793,,,,,,,
,,-0.0869,,0.0394,,punchy / warm / dark,punchy,-0.04339,-0.45531,95790075,,,,,0.0717,,0.1858,0.0299,1.4672,
,,1.3448,,,1.3295,dark / atmospheric / hypnotic,dark,-0.0997,1.26786,221199771,,,,,1.4908,,1.381,1.3945,,1.4138
0.0005,0.5322,0.1136,0.3729,,,raw / vocal / driving,raw,-0.14073,-0.22948,86954331,,,-0.0072,0.1889,,,,,,
1.1754,0.9646,1.642,0.3541,1.1715,,euphoric / percussive / intense,euphoric,0.50639,0.21226,66508778,,,,0.3002,,,,,,
0.5767,,0.742,,0.8768,,punchy / dark / intense,punchy,1.01358,0.35922,120207517,,,,,0.9728,,0.6663,,2.1092,
0.4903,,0.688,,1.1063,,intense / punchy / euphoric,intense,0.66359,-0.17888,241861863,,,,,0.6856,0.5684,,,0.8708,
,1.6602,,1.6645,1.6055,,dark / vocal / raw,dark,0.82871,1.32656,31199851,,,,1.5255,1.6748,,,,,1.4414
,,0.9554,,1.1485,,punchy / intense / euphoric,punchy,1.01039,0.21226,90628967,,,,0.935,0.8589,,0.6636,,1.8903,
,,2.2606,,1.812,1.7037,punchy / euphoric / hypnotic,punchy,1.13163,1.168,59807796,,,,,2.183,,,2.2009,2.5345,
-0.8333,-0.8845,-0.343,-0.2037,-0.9087,,vocal / euphoric / percussive,vocal,-1.2251,-0.76754,2576102,-0.9365,,,,,,,,,
0.7945,0.8985,,0.0278,,,raw / percussive / driving,raw,-0.25529,-0.8833,130189449,,,-0.3876,0.2769,-0.3491,,,,,
,1.7512,1.2289,,,,warm / raw / driving,warm,0.91158,1.17306,260592423,,,,1.3087,1.1501,,2.2001,,1.0908,
0.5372,,-1.0548,,,,percussive / minimal / hypnotic,percussive,-0.95087,-1.14085,105293118,,-0.5588,,,,,-0.8639,-0.8237,-0.8746,
,,1.0832,,1.4381,,punchy / dark / deep,punchy,0.99835,0.42802,223325702,,,,,1.8702,1.6132,0.9445,,2.4968,
0.2709,0.5868,,1.1853,,0.4815,vocal / raw / piano,vocal,-0.36018,-0.03493,221500035,0.4416,,-0.0031,,,,,,,
1.5179,-0.4155,,,-0.5604,-0.2109,percussive / piano / warm,percussive,-0.34611,-0.55092,29763804,-0.5767,,,,,,-0.3898,,,
,,,,0.4646,,punchy / dark / deep,punchy,0.58828,-0.06159,165820835,,,,,0.8539,0.7296,,0.4887,1.6851,0.6316
0.1078,,,,-0.4731,,punchy / percussive / dark,punchy,-0.2968,-0.90996,126717370,,-0.5526,,,-0.2785,,,-0.5074,0.3141,
,0.6968,,0.081,,,warm / raw / dreamy,warm,-0.78845,0.31804,60936410,0.659,0.5482,0.0401,,,,0.9872,,,
,0.339,,,,,deep / minimal / raw,deep,-0.53117,-0.15823,179603671,,0.4856,0.1236,,0.1169,0.6975,0.0882,,,
,,,,1.8379,1.9443,deep / piano / instrumental,deep,1.28428,0.68112,228313209,,,1.8947,,1.6859,2.0305,,1.7308,,
,,,,,,dark / punchy / warm,dark,-0.67667,-0.77974,14725363,,-0.6706,,-0.6138,-0.2667,,-0.5801,-0.6318,-0.4254,
,0.8931,1.5578,0.8737,1.5115,,punchy / euphoric / intense,punchy,1.08506,0.27055,192611372,,,,,1.2833,,,,1.7659,
,0.253,1.254,,0.8571,,euphoric / intense / driving,euphoric,0.32498,0.30384,88205667,,,,0.6318,0.2668,,0.5581,,,
,1.3813,,2.1663,,1.253,instrumental / vocal / dreamy,instrumental,-0.18053,0.56866,80066726,1.9269,1.5429,2.1905,,,,,,,
,,1.5191,,1.348,1.6673,instrumental / piano / euphoric,instrumental,0.50336,0.77124,15596020,,,1.7246,1.4286,,1.0031,,,,
0.6821,,,,1.2829,,punchy / intense / dark,punchy,1.12517,0.17822,75316203,,,,0.9819,1.1731,0.9999,,,1.5538,
1.7276,-0.4501,0.1329,,-0.2833,0.6199,percussive / piano / euphoric,percussive,-0.36503,-0.51434,6411561,-0.5393,,,,,,,,,
,,,,,,minimal / dreamy / driving,minimal,-0.16345,0.06365,235224392,0.6777,1.0128,0.3263,0.5029,,,0.2144,,,0.4019
0.7522,,1.355,,0.7609,,euphoric / punchy / intense,euphoric,0.63301,0.40302,184638524,,,,,0.4871,,,0.5002,0.9054,
1.8802,,0.5563,,0.3526,-0.6553,percussive / euphoric / intense,percussive,0.28189,-0.49517,15833924,,,,,,,-0.641,,0.077,
,,,,,0.0144,dreamy / atmospheric / deep,dreamy,-0.45864,-0.43993,222451034,0.3502,-0.0609,,-0.0815,,0.1316,,,,0.1512
0.9562,,,,,,percussive / warm / punchy,percussive,0.34832,0.00132,47902166,,0.462,,0.1983,,,0.6145,-0.1384,0.4973,
-0.3235,-0.1941,,,,-0.1248,punchy / piano / warm,punchy,-0.43992,-0.53383,161378388,,-0.226,,,,,-0.1671,,-0.0828,
,,,,,,punchy / minimal / hypnotic,punchy,0.33721,0.09786,77241606,0.5751,0.7678,,,0.6159,,,0.7286,1.3161,0.4442
,,,,,,punchy / minimal / hypnotic,punchy,0.67142,0.337,39096762,,1.2801,1.211,,1.2036,,,1.223,1.4517,1.182
,,,0.4674,,,minimal / instrumental / dreamy,minimal,-0.15438,0.08521,141877080,0.8049,1.6105,1.4866,,,0.2859,,,,0.3405
1.0857,0.5561,,-0.3144,,,percussive / raw / punchy,percussive,0.0236,-0.67824,192836932,,,,-0.3983,,,-0.2447,,-0.0243,
,2.0269,1.4772,1.6628,2.0958,,intense / raw / instrumental,intense,1.13886,1.25512,260794613,,,1.7922,,,1.4474,,,,
1.0234,0.5118,0.935,,,0.4375,warm / percussive / euphoric,warm,0.22527,0.59012,94048170,,0.4143,,,,,1.2223,,,
0.1983,,,,-1.0799,,percussive / punchy / hypnotic,percussive,-0.9633,-1.43455,205443422,-1.0707,-1.083,,,,,,-1.0151,-0.8603,
1.2677,,,,1.3664,,warm / atmospheric / driving,warm,1.18611,1.43996,167082981,1.4212,,,1.4371,,,1.6675,,,1.58
0.3898,,-0.3562,,,,percussive / warm / punchy,percussive,-0.27963,-0.39726,208831221,,-0.2474,,,,,0.1099,-0.4526,0.0275,
,,,,,1.8047,dreamy / atmospheric / deep,dreamy,-0.00909,1.62234,253841690,2.8985,1.6333,,,,2.0984,,1.6877,,2.4817
-0.277,-0.2377,0.1877,-0.3292,-0.2201,,euphoric / instrumental / intense,euphoric,-0.39744,-0.26872,164783338,,,-0.1054,,,,,,,
,1.7828,,,,1.4228,raw / minimal / driving,raw,0.57045,0.99317,6739720,1.4592,1.7762,,1.6582,,1.4035,,,,
0.6986,1.1658,0.9705,1.0133,,,raw / vocal / euphoric,raw,0.36087,0.76169,34208182,,,,0.8793,,,0.9274,,,
1.2697,,0.2595,,0.565,,percussive / punchy / intense,percussive,0.66297,-0.49047,210167360,,,,0.2133,0.024,,,,0.6039,
1.5011,-0.6463,-0.2999,-0.6391,-0.2739,,percussive / intense / euphoric,percussive,-0.03454,-0.73556,152747405,,,,-0.6304,,,,,,
-0.3433,-1.3833,,-1.017,,-1.3339,percussive / vocal / minimal,percussive,-1.31353,-1.37283,63222079,-1.3166,-1.2007,,,,,,,,
1.6817,-0.2132,,,-0.0572,,percussive / dark / intense,percussive,0.32513,-0.91965,104557639,,,,-0.1284,-0.0047,,,,-0.1956,
1.5788,-1.5225,-1.1652,-1.3715,,-1.4191,percussive / euphoric / punchy,percussive,-0.79069,-1.52983,32345676,,,,,,,,,-1.3611,
0.8731,-0.2136,-0.3677,-0.5968,,,percussive / warm / raw,percussive,-0.37802,-0.36724,99028810,,-0.4035,,,,,-0.0475,,,
,,,0.3227,,0.45,minimal / hypnotic / piano,minimal,-0.10284,0.10269,48531465,,0.5162,0.2862,,,,,0.4636,0.3566,
1.1455,,-0.2617,,-0.7568,,percussive / punchy / euphoric,percussive,-0.08219,-0.70498,256166131,,,-0.5487,,,-0.7168,,,0.0705,
,,,,,,punchy / dark / deep,punchy,0.18315,-0.52298,12692813,,0.1914,-0.043,0.2351,0.9255,0.4335,,,1.1124,
0.7656,,,,0.7919,,punchy / intense / percussive,punchy,0.78525,0.14051,15819665,,0.7521,0.6212,0.7589,,,,,0.8245,
0.8268,,,0.2029,,-0.1606,percussive / vocal / warm,percussive,-0.06847,-0.22199,78136538,-0.1773,-0.2395,,,,,-0.0913,,,
1.1409,,,,,,percussive / minimal / punchy,percussive,0.0838,-0.3882,52656849,,0.3739,,,-0.4122,,0.1593,-0.189,0.2476,
0.5358,,0.4584,0.8252,,,vocal / minimal / atmospheric,vocal,0.31589,0.3254,23998696,,0.6121,,,0.4613,,,,,0.5691
0.7922,1.072,,0.885,0.5892,0.854,raw / vocal / piano,raw,0.43073,-0.01841,104299003,,,,0.3853,,,,,,
,-0.3687,,0.171,,,vocal / dark / hypnotic,vocal,-0.61802,-0.58329,55062459,,,-0.3581,,-0.0531,,,-0.319,,-0.3505
0.6665,-0.0014,-0.4186,,,,percussive / driving / warm,percussive,0.05038,-0.37395,31649842,,,,0.4953,-0.0297,,0.01,,,
0.4846,,,0.1762,,0.2459,percussive / instrumental / piano,percussive,-0.00207,-0.12739,2522041,,0.1118,0.2735,,,,,,0.1752,
1.1833,0.1088,,,0.0078,,percussive / punchy / raw,percussive,0.49276,-0.53989,197134978,,,,0.0829,0.0752,,,,0.697,
0.6639,,,,0.0585,,punchy / percussive / intense,punchy,0.39198,-1.02272,60497462,,,,-0.3333,-0.3241,-0.7696,,,1.1788,
,,,,,-0.0624,minimal / instrumental / piano,minimal,-0.56849,-0.82504,247496628,-0.0665,0.7352,-0.0058,,,-0.2713,,,-0.2429,
0.9921,-0.024,-0.2872,,,,percussive / warm / raw,percussive,-0.67711,-0.09361,155478286,-0.4043,-0.6318,,,,,0.4106,,,
0.9784,,0.0673,,-0.077,,percussive / punchy / warm,percussive,0.30799,-0.09299,126499407,,,,-0.1101,,,0.1318,,0.4408,
0.4618,,0.4885,,1.0569,,punchy / dark / intense,punchy,0.99014,-0.31235,246182683,,,,0.7978,1.2919,,,,1.6441,
0.5864,1.0328,0.328,1.2253,0.1707,,vocal / raw / percussive,vocal,0.08395,-0.13039,11164333,,,0.1671,,,,,,,
0.9265,,-1.1802,,,-1.3756,percussive / punchy / euphoric,percussive,-0.8066,-1.31564,54620072,-1.3242,-1.216,,,,,,,-0.8136,
,-0.415,,,,-0.6,deep / instrumental / raw,deep,-1.08423,-1.13914,99242051,,-0.4979,-0.0189,,,0.603,,,-0.6372,
0.6562,0.4817,,0.4649,,,percussive / raw / vocal,percussive,-0.54159,-0.79137,54321940,-0.4924,,-0.7069,-0.6633,,,,,,
0.6839,1.1576,0.8215,1.7789,0.8453,,vocal / raw / intense,vocal,0.41457,0.08553,193325295,,,,0.5263,,,,,,
0.9447,,-0.3268,-0.3872,-0.5232,-0.7526,percussive / euphoric / vocal,percussive,-0.30489,-1.07565,156371510,,,,,,,,,-0.7725,
0.2328,-0.4333,-0.3061,-0.401,-0.8098,,percussive / euphoric / vocal,percussive,-0.70692,-0.90352,183793576,,,,,,,-0.9649,,,
0.9653,-0.3812,-0.2674,0.6332,-0.3845,,percussive / vocal / euphoric,percussive,-0.57847,-0.96399,16074655,,,,,,,,,,-0.6641
1.2047,,-0.2744,-1.4464,-1.1813,-1.763,percussive / euphoric / intense,percussive,-1.20675,-1.47672,36405901,,,,,,,,,,-1.7953
0.4408,0.2168,0.1511,0.4264,,,percussive / vocal / raw,percussive,-0.40745,0.00466,33477677,0.0448,,,,,,-0.1819,,,
0.4322,-1.1,-1.6205,-1.3857,,,percussive / raw / vocal,percussive,-1.39237,-1.69232,51818595,-1.6159,,,,,,,,-1.642,
1.031,,1.0941,,0.9642,0.5975,euphoric / punchy / percussive,euphoric,0.79937,0.34964,28339009,,,,,,,,0.9297,1.0899,
,,,,,,punchy / warm / minimal,punchy,-0.02977,0.1578,260087601,0.1592,0.4719,,0.1501,0.1128,,0.5377,,0.6917,
2.4714,-0.3202,-0.1393,,,-0.1792,percussive / warm / euphoric,percussive,-0.17724,-0.21359,76237251,,,,-0.9353,,,0.5776,,,
1.4117,,,,-0.1675,-0.1356,percussive / dreamy / piano,percussive,0.02197,-0.49058,157190901,-0.1143,,,,,,,,-0.4044,-0.42
0.4433,,,-0.3837,-0.2917,,percussive / punchy / intense,percussive,-0.0735,-0.67993,13051216,,,,-0.4825,-0.4264,,,,0.0368,
1.7614,,-0.3395,,-0.6542,,percussive / euphoric / intense,percussive,-0.63706,-1.00687,133303555,-1.1664,,,,,,,,-1.4995,-1.2779
1.1133,0.8595,,,,,punchy / percussive / driving,punchy,0.97037,0.24875,193389203,,,,1.0031,0.6089,,0.6439,,1.4712,
0.255,,-0.1998,-0.1124,0.3092,,punchy / intense / percussive,punchy,0.06021,-0.6212,53187328,,,,,-0.3214,,,,0.3113,
0.5046,-0.9965,-1.2897,-0.5661,-1.8443,,percussive / vocal / raw,percussive,-1.45012,-1.78971,248612290,-1.781,,,,,,,,,
2.1335,-2.032,-0.7875,-1.3851,-1.9461,-0.568,percussive / piano / euphoric,percussive,-1.51587,-2.35037,253550759,,,,,,,,,,
0.9803,,,0.0077,-0.3041,-0.1203,percussive / punchy / vocal,percussive,0.14411,-0.67893,122402383,-0.2471,,,,,,,,0.3135,
0.0036,,,0.4799,,-0.4427,vocal / percussive / dreamy,vocal,-0.5145,-0.85304,63857485,-0.1851,,,-0.4139,,,,,,-0.3833
0.7398,,-0.8288,-0.6949,-0.7463,,percussive / vocal / intense,percussive,-0.49945,-1.01429,43366243,,,,,,,-0.7938,,-0.7821,
1.0599,-1.1057,,-0.7382,-1.1331,-0.5214,percussive / piano / vocal,percussive,-0.80092,-1.50424,117453108,,,-0.9658,,,,,,,
,,,,,1.6725,minimal / instrumental / piano,minimal,0.57852,0.89139,106486169,1.4959,1.7756,1.7065,0.8637,,,,0.8777,,
-0.6362,,,,,,punchy / warm / percussive,punchy,-0.70435,-0.92537,46895769,,-0.6725,,-0.6853,-0.7326,,-0.5765,,-0.3799,
1.1939,,1.175,,0.9404,,punchy / percussive / euphoric,punchy,1.10289,0.3061,122073655,,,,,,,0.3265,0.3744,2.0667,
1.1784,,,-1.2376,-1.2774,-0.8517,percussive / dreamy / piano,percussive,-0.75611,-1.21246,82143842,-0.7483,,,,,,,,-1.084,
0.4946,,,-1.6174,-1.3589,,percussive / punchy / deep,percussive,-0.95865,-2.09653,202285829,,,-1.3131,,,-1.2797,,,-0.8436,
,,,,0.9949,,warm / dark / punchy,warm,0.98762,0.94581,103882809,,,,1.1091,1.2937,,1.5187,0.9474,1.1241,
0.6297,,-0.4709,0.0141,-0.4306,-0.2285,percussive / vocal / punchy,percussive,-0.28151,-1.03566,243613355,,,,,,,,,-0.1414,
,,-0.1421,,-0.416,0.0036,piano / punchy / euphoric,piano,-0.72461,-1.05445,233073388,,,,,-0.4651,-0.5558,,,-0.0155,
,,,1.1044,1.3589,,intense / vocal / atmospheric,intense,0.75441,0.15194,42817,,,,0.7298,1.0345,,,,0.7705,1.0722
,0.1429,0.3041,1.1677,0.647,,vocal / dark / intense,vocal,-0.08349,-0.36726,101797701,,,,,0.6722,,,,,0.3744
,,,,-0.2297,,driving / dark / punchy,driving,-0.1024,-0.46951,207635129,,,-0.1475,0.7886,0.2831,,,,0.1422,-0.1567
,0.2569,,0.4254,,,vocal / instrumental / raw,vocal,-0.62222,-0.62151,21249631,-0.4145,0.1859,0.3889,-0.3414,,,,,,
0.2257,-0.7957,-0.7583,-0.818,-1.0362,,percussive / dark / euphoric,percussive,-0.77425,-1.25169,56628209,,,,,-0.541,,,,,
0.6576,,0.3567,,0.0209,,punchy / percussive / euphoric,punchy,0.35218,-0.1992,128092935,,,,,-0.2096,,-0.2018,,1.131,
0.9053,,0.057,,0.1644,,percussive / punchy / dark,percussive,0.44801,-0.44284,243555710,,,,-0.0487,0.1674,,,,0.771,
0.6051,,-0.0834,,-0.2167,,percussive / punchy / euphoric,percussive,-0.06167,-0.57197,50980858,,,,,-0.289,,,-0.1414,0.0166,
0.5337,,0.2904,0.2271,0.4901,,punchy / dark / percussive,punchy,0.49085,-0.34697,122279295,,,,,0.6167,,,,0.8295,
1.3118,1.131,0.4626,1.4505,,0.0346,vocal / percussive / raw,vocal,-0.04592,-0.2619,38889007,,,0.6168,,,,,,,
-0.4331,,,-0.4621,,,dark / punchy / percussive,dark,-0.57567,-0.90006,115391433,,,,,-0.3183,-0.6161,,,-0.33,-0.5832
-0.5468,-0.5113,-0.1917,-0.1644,-0.5186,,dark / vocal / euphoric,dark,-0.62289,-0.54662,183730268,,,,,0.3,,,,,
-0.1081,-0.1129,,-0.2344,,,instrumental / driving / dreamy,instrumental,-0.17777,-0.49013,217099000,-0.017,,0.185,0.1573,,,,,,
,,,,,-0.3479,punchy / dark / minimal,punchy,-0.2311,-0.69485,249043622,,-0.1318,,-0.4113,0.2012,,,-0.382,0.7567,
0.3107,-0.2589,,,,,percussive / punchy / driving,percussive,-0.12569,-0.79558,217053592,,,,-0.1076,-0.1636,,-0.5457,,0.0702,
,,,,0.0301,,punchy / hypnotic / deep,punchy,-0.32908,-0.99675,108207542,,,,,-0.149,0.1062,,0.3354,0.7032,-0.1909
1.0777,,0.3044,0.0688,0.1495,,percussive / euphoric / intense,percussive,0.07077,-0.65553,211298468,,,,-0.2137,,,,,,-0.219
,,1.5609,,1.6366,,dark / intense / euphoric,dark,1.155,1.1931,39005338,,,,,1.7164,1.4138,1.5253,,1.529,
,,-0.1022,,0.1921,0.042,punchy / dark / intense,punchy,0.07555,-0.59332,194567880,,,,,0.8443,,,0.0339,1.3035,
,,2.3836,,1.9946,,euphoric / intense / dark,euphoric,1.02864,0.91616,191224851,,,,,1.8787,1.1181,,1.5326,1.7372,
,,1.2144,0.7585,0.9291,,euphoric / warm / driving,euphoric,0.56882,0.93193,25018834,,,,0.9889,0.8144,,1.1661,,,
,,0.2352,,,1.1921,piano / hypnotic / warm,piano,-0.17618,0.33166,70877919,,0.7525,,,,,0.8793,0.8889,0.7295,
,,1.8319,,,,deep / warm / hypnotic,deep,1.04542,1.65489,210549534,,1.6997,1.6262,,,2.4615,2.2428,2.15,,
,,,,-0.6129,,punchy / dark / deep,punchy,-0.2582,-0.93832,104822399,,-0.5169,,-0.4756,0.1356,-0.2251,,,0.6747,
0.2206,-0.6106,,,,-0.6345,percussive / punchy / dark,percussive,-0.38023,-1.17647,18657487,,,,,-0.3684,-0.6422,,,0.022,
,,,,,-0.8007,punchy / piano / dreamy,punchy,-1.18578,-1.35344,3088674,-0.8639,-0.8867,,,-0.919,-0.9754,,,-0.1711,
0.794,-0.7003,-1.2087,-0.8029,,-0.5241,percussive / piano / raw,percussive,-0.75373,-1.55545,178320270,,,,,,,,,-1.0139,
1.1998,,0.1576,,0.1205,0.1917,percussive / punchy / piano,percussive,0.05228,-1.41625,211043626,,,,,-0.3676,,,,0.4096,
0.272,,,,-0.1757,,punchy / dark / percussive,punchy,0.40635,-1.11713,57860442,,,,-0.0854,0.8696,-0.252,,,1.6145,
0.2619,0.183,,,,,percussive / raw / punchy,percussive,-0.30169,-0.84347,36546076,,,,-0.322,-0.6287,,-0.3568,,-0.0123,
1.3984,0.1709,1.569,,0.8964,,euphoric / percussive / intense,euphoric,0.62871,-0.26236,237649767,,,,,0.4596,,,,0.7049,
,0.8729,1.0015,1.1491,0.8988,,vocal / warm / euphoric,vocal,0.23271,0.88227,241917082,,,,,0.8102,,1.1226,,,
,1.8444,,2.5155,,,vocal / raw / atmospheric,vocal,0.30167,1.3771,238120945,1.6511,,1.5695,,1.706,,,,,1.7181
0.392,0.3436,,,0.6565,,punchy / warm / intense,punchy,0.55886,0.1811,57232977,,,,,,,0.7173,0.33,1.0999,
0.4004,,-0.5022,-0.5761,-0.758,,percussive / euphoric / vocal,percussive,-0.5797,-0.81702,56189464,-0.9429,,,,,,,,-0.6456,
0.2419,,,,-0.2234,,punchy / percussive / driving,punchy,0.06122,-0.75568,248373422,,,,-0.0831,-0.2417,,,,0.3095,-0.3634
0.6523,,,,-0.338,,percussive / punchy / intense,percussive,-0.23168,-0.78682,66361430,-0.4358,,,,-0.6048,,,,-0.1612,-0.5314
3.0489,,-0.2936,,,,percussive / warm / euphoric,percussive,-0.09385,-0.4381,246189500,,-0.8218,,,,,0.2072,-0.9407,-0.9311,
,,0.0266,,,,punchy / dark / warm,punchy,-0.05853,-0.10878,99443474,,,,,0.6757,0.3052,0.4468,0.0754,0.9876,
,,,,,,dark / punchy / atmospheric,dark,0.28987,0.30494,158485928,0.8004,,,0.845,1.3099,0.8346,,,1.0196,1.0049
,,,,,,minimal / warm / dreamy,minimal,0.40275,0.63303,99999823,0.8448,0.9348,,0.7676,,,0.9052,0.7223,,0.6272
,,1.1386,,1.4076,,hypnotic / punchy / dark,hypnotic,0.75439,0.54971,57263074,,,,,1.4139,1.187,,1.8901,1.7146,
,,,,,,deep / atmospheric / hypnotic,deep,0.34719,1.23195,215638744,1.6989,1.7035,,,1.3348,2.0194,,1.7513,,1.9074
,,,,0.105,,punchy / dark / deep,punchy,-0.00668,-1.11585,255352120,,,-0.1847,,0.6608,0.3702,,0.0171,1.3917,
0.6154,,,,-0.0583,,punchy / percussive / deep,punchy,0.40242,-0.61995,7648747,,,0.0584,,0.4659,0.5854,,,1.1715,
,,,,,,dark / deep / atmospheric,dark,-0.67845,-0.81095,146485670,-0.464,,,-0.4901,0.0412,-0.0363,,-0.5685,,-0.4572
0.6403,,-0.174,,-0.2079,,percussive / dark / punchy,percussive,0.00268,-0.88826,109646361,,,,,0.1844,0.0015,,,0.1402,
,,-0.1079,,,-0.2296,punchy / warm / minimal,punchy,-0.32291,-0.22444,11987517,,-0.0361,,,,,0.1134,-0.2407,0.5172,
-1.0133,-1.24,,,-1.1817,,deep / punchy / dark,deep,-1.18381,-1.925,213121373,,,,,-0.8865,-0.6111,,,-0.6802,
,,,,,,minimal / deep / warm,minimal,-1.17129,-1.17007,97209575,-0.9096,-0.1954,,,-0.8968,-0.5102,-0.7052,,-0.7054,
,,,,1.5022,1.9215,piano / deep / punchy,piano,0.82282,0.65184,56288066,,,1.3733,,,1.7563,,1.5748,1.7441,
,1.3987,,,,,deep / raw / hypnotic,deep,0.36692,1.04619,142255562,,,1.1003,,1.1536,1.8752,1.2861,1.3025,,
,,,0.6635,,,dreamy / deep / atmospheric,dreamy,-0.43317,0.20931,155915113,1.0951,,,,0.6483,0.9405,,0.6733,,0.6831
,,,,,2.8059,dreamy / minimal / driving,dreamy,1.50489,2.32546,66036943,2.9018,2.8255,,2.8107,,,2.3649,,,2.8061
,,,,,,warm / minimal / instrumental,warm,0.549,1.11693,232126191,1.1617,1.2326,1.199,1.0188,,0.7634,1.6251,,,
,,2.3383,,,3.1216,warm / piano / deep,warm,0.58181,2.60964,174356448,,,,,,2.4015,3.1847,2.3851,,2.3428
3.0324,,2.7752,,2.5599,,percussive / euphoric / deep,percussive,2.2697,2.11551,193219178,,,,,,2.6658,2.4981,2.3612,,
,,,,,,atmospheric / dreamy / dark,atmospheric,0.23455,0.49423,74164206,1.0819,0.8952,,0.8834,1.012,0.976,,,,1.2343
1.3519,-0.5295,-0.7958,-0.8803,,,percussive / raw / driving,percussive,-0.63069,-0.99673,257918665,,,,-0.7587,,,-0.8963,,,
,,,,,0.5349,dreamy / instrumental / atmospheric,dreamy,0.12361,0.27926,257790209,1.4332,0.9683,1.0081,,,,,0.6598,,0.9906
,,,,1.7388,,atmospheric / deep / dreamy,atmospheric,1.24155,1.51027,24030003,1.8821,,,,1.8144,1.9351,,1.8418,,2.2074
,,,,,1.6143,atmospheric / piano / dreamy,atmospheric,0.49272,0.90446,79743417,1.5852,,,,1.2662,1.0393,,1.2903,,1.7279
,,,,,,atmospheric / dreamy / minimal,atmospheric,-0.14658,-0.19603,33373979,0.3773,0.3759,,,0.0982,,,0.3156,0.2594,0.4074
0.3925,,0.2877,,0.5794,,punchy / intense / dark,punchy,0.5948,-0.26338,239246995,,,,,0.4379,,,0.038,1.6531,
0.7297,0.5028,0.2107,0.4872,0.4014,,percussive / raw / vocal,percussive,0.09455,-0.21212,242816555,,,,,,,,,,-0.0285
-0.4036,-0.12,,-0.0394,,,vocal / raw / percussive,vocal,-0.54968,-0.98244,94510059,,,-0.4975,-0.4577,-0.4575,,,,,
,,,,,,minimal / hypnotic / punchy,minimal,-0.05768,0.14632,94250942,,0.5185,,,0.3307,,0.3491,0.4389,0.4064,0.2859
0.9065,0.2861,,,,,percussive / punchy / dark,percussive,0.5817,-0.18077,155559284,,,,0.5047,0.6371,,0.4749,,0.8979,
2.7454,-0.0408,0.4975,,-0.2561,,percussive / euphoric / punchy,percussive,0.48014,-0.46079,66549871,,,,,,,-0.1161,,0.2047,
,1.9308,2.3447,,2.3769,,intense / euphoric / driving,intense,1.2963,1.88681,89852876,,,,2.2839,2.1325,,1.7828,,,
,,-0.2323,,,0.2275,warm / punchy / piano,warm,-0.71247,-0.11123,92210048,-0.4743,,,,,,0.3729,-0.0576,0.2772,
0.4159,,-0.0475,,-0.299,,punchy / percussive / euphoric,punchy,-0.04385,-0.4756,205528470,,,,,,,-0.0956,-0.4512,0.5192,
,,-0.0798,,,0.719,punchy / piano / warm,punchy,-0.27969,0.03325,37671642,,0.2867,,,,,0.6376,0.4855,1.0255,
0.418,,0.4896,,0.7314,,punchy / intense / dark,punchy,0.70617,-0.45403,46149138,,,,,0.6421,,,0.2109,2.1413,
-0.1366,,,,,-0.2727,punchy / warm / minimal,punchy,-0.13335,-0.48014,263838110,,-0.046,,-0.2811,,,0.2068,,0.6471,
1.49,,2.1314,,2.2128,,intense / euphoric / dark,intense,1.46762,0.88803,206083510,,,,,1.6446,,,1.4343,1.4594,
,,,1.127,,,vocal / instrumental / dreamy,vocal,-0.42961,-0.13254,192748585,0.4885,0.3587,0.6601,0.2413,0.2579,,,,,
0.8441,-0.0934,0.1173,,0.109,,punchy / percussive / dark,punchy,0.57923,-0.92458,177243562,,,,,0.665,,,,1.7482,
,,,,0.4655,,punchy / dark / intense,punchy,0.55297,-0.34563,132669544,,,,0.1376,0.7978,0.2997,,0.1275,1.8274,
2.0619,,0.4559,,0.4205,-0.2895,percussive / punchy / euphoric,percussive,0.75174,-0.74389,96715301,,,,,-0.0781,,,,1.0798,
0.2206,0.2653,,0.0493,,,raw / percussive / vocal,raw,-0.45014,-0.50851,50361589,-0.0198,-0.2236,-0.3235,,,,,,,
,,1.1184,1.0074,1.3221,,driving / dark / intense,driving,1.00007,0.8951,11752734,,,,1.4599,1.3747,,1.252,,,
,,0.7604,,0.7279,,punchy / hypnotic / deep,punchy,0.70601,-0.02374,60843445,,,0.71,,,0.8884,,1.2102,1.9304,
0.9507,,-0.1302,,0.4934,,percussive / punchy / intense,percussive,0.36054,-0.52772,158568994,,,,,,,,0.0797,0.7311,-0.0631
,,,,,,atmospheric / minimal / dreamy,atmospheric,0.98822,0.83737,266055610,1.4095,1.5158,1.32,,,1.2596,,1.256,,1.5679
0.2938,,,,,,warm / percussive / minimal,warm,-0.15245,-0.02507,138185723,,-0.0143,,,-0.1606,,0.6056,-0.165,-0.0543,
,,,,,1.0887,warm / minimal / piano,warm,0.11075,0.71229,92618349,1.0853,1.2645,0.6576,,,,1.3358,0.9113,,
,,1.5769,,1.153,,warm / euphoric / punchy,warm,1.07228,1.06145,245286149,,,,,1.1394,,1.901,1.1211,1.5161,
,,,2.9129,,1.9571,vocal / dreamy / instrumental,vocal,0.39311,1.63123,72241471,2.5658,,2.1164,,,,,1.8479,,2.0711
,,,,0.4842,0.7955,punchy / dark / piano,punchy,0.34171,0.20815,73555401,,,,,1.0349,,0.608,0.6122,1.5845,
,,,,,,atmospheric / deep / hypnotic,atmospheric,0.70797,1.02149,69893860,,1.7463,1.7414,,1.9629,2.2865,,2.0572,,2.3162
,,,,,2.8969,deep / piano / atmospheric,deep,0.06137,1.02926,258455697,1.9161,,,,2.0315,3.8544,,2.3978,,2.7965
,,,,-0.0168,,deep / atmospheric / hypnotic,deep,-0.52747,-0.7871,65334094,,,-0.1835,,0.0697,1.3287,,0.2336,,0.7105
,,,,,1.9892,deep / atmospheric / instrumental,deep,0.92903,1.1217,233798151,,2.0881,2.1863,,,4.0753,,2.1058,,2.7336
1.1965,,0.8973,,,,deep / percussive / hypnotic,deep,0.67695,0.38144,156019769,,,,,0.8857,2.3474,,0.9211,0.7922,
,,,,1.8961,,atmospheric / dreamy / intense,atmospheric,1.42843,1.58626,262466056,2.009,1.6867,1.8258,1.7023,,,,,,2.104
,,1.8255,,,,warm / instrumental / driving,warm,1.48075,2.02797,217797939,1.8554,1.758,2.335,2.1951,,,2.403,,,
,,,,,2.3011,driving / piano / instrumental,driving,0.73313,1.39294,64499418,1.9811,1.4942,2.175,2.3111,,,1.4272,,,
,1.931,,1.7275,,2.8021,piano / instrumental / dreamy,piano,0.34998,1.67464,98074513,2.2626,1.632,2.3933,,,,,,,
,,,,,2.6999,piano / instrumental / driving,piano,0.80247,1.09159,116955098,1.9136,1.5137,2.2287,1.9372,,,,,,1.3576
,,,,,,warm / instrumental / minimal,warm,0.54743,1.56217,30256061,1.6603,1.7988,1.9473,1.2929,,,1.9755,1.1539,,
,,,0.7166,1.0886,,atmospheric / dreamy / intense,atmospheric,0.37947,0.78439,30371328,1.2911,,,,,0.744,,1.0696,,1.3158
,,0.7886,0.7643,,2.2184,piano / dreamy / atmospheric,piano,-0.43474,0.6783,194691064,1.5208,,0.7227,,,,,,,0.9451
,,1.3181,,,3.4086,piano / dreamy / euphoric,piano,-2.9995,1.22396,213695369,2.0304,,,,,0.4664,,0.9056,,0.97
,,1.5459,,,1.5409,dreamy / atmospheric / warm,dreamy,0.74574,1.69596,95342033,1.8736,,,,,,1.6683,1.6127,,1.7979
,,,,0.2967,0.4643,punchy / deep / dark,punchy,-0.03293,-0.19534,262563510,,,,,0.5293,0.7104,,0.2258,1.1077,
-0.038,,-0.4425,,,,punchy / dark / percussive,punchy,-0.12333,-0.91563,100853199,,,,,0.2605,-0.5031,-0.4808,,0.8989,
,,,,,,deep / dark / driving,deep,0.70895,1.40811,244422683,1.9474,,1.9227,2.0072,2.0984,2.2253,,,,1.8781
,0.6315,0.2599,0.2894,-0.4442,,raw / vocal / euphoric,raw,-0.83159,-0.62091,259934430,,,,,-0.361,,,-0.4946,,
,2.1609,,1.1041,,,raw / driving / instrumental,raw,0.84415,0.7238,58750145,,,1.4385,1.7928,1.2177,1.2126,,,,
,0.8179,,1.1001,,,vocal / raw / dreamy,vocal,-0.75761,0.14412,224016883,0.2841,,,-0.0799,-0.0171,,0.2292,,,
,1.0887,,1.9175,,,vocal / dreamy / instrumental,vocal,-0.15972,0.42102,37965302,1.3222,,1.0926,,,0.5321,,,,0.4883
,,1.2002,,1.539,,dark / intense / driving,dark,0.87938,1.08183,166749781,,,,1.3906,1.6783,,,1.2483,,1.3302
-0.0024,0.2748,,0.0438,,,raw / driving / vocal,raw,-0.28714,-0.50554,1252394,,,-0.3376,0.1021,,,-0.2758,,,
,,,,0.4224,,punchy / driving / dark,punchy,0.54587,0.11978,130274233,,,,0.889,0.6027,0.5094,0.4618,,1.2533,
1.1003,1.505,,1.301,1.4777,,driving / instrumental / raw,driving,1.33603,0.93835,66097820,,,1.7513,2.0127,,,,,,
0.5635,1.4175,,0.879,,,raw / vocal / percussive,raw,-0.00736,0.14717,128131303,,,,0.367,0.3896,,0.2328,,,
-2.2292,,,,,-0.9009,piano / hypnotic / instrumental,piano,-2.7559,-3.06935,168566909,,,-2.1465,,-2.3272,-2.3597,,-2.0918,,
,0.8659,,,,,deep / dark / instrumental,deep,-0.13191,0.15525,226457984,0.9007,,1.0707,,1.6907,2.1319,,,,0.9353
,,,,,3.7446,dreamy / atmospheric / piano,dreamy,1.29543,3.21516,10907626,4.0703,,,2.9294,,2.8295,3.1406,,,3.755
2.0015,,2.5364,,,2.5249,warm / euphoric / piano,warm,1.52728,2.3345,53487092,,,2.0203,2.2978,,,2.666,,,
,,1.4874,,1.902,3.1564,piano / instrumental / intense,piano,1.21349,0.64452,224865103,,,2.182,,,,,,1.6672,1.3626
,0.624,,0.832,,3.6087,piano / dreamy / vocal,piano,-3.84703,-0.66412,115555717,0.8928,,0.2256,,,,,0.2841,,
,,0.7993,0.3891,,5.0782,piano / euphoric / dreamy,piano,-1.51249,-0.06253,227542983,0.7065,,,,,,,0.4722,,0.4142
,,3.6285,,3.1643,3.5439,euphoric / piano / deep,euphoric,1.26314,3.11703,239399695,3.0287,,,,,3.5352,,,,3.5343
,2.3832,,2.097,,2.9801,piano / raw / dreamy,piano,0.64532,1.79587,139102897,2.245,,2.0095,1.8094,,,,,,
,,3.2244,,,4.5007,piano / atmospheric / euphoric,piano,0.7118,2.94975,118445982,,,,,,3.1557,2.8348,2.9848,,3.5575
,,,,,,dark / punchy / hypnotic,dark,0.86491,0.82703,161190722,,,,1.1038,1.3578,,1.0645,1.2857,1.3353,1.2313
0.1395,,,,,0.0971,punchy / deep / hypnotic,punchy,0.12154,-0.34983,166644004,,0.2716,,,,0.6227,,0.5226,1.05,
,,,0.1467,0.2751,,dreamy / driving / intense,dreamy,0.08242,0.01422,124969028,0.447,,0.1251,0.3943,,,0.1903,,,
,,,0.4992,0.4337,,dark / atmospheric / punchy,dark,0.12369,-0.22051,3377316,,,,0.4173,0.699,,,,0.5473,0.6163
1.3552,,-0.2438,,-0.2607,,percussive / atmospheric / deep,percussive,-0.00758,-0.80991,173759724,,,,,-0.2519,-0.195,,,,-0.1166
1.8595,,,,-0.3084,,percussive / punchy / deep,percussive,0.41537,-0.33993,2553085,,,,-0.1132,,0.0571,-0.1005,,0.2236,
0.3737,,,,,,percussive / punchy / warm,percussive,-0.15869,-0.37485,122593086,,-0.2135,,-0.2747,,-0.2836,-0.1604,,-0.0128,
,,,,0.964,,atmospheric / hypnotic / intense,atmospheric,0.74724,0.57901,111947582,,0.7905,,,,0.8362,,1.1675,0.9553,1.2866
,,,0.3589,,1.4849,minimal / dreamy / piano,minimal,-0.92825,0.08267,191660897,1.4853,2.0215,1.241,,,,0.2563,,,
1.9784,,-0.0627,,,,percussive / warm / minimal,percussive,0.33452,0.37018,80880564,0.2286,0.2718,,,,,0.9446,,,-0.0306
,,,,,,punchy / deep / dark,punchy,0.24036,-0.09889,83174497,,0.5413,,,0.957,1.0447,,0.8422,1.3595,0.6802
2.1702,1.2078,0.6936,0.8774,,1.2978,percussive / piano / raw,percussive,0.99722,0.48961,143774300,,,,0.996,,,,,,
,1.2639,,,1.2578,,driving / dark / instrumental,driving,0.81058,0.83975,62924226,,,1.3998,1.5441,1.4793,,,,1.3063,
1.0042,,,,,,punchy / percussive / dark,punchy,0.42655,-0.37799,7718177,,0.1701,,0.2018,0.6252,,0.114,,1.0297,
,,,,0.0346,0.0833,punchy / minimal / driving,punchy,0.14698,-0.2573,82118020,,0.2254,,0.1068,,,,0.0718,0.635,
1.2623,0.883,,,0.3484,,percussive / punchy / raw,percussive,0.7464,-0.54696,62018699,,,,0.1651,0.4006,,,,1.2099,
1.5553,,-0.2841,,,,percussive / punchy / deep,percussive,0.04398,-0.47218,252282253,,,,,-0.4085,-0.2357,-0.3293,,-0.0194,
0.454,,,,-1.1295,,percussive / deep / punchy,percussive,-0.68684,-1.52178,144332392,,,,,-0.647,-0.3567,,,-0.5436,-1.2932
1.4349,0.309,-0.2401,,0.0872,,percussive / punchy / raw,percussive,0.24872,-0.78912,36249535,,,,,-0.4324,,,,0.3346,
,,,-0.067,,,dark / driving / punchy,dark,-0.21577,-0.65857,98011135,,-0.1514,,0.161,0.3093,-0.1083,,,-0.0086,
1.7452,,0.2174,,0.0106,,percussive / atmospheric / dreamy,percussive,-0.14396,-0.06512,83802649,0.4509,,,,,0.4311,,,,0.5796
0.8777,0.2111,,0.4944,0.444,,percussive / vocal / intense,percussive,0.41504,-0.58465,102787493,,,,,0.4184,,,,0.2941,
,,,,,1.5374,punchy / deep / piano,punchy,1.17461,0.61171,74765790,,1.3113,,,1.4849,1.62,,1.3617,2.7376,
-0.0278,,0.0906,,-0.0209,,dark / euphoric / intense,dark,-0.11288,-0.66423,45914089,,,,,0.3847,-0.0463,,,-0.0555,
1.5227,,,,1.2863,,percussive / punchy / intense,percussive,1.14469,0.62254,132085448,,,,,0.9549,,,1.043,1.4477,0.8452
,,2.1148,,2.1342,,instrumental / minimal / atmospheric,instrumental,1.60689,1.84982,23884660,,2.6315,2.816,2.1412,,,,,,2.2217
,,0.3488,,0.6166,,dark / intense / driving,dark,0.46161,0.21421,9591340,,,,0.5923,0.8542,,0.2044,,0.5818,
,,,0.539,,,minimal / vocal / hypnotic,minimal,-0.35933,0.13789,67265897,0.3953,0.7021,,,,,0.2099,0.5119,,0.3087
0.4859,,0.7689,,0.9693,,intense / dark / euphoric,intense,0.48744,0.29148,144735268,,,,,0.9527,,,0.7651,0.7026,
1.6679,1.1936,0.6086,0.5392,0.5472,,percussive / raw / euphoric,percussive,0.74529,0.07124,58930826,,,,0.5635,,,,,,
0.6795,0.4704,1.054,,0.6545,,warm / euphoric / driving,warm,0.64645,0.65741,117696522,,,,0.8227,,,1.1129,,,
0.9816,,1.2414,,0.9854,,punchy / warm / dark,punchy,1.20724,0.74984,120684489,,,,,1.4986,,1.5775,,2.1537,
,,,,0.7996,,punchy / dark / warm,punchy,0.81024,0.68148,229295356,,,,0.9705,1.175,,1.0759,1.0308,1.3053,
,,,,0.5952,0.4587,minimal / punchy / instrumental,minimal,0.55753,0.09838,216866691,,1.2496,0.6663,,,,,0.6005,0.9364,
,,1.1302,,1.0428,,deep / dark / punchy,deep,0.80558,0.67411,213288014,,,,,1.6365,1.8886,,1.3452,1.4449,
,,,,0.4214,,deep / dark / atmospheric,deep,-0.03292,0.23678,226861714,0.5205,,,,1.0986,1.2422,,0.7822,,0.8682
0.6886,,,,0.8216,0.546,punchy / intense / percussive,punchy,0.72302,-0.02971,26012895,,,,,0.56,,,0.3684,1.1903,
0.7408,,,,-0.5018,-0.5363,percussive / atmospheric / intense,percussive,-0.32691,-0.97137,203530737,-0.5329,,,,,,,,-0.7057,-0.467
-0.125,,,0.0782,,,minimal / vocal / punchy,minimal,-0.37526,-0.63213,214746582,,0.2141,,,,,,-0.1635,0.0557,-0.3174
,,0.9799,,1.2382,,punchy / dark / intense,punchy,1.08395,0.74635,208798450,,,,1.2126,1.2438,,1.1127,,1.3734,
,,,1.2544,1.1006,,atmospheric / vocal / dark,atmospheric,0.59395,0.61185,198948852,,,,,1.1024,,,0.9368,0.8558,1.2572
,,,,1.321,,deep / atmospheric / dreamy,deep,0.616,0.94244,230554954,1.8206,,,,1.7958,2.3115,,1.3001,,2.0485
-0.5743,,,-0.7266,-0.6869,-0.571,punchy / dark / piano,punchy,-0.59319,-0.99166,123232682,,,,,-0.5178,,,,-0.1787,
,,,,1.0458,0.7274,hypnotic / intense / atmospheric,hypnotic,0.54325,0.31591,67978892,,,,,0.9097,0.9544,,1.2566,,0.9768
-0.4788,-0.5232,,,,,percussive / raw / driving,percussive,-0.85485,-1.07732,92847563,-0.9879,,,-0.5959,-0.9861,,,,-1.0444,
0.5335,0.3619,0.2486,0.3655,,1.4367,piano / percussive / vocal,piano,-2.50041,-1.13108,261421035,-1.6841,,,,,,,,,
1.0382,0.4941,0.2714,,,,percussive / raw / punchy,percussive,0.3327,0.08114,100643644,,,,0.1874,0.1939,,,,0.3073,
,,1.3913,,1.1474,,warm / euphoric / punchy,warm,1.06901,1.02556,181791876,,,,1.0122,0.8004,,1.5087,,1.3491,
,,,,0.9933,,driving / instrumental / punchy,driving,0.72669,0.67812,210395754,1.0739,,1.304,1.7483,0.9548,,,,1.1031,
,,,,0.4713,,punchy / dark / deep,punchy,0.42706,-0.37285,101313874,,,,,0.7372,0.6113,,0.5917,1.5797,0.2585
,,0.2201,,0.5055,,punchy / warm / driving,punchy,0.41062,0.29857,46591672,,,,0.7977,0.4734,,1.0117,,1.0642,
0.9433,1.1626,1.4714,1.0919,1.2801,,euphoric / intense / raw,euphoric,0.7631,0.50995,166140080,,,,,0.7878,,,,,
-0.1703,,-0.0448,,,,punchy / warm / dark,punchy,0.01418,-0.31924,112935246,,,,-0.2518,-0.0277,,0.2614,,0.8068,
,,,,-0.1492,,punchy / dark / warm,punchy,-0.00098,-0.46093,258700135,,,,-0.0488,0.6756,-0.2649,0.4313,,1.222,
,,1.0818,,,,dark / hypnotic / euphoric,dark,0.26413,0.55621,155089379,,,,,1.2146,,0.9143,1.0857,1.0379,0.669
,,1.5368,1.3512,1.429,,dark / hypnotic / euphoric,dark,0.87747,0.84956,34147214,,,,,1.7722,,,1.5879,1.3683,
0.8465,0.4165,,,,,percussive / punchy / warm,percussive,0.15624,-0.17282,12035450,,0.0192,,,,-0.0281,0.5494,,0.583,
-0.4492,-0.2885,,-0.2002,,-0.4178,vocal / raw / driving,vocal,-0.63045,-0.6682,72978642,,,,-0.3378,,,-0.3655,,,
0.1439,0.0064,-0.3858,,,,punchy / percussive / raw,punchy,-0.15113,-0.66534,175204661,,,,-0.3101,,,-0.2865,,0.3585,
0.4063,,-0.9692,-0.3281,,-0.1768,percussive / piano / vocal,percussive,-1.04858,-1.34007,47383931,,,,,-1.0611,,,,,-1.129
-0.2599,0.712,,0.1451,,-0.2481,raw / vocal / instrumental,raw,-0.48271,-0.97443,128010681,,,-0.2323,,,,,,-0.3204,
-0.6404,-0.7381,,,,-1.047,punchy / percussive / raw,punchy,-0.86897,-1.54587,19533882,,-0.96,,,,-1.1467,,,0.1124,
,,2.2701,,2.4224,,intense / dark / euphoric,intense,1.70015,1.36003,194518919,,,,1.9113,2.3325,1.8366,,,1.6621,
,,,,,-0.8649,punchy / dark / piano,punchy,-0.98458,-1.53024,142178931,,-0.9199,,-1.0296,-0.7173,-0.8837,,,0.1232,
-0.3847,,-0.7296,,,-0.578,punchy / hypnotic / warm,punchy,-0.56011,-0.69467,253980762,,,,,,,-0.3561,-0.0955,0.3125,
0.4035,,-0.5735,-1.1532,-1.363,-1.2081,percussive / euphoric / vocal,percussive,-1.08056,-1.26524,228123629,,,,,,,,,-1.3533,
,0.0195,,,,,punchy / warm / driving,punchy,0.20095,-0.04963,159600434,,0.1825,,0.4909,0.3738,,0.8056,,1.0496,
-0.2815,,,-0.2873,,,percussive / vocal / dark,percussive,-1.06916,-0.75906,182272934,,-0.4861,,,-0.4635,-0.4732,,,,-0.6086
0.4976,,,,,,percussive / dreamy / hypnotic,percussive,-0.00082,-0.05264,27721894,0.1245,-0.0503,-0.0453,,,,,0.0444,,-0.0093
0.1158,-0.1338,,,-0.5787,,punchy / percussive / raw,punchy,-0.13619,-0.88704,44505841,,,,-0.2176,-0.3235,,,,0.1357,
1.1431,,-2.2142,,,,percussive / warm / punchy,percussive,-1.43886,-1.89664,193244527,-1.8432,-1.8038,,,,,-1.6325,,-1.7647,
0.4851,,,,,-0.8663,percussive / minimal / punchy,percussive,-0.75096,-0.93741,44061017,,-0.2797,,,,,-0.4861,-0.9561,-0.3148,
0.2276,-0.0339,,-0.3342,,,percussive / raw / deep,percussive,-0.45892,-0.91068,212015421,,-0.2122,,,-0.4252,-0.1722,,,,
,,,,,-0.2587,deep / dreamy / minimal,deep,-1.7423,-0.78502,68804519,0.1865,-0.2055,-0.3472,,,0.2735,,-0.3599,,
2.3518,1.0249,0.3924,,,,percussive / raw / warm,percussive,0.42835,0.28765,110878448,,0.2714,0.4742,,,,0.7285,,,
,0.9621,,,,,raw / warm / instrumental,raw,0.11519,0.36487,250661625,,0.4183,0.4946,0.3275,,,0.8196,,0.3305,
1.1796,1.0153,1.143,,,,warm / percussive / euphoric,warm,0.78655,0.97735,173106546,,,,0.8994,,,1.9631,,0.7387,
,0.4304,0.9317,,0.6141,,dark / euphoric / deep,dark,-0.10116,-0.65544,57619020,,,,,1.1571,0.7299,,0.6588,,
1.1781,,0.8016,,,,punchy / percussive / dark,punchy,0.97067,0.1279,260857010,,,,1.0407,1.0599,,0.8314,,1.2476,
2.0908,,0.9301,,,,percussive / punchy / dark,percussive,1.43372,0.51568,87331148,,,,1.1527,1.5433,,1.3924,,1.7163,
,0.5864,-0.0414,,-0.0539,,punchy / dark / raw,punchy,0.15081,-0.63606,100192052,,,,,0.6225,0.4564,,,1.0374,
,0.4743,,,,0.1392,deep / raw / dark,deep,-0.79784,-0.61854,65833280,,,-0.192,,0.3851,1.1082,,0.2718,,
,,0.6272,,,0.7058,punchy / dark / deep,punchy,0.38527,-0.25582,188501304,,,,,0.9991,0.9178,,0.6017,1.1609,
,-0.3393,-0.3017,0.2864,,-0.2382,vocal / atmospheric / dark,vocal,-0.58008,-0.68177,248477963,,,,,-0.0197,,,,,0.0438
0.6759,1.4532,0.9317,,,,warm / raw / driving,warm,0.6844,0.81151,126723294,,,,1.2336,1.0822,,2.2951,,,
,,2.5256,,2.6467,,intense / euphoric / warm,intense,1.77114,1.94102,138163211,,,,1.9354,1.8821,,2.1143,,,1.791
,,,,,1.9293,piano / hypnotic / punchy,piano,0.59038,0.49187,81398455,,1.0982,,,,1.3162,,1.5654,1.3604,1.3249
,,3.1276,,2.0908,,euphoric / warm / dark,euphoric,1.72779,1.98886,35615013,,,,,2.2427,1.6149,2.9026,,1.7839,
,,1.5297,,1.3123,,euphoric / warm / intense,euphoric,0.4935,1.23563,231049991,,,,,1.1794,,1.4382,1.294,,1.2185
,0.8743,,0.0981,0.5914,,punchy / raw / intense,punchy,0.37377,-0.47092,77425921,,,,,0.5589,,,0.5219,1.1582,
-0.3125,,,,,-0.493,punchy / hypnotic / percussive,punchy,-0.47973,-0.79019,246105608,,,,,-0.379,,-0.3287,-0.2016,0.3717,
,,2.5182,,1.7404,0.8255,euphoric / intense / warm,euphoric,0.98228,1.02755,78752155,,,,,,,1.427,0.907,1.1662,
,1.8207,,1.5906,,,raw / dark / vocal,raw,0.43513,0.8899,207318538,,,1.2945,,1.5926,1.3189,,1.2352,,
,1.0921,0.6407,0.9175,,,raw / instrumental / vocal,raw,0.4709,0.19338,222126104,,,0.9236,0.7394,0.8043,,,,,
0.5482,-0.0088,-0.6688,,-0.6151,,percussive / raw / punchy,percussive,-0.34266,-0.89594,244682052,,,,,-0.5538,,,,-0.4612,
0.6617,,,,0.6482,0.5129,punchy / percussive / intense,punchy,0.34956,-0.69105,266253839,,,,,0.4111,0.4339,,,0.8289,
0.9591,0.9447,,0.8484,0.688,,driving / percussive / raw,driving,0.71461,0.17344,54328170,,,,1.1438,0.7838,,,,,
-0.1821,,-0.8643,,-0.6161,,punchy / percussive / dark,punchy,-0.42302,-1.26028,175560840,,,,,-0.2446,,-0.9378,,0.1002,
0.4509,0.2329,0.3033,-0.2671,-0.1918,,percussive / euphoric / raw,percussive,-0.2376,-0.22028,82072556,,,,,,,-0.2963,,,
,1.4294,1.0214,1.389,0.9527,,raw / vocal / euphoric,raw,0.19326,0.8754,226804559,,,,0.8726,,,0.9004,,,
0.2256,-0.3724,0.1509,0.4534,0.1933,,vocal / percussive / intense,vocal,-0.17855,-0.41672,140279177,,,,,,,,-0.3277,,
,1.8636,,2.2642,,,vocal / dark / raw,vocal,0.70925,1.2556,64664628,,,,1.8599,2.0188,1.7903,,,,1.7111
0.7553,,1.307,,0.5901,,euphoric / warm / hypnotic,euphoric,0.30071,0.63774,220064614,,,,,0.5425,,1.1664,0.7564,,
,,,1.2632,,0.4736,vocal / instrumental / minimal,vocal,-0.04125,0.03376,70301940,0.5987,0.6369,0.9539,,,,,0.5735,,
,-0.3046,,,,,punchy / warm / dark,punchy,-0.25556,-0.46075,67777204,,-0.3869,,-0.1491,-0.0665,,-0.0107,,0.3502,
0.0405,,,-0.2857,-0.2139,-0.3709,punchy / percussive / dark,punchy,0.0162,-0.80463,83157809,,,,,-0.1874,,,,0.8096,
0.5059,0.1475,,0.5941,-0.1618,,vocal / percussive / raw,vocal,-0.21049,-1.15076,34651732,,,-0.3029,-0.4765,,,,,,
-0.4534,,,,,-0.1057,minimal / dreamy / piano,minimal,-0.87054,-0.56592,4660066,-0.0171,0.208,,,,,-0.4319,-0.3709,,
,,1.4044,,,,warm / minimal / driving,warm,1.12645,1.55242,144254439,,1.7393,,1.6993,,,1.963,1.6626,,1.4799
0.1415,,,0.3569,,,vocal / dreamy / percussive,vocal,-0.64917,-0.71925,73231862,0.2024,,0.0412,,,-0.357,,,,-0.3509
0.5771,,,,0.3951,,punchy / warm / percussive,punchy,0.63156,0.12345,114742623,,,,0.3945,0.5317,,0.6567,,1.1596,
1.2469,-0.5591,-0.0564,,-0.0353,,percussive / punchy / intense,percussive,0.19685,-0.86434,136312174,,,,,-0.2743,,,,0.3083,
1.598,2.2644,1.4407,,,,raw / warm / percussive,raw,0.95351,0.8748,123668515,,,,1.1026,0.7825,,2.0911,,,
0.0381,,-0.5736,-0.6711,,,percussive / punchy / warm,percussive,-0.47111,-0.63083,2870356,,,,,,,-0.5165,,-0.0003,-0.7194
,,,,,-0.5386,punchy / dark / driving,punchy,-0.35739,-0.75728,251622595,,,-0.5793,-0.4474,-0.3626,-0.517,,,0.6706,
,2.1226,2.3507,2.6332,,2.6436,piano / vocal / atmospheric,piano,0.96829,1.81652,247166717,,,,,,,,2.2734,,2.4837
2.0403,2.0421,3.018,,2.1123,,euphoric / intense / raw,euphoric,1.43134,1.40426,44463798,,,,,,,1.5076,1.4917,,
-0.3939,-0.1541,,,,-0.4638,punchy / raw / warm,punchy,-0.40281,-0.8788,227896933,,,,,,-0.4688,-0.3852,,0.1829,
,1.1915,-0.2292,0.8933,,,raw / vocal / instrumental,raw,-0.92349,-0.26638,113420552,-0.0736,0.3313,0.3867,,,,,,,
,,,,,0.4872,punchy / instrumental / deep,punchy,-0.31721,-0.08115,183986557,,0.4779,0.6685,,0.3332,0.5365,,,1.0093,
,0.6988,,0.964,,,vocal / instrumental / driving,vocal,0.3414,0.0548,260551555,,0.772,0.9612,0.857,,,,,0.649,
,0.3719,,-0.1561,,,raw / dreamy / deep,raw,-0.98558,-0.36537,49435172,-0.0592,,,-0.2108,,-0.1316,-0.1321,,,
,,,,,0.3535,punchy / piano / dark,punchy,0.09519,-0.40226,222476245,,0.0752,,0.0988,0.146,0.0656,,,0.5128,
1.1116,,0.3082,,-0.084,,percussive / euphoric / intense,percussive,0.04073,-0.42206,35286308,,,,,-0.0951,,-0.2121,-0.3325,,
,,,0.3332,,,dark / warm / vocal,dark,0.09414,0.17538,216290388,,0.3037,,,0.4594,,0.3901,0.3277,0.2681,
0.1882,,-0.9185,,,,percussive / minimal / punchy,percussive,-0.55431,-0.86055,145681345,,-0.4355,,-0.7603,,,-0.6033,,-0.519,
-0.0776,,-0.8981,,,-0.8015,percussive / punchy / piano,percussive,-1.12402,-1.63329,14542833,,,,,,-1.3907,,-1.25,-0.6698,
0.7728,-0.4029,-0.5093,,,,percussive / warm / minimal,percussive,-0.23053,-0.47405,181456237,,-0.2051,,,,,-0.1173,,-0.2285,
1.4917,,1.1069,,0.9562,,punchy / percussive / euphoric,punchy,1.12341,0.04136,165337978,,,,0.2926,0.8388,,,,1.7531,
-0.0455,,-1.9304,,-2.0768,,percussive / punchy / deep,percussive,-1.50084,-2.22766,262721257,,,,,-2.143,-1.6844,,,-1.2577,
,-0.2406,,0.2135,,-0.2486,vocal / dreamy / driving,vocal,-0.48388,-0.36728,124516643,0.1966,,-0.2293,-0.1107,,,,,,
0.5947,0.2009,,,,,percussive / raw / punchy,percussive,-0.00331,-1.04035,146422667,,,,-0.0663,0.0986,,-0.5365,,0.1802,
-0.4735,,-1.2682,,,,percussive / punchy / euphoric,percussive,-1.20168,-1.81224,248079097,,,,,-1.2893,-1.395,-1.481,,-0.8737,
0.5775,-0.8777,-1.1267,-0.4827,-1.2252,,percussive / vocal / raw,percussive,-0.94166,-1.30431,177170427,-1.1819,,,,,,,,,
,,,,-0.5016,-0.4155,punchy / dark / deep,punchy,-0.20381,-1.23845,167983346,,,,,-0.1542,-0.3661,,-0.5065,1.1205,
,,0.4037,,0.6838,,punchy / dark / intense,punchy,0.50263,-0.39027,202261534,,,,,0.9428,,0.2082,0.4303,1.6477,
0.8876,-0.0432,,,,,percussive / punchy / raw,percussive,-0.28891,-0.81721,182239883,,-0.0932,-0.4085,,,-0.2024,,,0.1268,
2.2249,1.0308,-0.1943,,,,percussive / raw / warm,percussive,-0.09836,-0.19469,242423615,,,,-0.4259,-0.5737,,0.9979,,,
,,0.7538,,,0.5708,dark / punchy / driving,dark,0.84233,0.39783,222898469,,,,1.2352,1.5342,,0.9458,,1.5335,
,0.3735,,,-0.2342,,punchy / dark / raw,punchy,-0.03242,-0.92871,266015357,,,,-0.1741,0.503,-0.0596,,,0.6953,
,0.0237,,0.1765,,,punchy / minimal / instrumental,punchy,-0.01496,-0.3872,268344549,0.0841,0.2153,0.1921,,,,,,0.6009,
-0.5477,,,-0.9541,,-0.7595,punchy / percussive / minimal,punchy,-0.81887,-1.0664,257418135,,-0.6398,,,,,-0.7228,,-0.3902,
2.7503,-0.1908,0.8593,,-0.086,,percussive / euphoric / warm,percussive,0.20008,-0.05831,161952906,,,,,,,0.3472,,-0.894,
,,,-0.4383,,,minimal / dark / instrumental,minimal,-0.79582,-0.94733,45476051,,0.0069,-0.4054,,-0.3378,-0.45,,,-0.5096,
,,,,,,dark / deep / minimal,dark,0.55391,0.4036,54823463,,1.0968,,,1.3696,1.1856,,0.8509,1.0331,0.807
-0.2769,-0.7401,,,-0.658,-0.738,punchy / percussive / dark,punchy,-0.38052,-1.09168,242076249,,,,,-0.5715,,,,0.2165,
,,,,,1.3417,hypnotic / minimal / piano,hypnotic,-0.33168,1.16427,63590651,1.274,1.649,0.9911,,,,1.2997,1.6685,,
,,,,,,punchy / deep / minimal,punchy,-0.3201,-0.24184,106450801,,0.3838,,0.2382,0.3603,0.4454,0.299,,0.5867,
0.8114,0.9411,0.7237,0.682,,,warm / raw / percussive,warm,0.5692,0.62329,70518781,,,,0.7696,,,1.24,,,
,0.5414,,0.5177,0.6569,,punchy / intense / raw,punchy,0.58189,0.08897,138503574,,,,0.5376,0.4816,,,,0.8267,
1.0961,,0.6341,,0.5291,,punchy / percussive / dark,punchy,0.6657,-0.2713,12664201,,,,,0.7405,0.5957,,,1.3299,
,0.8575,0.5321,,,,punchy / warm / dark,punchy,0.55927,0.49572,160761280,,,,0.8047,1.0642,,1.1615,,1.256,
0.5507,,0.5402,,,,warm / hypnotic / percussive,warm,0.16969,0.54426,73290940,0.4461,,,,0.3926,,0.6465,0.6154,,
,,,,,0.7145,punchy / warm / piano,punchy,0.53902,0.54058,208128296,,,,0.4924,,,0.8625,0.6082,0.9461,0.594
-0.098,-0.25,,,,,percussive / driving / raw,percussive,-0.45431,-0.92172,160933251,,,,-0.1774,-0.8591,,-0.5152,,-0.4312,
,0.4161,,0.0817,,,raw / driving / dark,raw,-0.19984,0.03051,116600543,0.1976,,,0.4151,0.2562,,0.1878,,,
,,,,1.6896,,punchy / intense / minimal,punchy,1.38401,0.96978,106859969,,1.6354,,,1.535,,1.482,1.5121,1.8612,
0.7518,0.3204,0.032,,,,percussive / punchy / raw,percussive,0.24226,-0.27029,16363123,,,,-0.0541,,,0.1414,,0.4004,
0.1181,,0.6496,0.0899,0.3029,,euphoric / dark / intense,euphoric,0.05219,-0.32092,74315702,,,,,0.3876,,,,,0.1212
,0.6987,,0.9903,,,vocal / raw / dreamy,vocal,-0.98072,-0.04572,176601408,0.1975,-0.0887,0.0316,,,,-0.1267,,,
,0.9375,,,,,driving / punchy / instrumental,driving,0.80895,0.59047,135105938,,0.7128,1.1753,1.7378,,,0.8738,,1.1906,
1.7703,0.4522,0.7044,0.6321,0.8408,,percussive / intense / euphoric,percussive,0.80119,-0.40813,57602274,,,,,,,,,0.4645,
,1.0471,,,,1.2033,instrumental / minimal / dreamy,instrumental,0.11648,0.43129,40055949,1.2894,1.3835,1.6381,,,1.2213,,,,
0.9767,,-0.2895,,-0.6563,,percussive / euphoric / warm,percussive,-0.27055,-0.50178,82207343,,,,,,,-0.3515,-0.6559,-0.4719,
-0.0382,,-0.2728,,-0.4964,-0.1095,punchy / warm / percussive,punchy,-0.15105,-0.28148,90819520,,,,,,,0.4229,,0.5192,
,,,,,1.3787,atmospheric / dark / driving,atmospheric,0.757,1.24459,80105272,,,,1.4911,1.6036,,1.4578,1.4072,,1.6166
,,,,,,dreamy / deep / atmospheric,dreamy,-0.18554,0.68267,1204310,1.2473,0.7962,,,0.7809,1.0841,,0.7949,,1.0422
0.0167,-0.6798,,,,,percussive / punchy / driving,percussive,-0.47722,-0.91756,42907651,,-0.7626,,-0.5957,,,-0.769,,-0.2691,
0.1623,,-0.5741,,-0.6134,,punchy / percussive / euphoric,punchy,-0.32093,-1.18536,154890399,,,,,-0.5787,-0.9607,,,0.2668,
0.1423,,,,,0.0124,punchy / dark / percussive,punchy,-0.06458,-0.58538,177606753,,,,-0.1417,0.2024,,-0.1818,,0.4888,
0.1736,-1.0871,,,,-0.8164,percussive / minimal / punchy,percussive,-0.88083,-1.5393,185277128,,-0.5148,,-1.1612,,,,,-0.5202,
-0.3836,,-1.8615,,,-1.5876,percussive / punchy / deep,percussive,-1.35029,-2.08654,190586303,,,,,-1.7975,-1.4824,,,-0.7724,
,,0.7903,,,,atmospheric / minimal / hypnotic,atmospheric,0.21958,1.10795,12184528,1.2985,1.3224,,,,,1.2351,1.3136,,1.3563
,,-0.6457,,-0.6466,-0.438,punchy / warm / piano,punchy,-0.52336,-0.60444,21518702,,,,,,,-0.2801,-0.6429,0.5145,
0.5179,-0.1902,,0.477,,,percussive / vocal / punchy,percussive,-0.0571,-0.39925,149766101,-0.1321,,,,-0.0647,,,,0.0513,
,,,,0.5269,,punchy / minimal / warm,punchy,0.44103,0.24534,238497453,,0.7481,,,0.6362,,0.7392,0.5611,1.2368,
,,0.0291,0.5744,0.2043,0.6986,piano / vocal / atmospheric,piano,-0.11439,-0.38162,32057694,,,,,,,,0.1652,,0.35
0.2818,-0.8814,,-0.2537,-0.8552,,percussive / vocal / dreamy,percussive,-0.7926,-1.08861,266210060,-0.5318,,-1.0583,,,,,,,
,,,,,1.3257,dreamy / piano / minimal,dreamy,0.45962,1.06188,229597841,1.6947,1.2569,1.1289,,,,,0.9267,,1.089
1.2839,,,,,,percussive / minimal / warm,percussive,0.32595,0.15357,221441172,,0.4813,0.3299,,0.1614,,0.466,0.1526,,
0.0293,,,,,,hypnotic / percussive / dreamy,hypnotic,-0.52651,-0.30424,40767270,0.0232,-0.0188,,,,,,0.3296,-0.0822,-0.3068
0.596,,0.5405,,0.5766,,dark / punchy / hypnotic,dark,0.49855,0.03713,198001944,,,,,0.8952,,,0.7522,0.8391,
-0.7443,,,-0.9413,,,punchy / dark / percussive,punchy,-0.94338,-1.45165,246483809,,,,,-0.7092,-0.902,,-1.0406,-0.4017,
,0.7116,,0.6564,,,raw / vocal / driving,raw,0.31053,0.06119,237185345,0.2631,,0.2489,0.6203,,,,,0.4111,
0.5648,,0.1642,,,,warm / dreamy / percussive,warm,-0.24924,0.60324,104634959,0.5931,0.3447,,,,,1.0524,0.5332,,
1.7156,-0.4829,-0.25,,-0.5742,-0.5428,percussive / punchy / euphoric,percussive,0.25088,-0.70573,256329897,,,,,,,,,0.7507,
0.8397,,-0.1642,,,,percussive / punchy / warm,percussive,0.26659,-0.34405,226256361,,-0.1353,,-0.1148,,,0.0302,,0.6121,
0.1359,-1.2909,,,,,percussive / deep / dark,percussive,-1.37711,-2.16887,157347970,,,,,-0.7208,-0.5592,,-1.276,,-1.231
0.1741,,-0.4033,,-0.4382,,percussive / punchy / euphoric,percussive,-0.49665,-1.01107,244073587,,,,,-0.5282,-0.5957,,,-0.3693,
-0.0247,,,,,,warm / dreamy / minimal,warm,-0.11145,0.23899,212902407,0.2838,0.1056,-0.1008,-0.0355,,,0.5679,,,
,,0.0174,,,,deep / hypnotic / euphoric,deep,-0.69977,-0.11765,18282426,-0.0411,,,,,0.2192,-0.3293,0.2158,,-0.2605
,,,,-0.6176,,punchy / dark / warm,punchy,0.03005,-0.78744,212118654,,,,-0.0368,0.5181,-0.4492,0.0416,,1.42,
-0.3596,,,0.5935,,,vocal / minimal / instrumental,vocal,-0.74536,-0.64062,171375868,0.0796,0.1851,0.1377,,,,,,,-0.2734
0.9366,,0.5759,,0.5046,,percussive / dark / hypnotic,percussive,0.47298,0.44117,264410330,,,,,0.9032,,,0.8389,,0.5527
0.9933,,0.8891,,1.0657,,dark / punchy / intense,dark,0.94446,0.03775,53012580,,,,,1.4054,,,0.4696,1.2567,
1.1392,0.0383,,,,,percussive / punchy / dark,percussive,0.32652,-1.01846,255248031,,,,0.026,0.2546,-0.3232,,,0.4992,
1.5108,,0.9255,,0.6816,,percussive / euphoric / intense,percussive,0.50906,0.58256,136426595,,,,0.3088,,,0.5999,,,0.2551
1.0405,,,,0.143,,percussive / intense / punchy,percussive,0.02135,-0.89477,83425330,,,,,-0.2583,-0.2908,,-0.1266,0.054,
,,,,0.7686,,dark / punchy / deep,dark,0.58623,-0.01745,188266223,,,,0.8935,1.4836,0.9818,,,1.4381,0.8816
-0.493,,-0.1401,,,-0.1525,punchy / hypnotic / euphoric,punchy,-0.68981,-0.79305,257872757,,,,,,,-0.3617,-0.1063,0.5075,
,,,,-0.1645,,punchy / dark / deep,punchy,-0.27951,-1.15858,186490709,,,,-0.6248,0.6078,-0.0884,,-0.463,0.6863,
,,0.3862,,,1.3721,piano / minimal / punchy,piano,-0.37758,0.34649,37939547,,0.9003,0.3582,,,,0.6051,,0.7266,
-0.0659,,,0.1067,0.0084,,punchy / vocal / intense,punchy,-0.0376,-0.70436,176362929,,,-0.058,-0.2267,,,,,0.1337,
0.4287,,,,,,minimal / percussive / punchy,minimal,-0.28936,-1.38605,162245950,,0.65,,,-0.3165,0.0737,,0.0723,0.332,
,,,,,,deep / dark / dreamy,deep,-0.56859,-0.50248,162960809,0.2658,,,,0.3972,0.6419,,0.0203,0.0893,0.1951
0.8552,-0.1411,-0.7182,-0.0875,,,percussive / vocal / raw,percussive,-0.9211,-0.6853,233401210,-0.8109,,,,,,-0.5268,,,
,,,1.5091,,,dreamy / vocal / atmospheric,dreamy,0.28789,0.62126,145018311,1.8919,1.3597,1.2358,1.0879,,,,,,1.3982
1.1421,,0.9489,,0.6544,,punchy / percussive / euphoric,punchy,0.90461,0.31193,123819654,,,,,0.8636,,0.937,,1.4077,
0.836,1.0171,1.431,1.6563,,0.274,vocal / euphoric / raw,vocal,-0.57732,0.59879,73840231,,,,,,,0.2139,,,
,,0.5668,,0.5987,,punchy / dark / hypnotic,punchy,0.41595,0.06473,168652789,,,,,0.9646,0.6056,,0.793,1.2423,
,,,,1.2586,,punchy / driving / dark,punchy,1.25445,0.66381,259672871,,,,1.4112,1.3143,0.9216,,,1.7708,0.9817
1.0415,0.4795,,,,,percussive / punchy / driving,percussive,0.56689,-0.31815,61414869,,,,0.5836,0.5405,,0.4308,,0.7371,
1.7151,1.1911,1.5727,,1.663,,percussive / intense / euphoric,percussive,1.48083,0.45938,206229469,,,,1.0267,,,,,1.5185,
-0.3855,0.3563,-0.47,,,,raw / warm / driving,raw,-0.53208,-0.59833,18215426,,,,-0.3116,,,-0.2133,,-0.6303,
-0.3855,0.3563,-0.47,,,,raw / warm / driving,raw,-0.53208,-0.59833,126988717,,,,-0.3116,,,-0.2133,,-0.6303,
-0.2704,,-1.0279,,,,percussive / punchy / dark,percussive,-0.71648,-1.05694,252373531,-1.0486,,,-0.9858,-0.9663,,,,-0.5205,
,,1.8239,,2.0467,1.7588,intense / hypnotic / euphoric,intense,0.84477,1.00623,14100046,,,,,,1.5051,,1.8256,1.7453,
,,,,,0.0577,warm / hypnotic / punchy,warm,-0.58499,0.14188,241330621,-0.08,0.0935,,,,,0.8387,0.1916,0.1665,
,,2.5277,,1.4867,1.6962,warm / euphoric / hypnotic,warm,0.81834,2.04585,61464348,,,,,,,2.5295,2.0886,1.2936,
1.2087,1.0321,0.3654,,,,warm / percussive / raw,warm,0.36406,0.49897,83952264,,0.3414,,0.6459,,,1.2189,,,
0.1611,,-0.2136,,-0.252,,percussive / minimal / instrumental,percussive,-0.14964,-0.50049,199120915,,0.1319,-0.1087,,,,,,-0.1431,
0.9998,,0.5395,,0.5595,,punchy / percussive / deep,punchy,0.71279,-0.11438,127697968,,0.2607,,,,0.7319,,,1.4916,
,-0.624,,-0.0108,,,vocal / driving / dreamy,vocal,-0.95191,-0.982,59605050,-0.4846,-0.6751,-0.52,-0.4572,,,,,,
1.697,,-1.6154,,-2.032,-1.3609,percussive / piano / punchy,percussive,-1.20227,-1.93058,83939860,-1.6153,,,,,,,,-1.5753,
0.7938,0.1671,0.1747,0.5628,-0.2053,-0.258,percussive / vocal / euphoric,percussive,-0.42819,-0.59673,259113998,,,,,,,,,,
0.1959,,0.3527,,,,punchy / warm / euphoric,punchy,0.28651,0.41923,28179895,0.2538,,,0.1563,,,0.6512,,0.6581,
1.6086,0.2951,0.8215,,0.5451,,percussive / punchy / euphoric,percussive,0.87038,-0.12142,95971987,,,,,0.3324,,,,1.2065,
,0.4465,,-0.0063,,,raw / instrumental / deep,raw,-0.49196,-0.37147,6962149,0.0753,0.2535,0.4176,,,0.4017,,,,
0.5599,-0.7051,,-0.4735,,,percussive / vocal / minimal,percussive,-0.68955,-1.51511,223956703,,-0.4895,,-0.7068,-0.7327,,,,,
0.1041,0.7301,,0.1165,,,raw / minimal / vocal,raw,-0.32341,-0.43494,233511102,,0.2841,-0.0513,0.0201,,,,,,
,,,,,,minimal / instrumental / hypnotic,minimal,-0.07911,0.36686,53146043,0.5363,1.7773,1.1154,,,0.3939,0.6965,0.8073,,
0.465,,,,,,percussive / punchy / warm,percussive,-0.56968,-0.97091,228138514,-1.1911,-0.7577,,,,,-0.4204,-1.0807,-0.0219,
-0.6033,-1.6863,,,,-1.8326,percussive / punchy / warm,percussive,-1.35458,-1.85715,159075700,,,,,-1.8536,,-1.3471,,-0.7342,
1.445,0.2903,0.7601,,0.6633,,percussive / euphoric / intense,percussive,0.59944,0.01588,170881323,,,,,0.2581,,,,,0.2547
0.465,,,,,,percussive / punchy / warm,percussive,-0.56968,-0.97091,168933964,-1.1911,-0.7577,,,,,-0.4204,-1.0807,-0.0219,
,,,-0.3595,,-0.3473,minimal / dreamy / atmospheric,minimal,-0.93114,-1.1933,5779086,-0.2375,-0.0039,,,,,,,-0.5206,-0.3064
0.4287,,,,,,minimal / percussive / punchy,minimal,-0.28936,-1.38605,126252321,,0.65,,,-0.3165,0.0737,,0.0723,0.332,
-0.4214,,,,,-0.3037,minimal / punchy / warm,minimal,-0.65577,-0.76403,143140831,,0.2225,,,,,-0.1762,-0.7156,0.0933,
0.5607,,-0.2337,-0.1624,-0.1834,,percussive / punchy / vocal,percussive,0.00656,-0.43457,90344715,,,,,,,-0.3666,,0.1957,
-0.4793,,,,,,punchy / warm / minimal,punchy,-0.50157,-0.48796,219297375,,-0.1764,,,-0.4026,,-0.0228,-0.243,0.0665,
-0.454,,,,,,warm / punchy / minimal,warm,-0.92058,-0.60108,108446548,,-0.3744,,,,,-0.1678,-0.5576,-0.374,-0.6879
-0.9261,-0.8111,,,,,deep / instrumental / raw,deep,-1.03814,-1.13218,258114607,,-0.8323,-0.648,,,-0.4961,,,-0.8321,
1.4324,,0.962,,0.455,0.5129,percussive / euphoric / instrumental,percussive,0.60909,0.33149,244861211,,,0.6838,,,,,,0.4975,
0.5217,,0.2207,0.3474,0.4232,,percussive / intense / vocal,percussive,0.22475,-0.67067,76286544,,,,,0.2645,,,,0.2441,
,1.0964,,,,,warm / minimal / instrumental,warm,0.54812,1.08075,182315975,,1.2208,1.1076,,,0.9359,1.8672,0.9373,,
,,,,,,hypnotic / minimal / atmospheric,hypnotic,0.88147,1.32378,246838128,1.5488,1.7605,1.599,,1.5699,,,1.7679,,1.7482
,,,,1.4925,,punchy / deep / intense,punchy,0.85927,0.79472,185842081,,,,,1.2436,1.9748,,1.339,2.0089,1.3469
0.8733,,0.0918,,0.2651,,percussive / atmospheric / intense,percussive,0.29028,-0.34305,151519858,,,,,0.1616,,,0.1782,,0.3321
,,,-0.3527,,-0.2877,minimal / punchy / piano,minimal,-0.5737,-0.71003,67947353,-0.4027,0.1886,-0.3594,,,,,,0.083,
0.0161,-0.6848,,-0.697,,-0.4578,percussive / punchy / piano,percussive,-0.63503,-1.2346,112131096,-0.8141,,,,,,,,-0.2257,
0.4557,,,0.0761,,,percussive / vocal / dreamy,percussive,-0.47719,-0.37593,48230120,-0.0924,-0.3623,-0.3345,,,,-0.3708,,,
,,,,,-0.0917,punchy / dark / atmospheric,punchy,-0.63472,-0.63937,69169679,,,,,0.1408,-0.0291,,-0.0662,0.3002,0.0173
,,,,,0.1771,minimal / hypnotic / dreamy,minimal,-0.78838,-0.1673,102684890,0.3014,0.3758,-0.1632,,,,,0.3179,,0.1199
,0.7714,,1.757,,3.6167,piano / dreamy / instrumental,piano,-0.17287,0.96755,42736441,1.8859,1.4007,1.8164,,,,,,,
,,,,,0.3608,minimal / warm / dreamy,minimal,-0.31944,0.3621,218742640,0.8096,0.8589,0.3867,0.333,,,0.8533,,,
,0.9475,,1.1098,,,instrumental / dreamy / minimal,instrumental,-0.15388,0.59239,169181380,1.3163,1.1468,1.4377,,,1.059,,,,
,0.3312,,1.0459,,,vocal / instrumental / minimal,vocal,-0.67782,-0.43688,213809385,0.3849,0.4341,0.539,,,,,,,-0.0621
2.3515,0.1384,-0.4083,-0.7291,,,percussive / raw / warm,percussive,-0.10896,-0.5423,84641877,,-0.4104,,,,,-0.2142,,,
,,,,,,punchy / deep / dark,punchy,0.29103,0.42581,244773918,,,,,1.5483,1.6006,0.7916,1.3179,1.7578,0.6623
,,1.1931,,0.866,,warm / punchy / hypnotic,warm,0.37529,0.84807,19061999,,,,,0.9902,,1.587,1.2788,1.3043,
0.276,,,,,,percussive / punchy / minimal,percussive,-0.474,-1.52282,239007742,,-0.4259,,-0.9745,-0.7793,,-1.0862,,0.1172,
,,0.2978,,,0.3306,warm / punchy / minimal,warm,0.12956,0.26575,240844730,,0.4054,,,,,0.8378,0.1662,0.5961,
0.5875,,-0.2375,,,,percussive / punchy / warm,percussive,-0.17413,-0.2483,262472767,-0.4855,-0.4411,,,,,-0.022,,0.0362,
,1.5002,,0.7745,0.6976,,raw / deep / dark,raw,0.41329,0.42425,97397942,,,0.714,,1.052,1.2571,,,,
,1.5213,,1.461,,,deep / raw / instrumental,deep,0.36603,0.42169,30485732,1.2221,,1.4858,,,1.7279,,,,1.2266
,0.4784,-0.1804,0.6596,,,vocal / raw / dreamy,vocal,-1.09935,-0.24725,257492977,-0.1635,,,,,-0.1777,-0.3979,,,
0.2919,,,,,,percussive / punchy / hypnotic,percussive,-0.24697,-0.52345,70612287,-0.3704,-0.1673,,,,,,-0.1259,0.1453,-0.3757
0.0417,,,,,0.2531,punchy / piano / percussive,punchy,-0.21819,-0.55566,181149276,,-0.2593,,,,-0.2238,,-0.0011,0.5456,
,,1.1916,,1.5497,1.1632,punchy / intense / dark,punchy,1.22764,0.57524,226296583,,,,,1.2107,,,1.0143,2.4945,
,,,,,,minimal / hypnotic / atmospheric,minimal,-0.29318,-0.27827,232880138,0.0003,0.4638,,,0.1144,0.0816,,0.4069,,0.3895
0.5269,0.0439,,,-0.4978,,percussive / raw / intense,percussive,-0.27914,-1.02429,96807360,,,,-0.5432,-0.5993,,,,-0.6025,
,,,0.7906,,0.1438,vocal / piano / atmospheric,vocal,-0.48355,-0.75386,119549782,-0.2161,,-0.2477,,-0.3026,,,,,0.0819
,,0.3733,,1.1043,,punchy / driving / dark,punchy,1.14745,0.05716,78571056,,,,1.3142,1.2006,0.5942,,,1.8572,
0.983,,-0.5965,-0.081,-0.4875,,percussive / vocal / punchy,percussive,-0.17183,-0.84022,225148434,,,-0.6382,,,,,,-0.3796,
2.2095,,2.6102,,2.8837,,intense / euphoric / percussive,intense,2.07341,1.24547,192179557,,,,,1.943,,,,1.7666,1.762
1.4371,0.8892,0.5057,0.307,0.126,,percussive / raw / euphoric,percussive,0.43199,-0.07499,79325697,,,,0.1117,,,,,,
-0.5566,,,-0.9434,,,warm / percussive / dreamy,warm,-1.14059,-0.9001,117968564,-0.7238,-0.8805,,-0.9239,,,-0.5499,,,
0.5892,-0.4785,,0.3647,,,percussive / vocal / raw,percussive,-0.97638,-1.01742,36947286,-0.7826,-1.0097,,,,,-0.9144,,,
1.4241,,1.7565,,1.9101,,intense / euphoric / dark,intense,1.49802,0.86399,188822477,,,,1.3553,1.5236,,,,1.3026,
,,1.5897,,,1.2808,hypnotic / euphoric / warm,hypnotic,0.72513,1.07947,236787459,,,,,,,1.3335,1.803,1.1692,1.1299
1.7475,,1.4443,0.2084,1.3309,0.5051,percussive / euphoric / intense,percussive,1.05691,0.05535,71190843,,,,,,,,,0.9575,
,,0.6868,,0.7752,,punchy / hypnotic / warm,punchy,0.52812,0.54201,103117835,,,,,0.8176,,0.8434,0.9621,1.1926,
,,,1.3559,,,vocal / instrumental / dreamy,vocal,0.20155,0.28464,81097197,1.0062,0.9292,1.2036,0.7434,,,,,,0.5933
0.733,-1.0719,-1.0774,-0.8784,,,percussive / vocal / warm,percussive,-0.82643,-1.2983,254006392,,,,,,,-0.9415,,-0.9522,
,,,,1.3072,,punchy / driving / instrumental,punchy,1.3318,0.62474,81188252,,,1.3339,1.3351,1.3206,1.139,,,1.8933,
0.3234,,-0.505,,,,percussive / punchy / warm,percussive,-0.34368,-0.57905,190119041,,-0.6873,,-0.5641,,,-0.2211,,-0.1761,
0.3029,,,-0.7318,,,percussive / punchy / dreamy,percussive,-0.40303,-0.87146,231621664,-0.6105,-0.7279,,-0.6733,,,,,-0.4221,
0.0831,,,,-0.5829,,punchy / percussive / dark,punchy,-0.23544,-0.81451,31227636,,-0.3804,,,-0.3142,,,-0.5438,0.6201,
,0.8968,,1.1209,,0.7054,instrumental / vocal / raw,instrumental,0.06401,0.38616,144719859,,0.6866,1.4195,0.7147,,,,,,
0.4683,,-1.3713,-1.5148,,,percussive / warm / minimal,percussive,-1.05825,-1.36273,7058919,,-1.1667,,,,,-1.112,,-1.294,
0.5925,,,,,,punchy / warm / minimal,punchy,0.63151,0.32731,33896181,,0.7446,,0.3712,,,0.749,0.5979,1.6097,
,1.0137,,,1.07,,driving / punchy / warm,driving,1.16826,0.86972,141581005,,,,1.5135,1.1219,,1.2958,,1.4757,
,-0.3125,,0.2179,,,vocal / dreamy / instrumental,vocal,-1.01038,-0.66015,237265786,-0.2586,-0.2946,-0.2709,,,-0.4341,,,,
0.3429,,,,0.2879,,punchy / atmospheric / warm,punchy,0.32953,0.23901,69923647,,,,,0.2704,,0.3688,,0.6592,0.4
,0.9631,,,,1.1429,minimal / instrumental / piano,minimal,-0.47956,0.09358,28712362,1.061,1.6454,1.4697,,,1.0273,,,,
0.9644,,0.089,,,,percussive / minimal / hypnotic,percussive,-0.04842,-0.30322,149757347,,0.3567,,,,,-0.1014,0.1795,-0.1187,
,1.0622,,,,,minimal / instrumental / raw,minimal,0.57908,0.64304,219733291,0.7929,1.2258,1.1492,1.0426,,0.9568,,,,
,,0.6392,,,,warm / dreamy / hypnotic,warm,-0.00763,0.93103,254838015,1.0467,0.3953,,,,,1.1072,0.8691,,0.7757
,,,1.252,1.5621,,intense / dark / atmospheric,intense,0.8683,0.88083,14199473,,,,1.1908,1.4711,,,1.3346,,1.384
,,,,,-0.1714,punchy / minimal / dark,punchy,-0.44755,-0.78952,126107654,,0.0208,,,-0.0543,,-0.1199,-0.2534,0.7779,
,,1.4466,,1.1034,,euphoric / dark / intense,euphoric,0.47541,0.44986,24256595,,,,,1.1634,0.7361,0.8393,,0.8345,
,,1.2685,1.2859,1.5466,,intense / vocal / euphoric,intense,0.92076,0.83303,35368854,,,,1.1003,1.0673,,,,,1.165
-0.4054,,,,,-0.5848,punchy / dark / percussive,punchy,-0.36188,-1.16079,253846528,,,,,-0.2635,-0.5466,-0.7276,,0.7024,
1.1296,,0.6354,,,,percussive / punchy / warm,percussive,0.86622,0.40272,174851024,,,,0.7342,0.6391,,0.9541,,1.0445,
1.579,,0.9688,,1.046,,punchy / percussive / intense,punchy,1.23771,0.26112,67808294,,,,,0.8558,0.9046,,,2.4169,
0.2269,,,,0.2439,,punchy / dark / hypnotic,punchy,0.43312,-0.24962,73855681,,,,0.2136,0.7432,,,0.2655,1.0481,
,,,-0.3532,,,punchy / warm / minimal,punchy,-0.34185,-0.42507,58382971,,-0.0627,,-0.257,-0.0978,,0.1587,,0.4226,
,,1.7703,,1.3817,1.7662,punchy / euphoric / piano,punchy,1.00496,0.5617,82474926,,,,,1.5828,,,1.4712,2.6518,
0.9857,,1.1868,,1.0675,,punchy / dark / euphoric,punchy,1.39024,0.11118,109917369,,,,,1.3212,,,0.9574,3.3053,
,,0.6262,,0.7933,,punchy / dark / intense,punchy,0.82395,0.16723,29949327,,,,,1.0539,,0.5689,0.5056,2.0672,
,,0.1242,,0.1528,,punchy / dark / deep,punchy,0.26102,-0.44985,148565762,,,,,0.7134,0.6422,,0.1927,1.4185,
0.6996,,,,0.2001,,punchy / percussive / dark,punchy,0.47139,-0.67501,91134473,,,,-0.0189,0.2595,,,-0.1775,1.0048,
,,,,0.3456,,punchy / dark / deep,punchy,0.65056,0.06554,71201267,,,,0.5384,0.991,0.9364,0.7769,,2.498,
0.8098,,-0.4377,,-0.1915,,punchy / percussive / dark,punchy,0.28387,-0.82047,142493201,,,,-0.346,0.2317,,,,0.8632,
,,,,,0.6694,piano / punchy / instrumental,piano,0.15109,-0.24934,202762112,,0.3565,0.3658,,,0.2115,,,0.628,0.2911
1.3462,,0.3045,,,,percussive / minimal / instrumental,percussive,0.4132,0.12571,247585962,,1.282,0.6807,,,,,0.5101,,0.4496
1.2628,,0.3752,,0.3693,,percussive / warm / punchy,percussive,0.63107,0.32737,2582208,,,,,,,0.7043,0.4229,0.5657,
0.0891,,,,,-0.1142,punchy / deep / percussive,punchy,0.28314,-0.42952,178206571,,-0.1666,,,,0.2186,,-0.1548,1.4861,
,,,,,,punchy / minimal / dark,punchy,0.11905,0.03291,263463609,,0.8078,,,0.7314,0.6085,,0.4824,0.9859,0.5326
,0.5733,,,,0.2435,warm / dreamy / raw,warm,-0.05252,0.59764,11993708,0.6058,0.3613,,0.2347,,,1.2228,,,
,1.0699,,0.863,,,raw / instrumental / minimal,raw,-0.19712,0.44993,123204729,0.8675,0.8874,0.9155,,,,0.6846,,,
1.8548,,0.9375,,0.7323,,percussive / euphoric / warm,percussive,0.76836,0.7103,88244420,,,,0.5586,,0.5244,0.7582,,,
,,,,,1.8057,instrumental / piano / minimal,instrumental,-0.05376,0.6024,43606501,1.4408,1.8036,1.9859,,,1.3322,,1.136,,
0.2479,,,,,-0.7768,percussive / minimal / punchy,percussive,-0.64042,-0.94437,173793488,,-0.065,,,,,-0.7165,-0.5304,-0.37,
,0.5601,,0.5388,,0.4982,minimal / raw / vocal,minimal,-0.27897,-0.29642,212605332,,0.7387,0.4042,0.5283,,,,,,
2.436,,3.1863,,2.5216,,euphoric / intense / percussive,euphoric,1.99533,1.83868,218077,,,,,2.0359,2.2185,,,,2.0751
0.4667,,0.3824,,0.7683,,punchy / intense / percussive,punchy,0.53399,0.2402,81847554,,,,,,0.3552,,0.4502,0.9544,
,,,,,-0.0471,piano / punchy / minimal,piano,-1.30372,-1.07199,149146613,-0.6626,-0.3171,,,,-0.5318,,-0.605,-0.3071,
,0.4896,,,,1.9183,piano / minimal / instrumental,piano,-0.19784,0.13294,233212780,0.3119,0.6997,0.5941,,,,,0.5244,,
0.6738,-1.0717,-0.9068,-1.0772,,-1.0493,percussive / warm / euphoric,percussive,-0.91692,-0.99115,43322635,,,,,,,-0.9054,,,
0.9868,,1.2129,,1.9976,,punchy / intense / dark,punchy,1.51165,0.0953,243172088,,,,1.0179,1.2243,,,,2.0443,
,,,,1.3222,,intense / hypnotic / atmospheric,intense,0.8504,0.77572,165790846,,0.943,,,,,0.8619,1.1808,1.0401,1.1352
,,,,,,dark / hypnotic / punchy,dark,-0.24719,-0.47013,208360869,-0.0871,,,,0.2221,-0.144,,0.0478,0.018,0.013
1.2376,,0.0948,-0.5981,-0.1109,,percussive / punchy / euphoric,percussive,0.24832,-0.84399,241862293,,,,,-0.5072,,,,0.5953,
,,1.5625,1.3115,0.5624,0.5304,euphoric / vocal / intense,euphoric,0.09138,0.39914,137921055,,,,,0.4418,,,,,0.3897
,,,,,,driving / minimal / warm,driving,1.17705,1.32805,109042283,1.492,1.6357,1.3548,2.0808,,,1.6275,,,1.4311
,,,,,,dreamy / instrumental / minimal,dreamy,-0.35695,0.36288,52630437,0.9275,0.7715,0.8425,0.5131,,0.5998,0.4976,,,
,,,,,,driving / instrumental / atmospheric,driving,1.08898,0.67004,12109549,1.2396,,1.5074,1.5284,1.4457,,,1.3168,,1.4527
,,,,,1.3944,dreamy / instrumental / piano,dreamy,0.59387,0.83632,184995787,1.4173,1.2996,1.4003,,,,,1.2445,,1.2302
,,1.6212,,1.5163,,warm / dark / punchy,warm,1.2334,1.34566,47052905,,,,1.4368,1.8381,,2.3908,,1.6982,
-0.3913,0.3,,0.3281,,-0.6807,vocal / raw / instrumental,vocal,-1.04053,-0.87482,123360904,-0.4694,,-0.3908,,,,,,,
,,2.3159,,1.9792,,warm / driving / euphoric,warm,1.44646,2.3208,57113419,1.7465,,,2.3346,,,2.8999,1.8013,,
0.0263,,,,,-0.0244,warm / percussive / minimal,warm,-0.38215,0.16085,98342223,,0.0025,-0.0372,,,,0.7305,-0.0508,,
,,,,,3.2635,piano / dreamy / instrumental,piano,0.04314,0.52366,28556798,2.0304,1.5456,1.6757,,,,,1.3219,,1.4051
,,2.8347,,1.6284,2.3514,warm / euphoric / piano,warm,0.62169,2.42448,147295517,,,,,,,2.9924,2.0915,,1.6666
,,,,,1.456,deep / hypnotic / atmospheric,deep,0.34951,0.89116,84889340,,1.5112,,,1.5461,2.105,,1.8324,,1.5854
-1.0212,,,-0.5162,,,vocal / dreamy / instrumental,vocal,-1.4437,-1.3133,135834436,-0.8085,-0.9231,-0.8498,,,-0.8544,,,,
0.1239,-0.928,,,,,percussive / punchy / driving,percussive,-0.71617,-1.14608,141663298,-1.1637,,,-0.6631,,,-1.0757,,-0.6366,
,,,-0.5925,,,punchy / minimal / instrumental,punchy,-0.59244,-0.89941,212688387,-0.574,-0.0668,-0.3445,,,-0.5748,,,-0.051,
,,0.3792,,,,warm / euphoric / dark,warm,-0.22204,0.41877,101496148,0.1221,,,,0.3517,,0.755,0.2649,0.1815,
,,,,0.7684,,deep / dark / intense,deep,-0.09502,-0.83612,144999072,,,,,0.7998,1.761,,0.6251,0.6255,0.0626
0.4875,,-1.8158,,,,percussive / deep / punchy,percussive,-1.41638,-1.90986,23258416,-1.8397,,,,,-1.2112,,,-1.7091,-1.8132
,,,0.3675,,,minimal / instrumental / vocal,minimal,-0.69319,-0.39077,37808175,0.0773,0.8058,0.5109,,,-0.0024,,,,-0.0857
,0.5007,,,0.0969,,punchy / raw / instrumental,punchy,-0.07185,-0.71536,91942315,,0.3767,0.408,,,0.3063,,,0.6721,
,,,,,0.3509,minimal / deep / atmospheric,minimal,-0.71765,-0.26116,226856363,0.265,1.119,,,,0.8554,,0.493,,0.5936
,,,,,0.278,piano / minimal / deep,piano,-1.20539,-0.82133,172927244,-0.5287,0.0069,-0.5532,,,0.0048,,,-0.5522,
,,,,,-0.9236,dreamy / minimal / piano,dreamy,-1.94902,-1.12084,3789127,-0.5813,-0.7457,,,,-1.041,-1.1747,,,-1.1738
,0.3037,,,,,deep / minimal / hypnotic,deep,-0.69099,0.11996,3634810,0.5418,0.7617,,,,0.7785,,0.6565,,0.5448
,,0.8696,,,,warm / dreamy / minimal,warm,-0.24903,1.40824,66433263,1.3579,1.2314,,,,,1.9972,1.2066,,0.8694
,,,,,,deep / dreamy / atmospheric,deep,-0.59972,-0.08704,62596031,1.2522,0.9476,0.6919,,0.4939,1.5804,,,,1.0112
,1.396,0.9127,2.4615,1.1175,0.9044,vocal / raw / intense,vocal,0.37195,0.09541,229902314,,,0.8379,,,,,,,
,,,-0.1752,,0.0804,punchy / minimal / deep,punchy,-0.1907,-0.90849,69405854,,0.5324,,,0.0742,0.4533,,,1.2071,
,,,,,,minimal / dreamy / driving,minimal,-0.15562,0.10768,212182153,0.4418,0.6009,0.1253,0.3998,,,0.398,,,0.0963
0.8957,0.5917,,,,,percussive / raw / deep,percussive,0.23078,-0.54394,257196842,,0.2856,0.2422,,,0.4194,,,0.3034,
,,,,,,deep / minimal / dreamy,deep,0.25563,0.2497,49326574,1.1188,1.3527,1.0359,,1.0035,1.7942,,,,0.9792
0.0331,0.8896,,,,0.7467,raw / deep / piano,raw,-0.29085,-0.88877,189173496,,0.0543,,,,0.7528,,,,0.0931
,,,,,,minimal / deep / punchy,minimal,-0.62581,-0.67725,206400708,-0.0826,0.6762,-0.0205,,0.0616,0.6502,,,0.1011,
,,,,,,minimal / instrumental / dreamy,minimal,0.13945,-0.1895,51866422,0.4575,1.0104,0.4758,0.0921,,0.2958,,,0.3542,
,,,,,0.2401,minimal / hypnotic / punchy,minimal,-0.25794,-0.35869,123298967,,1.2745,0.212,,,,,0.5493,0.289,0.2685
,,,,,0.7591,minimal / dreamy / hypnotic,minimal,-0.28592,0.2394,111255594,1.1067,1.8339,0.6768,,,,,0.8198,,0.6942
0.1051,,,0.2534,,,deep / punchy / vocal,deep,-0.11138,-0.2416,45739182,,,0.0491,,0.0768,0.2822,,,0.2572,
,,,,,1.1604,minimal / dreamy / piano,minimal,-0.52721,0.02288,238690974,1.389,1.5923,1.0849,,,0.5067,,,,0.6731
,,,,,,deep / minimal / instrumental,deep,-0.16255,0.4831,163206970,1.3273,1.3991,1.385,,,1.4983,,0.9426,,0.9152
-0.5428,,,,,-1.0903,deep / percussive / minimal,deep,-1.11936,-1.69907,121647020,-0.9746,-0.7533,-0.9933,,,-0.2789,,,,
0.5954,0.3127,,,,,instrumental / minimal / percussive,instrumental,0.22798,-0.09055,20327450,,0.7461,0.9287,0.3144,,0.3271,,,,
,,,,,,deep / punchy / driving,deep,-0.39619,-0.93124,177763010,,-0.271,-0.2235,-0.0923,-0.1004,0.4223,,,0.1778,
-0.2274,,,,,,minimal / dreamy / deep,minimal,-1.28896,-0.98974,108598290,0.2511,0.2516,-0.1742,,,-0.0951,,,,-0.3354
,,,,,,minimal / instrumental / hypnotic,minimal,-0.13265,-0.30797,83570485,,1.4862,0.7189,,,0.6619,,0.6799,0.3895,0.3946
-0.713,-0.6751,,,,,punchy / minimal / raw,punchy,-0.9429,-1.49758,169905994,,-0.5811,,,-0.9478,-0.8428,,,-0.1139,
,0.5559,,0.6804,,,punchy / vocal / raw,punchy,0.28013,-0.25174,157016677,,0.5536,0.4581,,0.4276,,,,1.0988,
,,,,,0.965,piano / minimal / hypnotic,piano,-0.66431,-0.05765,210015386,0.36,0.964,,,,,0.0614,0.4835,,0.1564
,,,,,0.8973,deep / dark / atmospheric,deep,-0.01547,-0.07183,34357474,0.7608,,,0.9681,1.0095,1.2911,,,,0.9906
0.3391,,0.2684,,0.5141,,deep / punchy / intense,deep,0.42898,-0.78648,265139736,,,,,0.4558,1.5294,,,0.7835,
-0.3855,,,,,-1.0358,percussive / minimal / piano,percussive,-1.57241,-1.69879,132720275,-1.0765,-0.5266,,,,-1.0798,,-1.0759,,
2.6482,,-0.3245,,-0.6764,,percussive / punchy / euphoric,percussive,0.17141,-0.97436,252340596,,,,,,-0.9927,-0.8406,,-0.2168,
,,,,,,punchy / minimal / driving,punchy,0.97998,0.36727,21579292,,1.2705,,1.2656,1.1334,,,1.1022,1.5198,1.1363
,-0.0624,,-0.7039,,0.0924,piano / raw / instrumental,piano,-1.23262,-1.07382,135117707,-0.268,-0.1746,-0.0631,,,,,,,
0.6705,,-0.7553,,-0.7641,,percussive / punchy / atmospheric,percussive,-0.3904,-0.87301,1773967,,-0.7974,,,,,,,-0.1971,-0.7407
,,,,,,minimal / instrumental / hypnotic,minimal,-0.93706,-0.44322,173377353,,0.8255,-0.0067,,,-0.268,-0.2971,-0.2455,,-0.2625
,,,,,,punchy / minimal / deep,punchy,-0.49963,-0.77347,212462767,,-0.2294,,,-0.4346,-0.2802,,-0.2895,0.4646,-0.4108
,,,,,,dreamy / driving / deep,dreamy,0.77984,1.3463,59091857,2.03,,1.7466,2.0237,1.7917,2.0158,,,,1.9447
,,,,,,minimal / deep / hypnotic,minimal,0.4358,0.69543,77554564,1.0403,1.4857,,,,1.375,1.0329,1.1265,1.1024,
0.2522,,,,0.0116,,punchy / percussive / intense,punchy,0.25675,-0.67604,124873840,,-0.1595,,-0.1088,,,-0.308,,0.872,
,,,,,1.428,dreamy / minimal / piano,dreamy,0.09201,-0.12461,234251373,1.6881,1.4589,1.2187,,,0.6463,,,,1.0781
-0.646,,,-1.7575,,,percussive / minimal / dreamy,percussive,-2.03928,-2.04412,155070192,-1.3256,-1.2195,,,,-1.7388,,,,-1.7598
,,3.8234,,,2.1323,euphoric / warm / atmospheric,euphoric,1.09223,3.15948,193467867,2.1576,,,,,,3.4975,2.4399,,2.7413
,,,,,-0.4134,minimal / piano / dreamy,minimal,-1.4296,-1.21747,63610214,-0.4417,0.1677,,,,-1.1301,-1.1464,,,-0.8624
,,,,,-0.3912,minimal / dreamy / deep,minimal,-1.44385,-1.12555,136088351,-0.1144,0.4231,-0.372,,,-0.3626,,,-0.8684,
,,,,,,deep / dark / minimal,deep,1.16422,1.08342,262643250,,1.873,1.8396,1.7276,1.8766,2.9728,,,,1.7483
,,,,,-0.6694,minimal / punchy / warm,minimal,-1.24234,-0.88415,54876606,-0.7214,-0.1293,,,,,-0.6331,-0.9546,-0.3824,
,,,,1.0064,,deep / dark / punchy,deep,0.78168,0.45583,71539656,,,,1.1714,1.5105,1.6579,,,1.3173,1.2604
,-0.6802,,,,,deep / dreamy / raw,deep,-2.01283,-2.02839,232679277,-0.6236,-0.8304,-1.0588,,,-0.2126,,,,-1.0228
0.5086,,0.225,0.4664,,1.1502,piano / instrumental / percussive,piano,-0.0019,-0.00554,195778634,,0.3323,0.664,,,,,,,
,,,0.6762,,0.4906,minimal / instrumental / vocal,minimal,0.05381,-0.27764,18460423,0.597,1.1335,0.9063,,,,,,,0.4056
,,,-0.5589,,-0.0104,minimal / piano / dreamy,minimal,-1.46421,-1.02235,231705286,-0.0861,0.145,-0.3613,,,,,,-0.6303,
,,,,,0.5372,minimal / piano / instrumental,minimal,-0.99711,-0.79373,258052069,0.0129,1.1922,0.4032,,,-0.0415,,-0.1254,,
-0.4126,,,,,-0.8074,minimal / dreamy / percussive,minimal,-1.37483,-1.17244,126460118,0.1487,0.2931,,,,-0.7221,,,,-0.4187
,,,,,-0.4076,minimal / dreamy / hypnotic,minimal,-1.27828,-1.06779,54866053,-0.2287,0.1427,,,,-0.567,,-0.3126,,-0.5287
0.4919,,,,-1.2799,-1.5259,percussive / punchy / intense,percussive,-0.91078,-1.72589,57318022,,-1.4247,,,,,,-1.504,-0.4901,
,,5.253,,3.215,5.2707,piano / euphoric / intense,piano,1.03874,3.12342,49007668,,,,,,2.8256,,3.1006,,3.0437
-0.3797,,,,,,minimal / punchy / hypnotic,minimal,-0.69501,-0.77431,1076537,-0.5281,0.5523,,,,,-0.3501,-0.2008,0.1158,
,,,,,,deep / instrumental / dreamy,deep,-0.12716,0.21403,236200959,1.3036,1.1122,1.3201,,1.0433,2.3277,,,,1.1446
-0.3863,,,,,,deep / minimal / percussive,deep,-1.01671,-1.4435,186417776,,-0.2348,-0.7071,,-0.9212,-0.0609,,,-0.9893,
,,,,1.0132,,punchy / dark / intense,punchy,1.00631,-0.03179,69587602,,,0.8011,,1.2159,0.9766,,,1.7139,0.7858
,,,,,,deep / dreamy / minimal,deep,-0.82729,-0.6006,171107074,0.692,0.6177,0.2457,,0.2797,1.1731,,,,0.3378
,,,,,,instrumental / minimal / dreamy,instrumental,0.41007,0.88301,80454107,2.0468,2.3416,2.4378,,,2.0009,,1.6334,,1.9324
,0.6106,,,,,deep / punchy / dark,deep,0.36304,0.29451,162173400,,,,,1.0521,1.2355,0.8349,0.6181,1.1958,
,,,,,-0.4924,minimal / dreamy / deep,minimal,-1.14724,-0.75328,67332111,0.2917,0.4109,-0.3616,,,-0.2612,,,,-0.5285
,,,,,,warm / dark / minimal,warm,0.35058,0.71017,19710262,,0.925,,,0.984,0.8133,1.3513,0.9235,0.8604,
0.265,-0.2821,,,-0.2246,,punchy / percussive / dark,punchy,-0.02352,-0.6641,224152657,,,,,-0.1414,-0.1847,,,0.3387,
-0.7034,,,,,-1.2028,percussive / dreamy / minimal,percussive,-1.74979,-1.51987,101500487,-0.8401,-0.9214,,,,,,-1.3164,,-1.2487
,0.6866,0.4185,1.1543,,0.4623,vocal / raw / piano,vocal,-0.98068,-0.27539,114567011,-0.0845,,0.2581,,,,,,,
,0.1502,,,,0.0043,deep / minimal / punchy,deep,-0.79933,-1.15849,11691109,,0.5218,0.1605,,,1.2501,,,0.2552,
-0.4604,,,,-0.0855,,punchy / dark / intense,punchy,0.00467,-1.01944,218392188,,,,-0.3467,0.101,-0.1566,,,0.9112,
,,,,,0.5131,deep / minimal / dreamy,deep,-0.67608,-0.42327,227909980,0.5289,0.6661,,,,0.7156,,0.1267,,0.1454
,-0.7957,,,,-0.6565,deep / minimal / piano,deep,-1.4845,-1.62284,149202811,,-0.4635,-0.7672,,,0.1717,,,-1.0308,
1.3311,0.0452,-0.7212,,,-0.7684,percussive / warm / raw,percussive,-0.37758,-0.58148,6320414,,-0.8511,,,,,0.2959,,,
,,,,1.3034,,deep / atmospheric / instrumental,deep,0.77319,0.35475,55935870,,1.3741,1.4605,,1.3588,2.5491,,,,1.7417
,,,,,,punchy / deep / dark,punchy,-0.37075,-1.03881,229119601,,-0.6917,,-0.7021,-0.5752,-0.2811,-0.6154,,1.0223,
0.6618,,,,-0.2069,-0.1403,percussive / punchy / driving,percussive,0.2658,-0.50829,261843097,,,,0.0794,-0.2602,,,,0.5289,
,,,,,,minimal / deep / dreamy,minimal,-1.01363,-0.35736,190357350,0.9092,1.3577,0.6791,,,1.0801,,0.3558,,0.4863
,,,,,,deep / dreamy / minimal,deep,-0.19489,-0.23367,76399869,0.5688,0.4039,0.3708,,,1.0233,,0.2719,,0.2222
,,,,,,deep / dark / hypnotic,deep,0.09907,-0.03842,245092371,,0.4784,,,0.8344,1.297,,0.7289,0.6065,0.5086
0.4246,0.2109,,-0.4496,,,percussive / raw / vocal,percussive,-0.52348,-1.08777,107670646,,,-0.7328,,,-0.6144,,,-0.5046,
,,,,,0.5953,dreamy / deep / piano,dreamy,-0.9765,-0.14702,85442153,1.2209,0.5046,0.3973,,,1.095,,,,0.4054
0.1054,,,,,,percussive / dreamy / driving,percussive,-0.18198,-0.49076,25750373,-0.0444,,,-0.1095,-0.2173,,,,-0.1938,-0.1572
,,,0.3106,,0.0684,minimal / vocal / instrumental,minimal,-0.94737,-0.61434,97716414,0.2356,1.0222,0.3013,,,,,,,-0.0116
,-0.3585,,,,,deep / minimal / punchy,deep,-0.78346,-0.93093,213824631,,-0.1932,-0.455,,-0.5944,0.2273,,,-0.2066,
,,,,,,dark / driving / punchy,dark,0.55283,-0.03303,181595399,,0.9396,,1.2019,1.2367,0.8969,,,1.1627,0.6623
0.3238,,,,,,minimal / percussive / dreamy,minimal,-0.40415,-0.4971,238629332,-0.148,0.3675,-0.2502,,,-0.2896,-0.4123,,,
,,,,1.4487,,punchy / warm / intense,punchy,1.09391,1.27625,148799151,,,,,1.4078,1.2711,2.2463,1.27,2.4912,
1.4581,-0.1378,0.6622,-0.9607,-0.4865,,percussive / euphoric / raw,percussive,-0.3869,-0.60828,128314220,,,,-0.8513,,,,,,
,,,,,0.7166,warm / punchy / piano,warm,0.08723,0.50328,174543414,,0.451,,,0.3642,,1.3692,0.6126,0.8144,
-0.2095,-0.173,,0.3851,,,vocal / punchy / raw,vocal,-0.29568,-0.7105,61196633,,,-0.2604,,-0.1981,,,,0.1506,
1.1472,,-1.2459,-1.2255,-1.4114,,percussive / punchy / vocal,percussive,-0.80099,-1.61173,257928446,,,,,-1.4153,,,,-1.1538,
,,,0.7194,,,warm / dreamy / driving,warm,0.23953,0.91235,255682320,1.221,0.9217,,0.9545,,,1.4939,,,0.7383
,,,0.19,,0.1438,punchy / dark / vocal,punchy,0.02363,-0.61723,265190781,,,,,0.318,0.0389,,0.1067,0.8878,
,,,,1.7705,,deep / dark / punchy,deep,0.93947,1.00307,268076034,,,,,2.1761,2.3129,,1.7424,1.8302,1.6415
0.781,1.0994,1.1802,,0.6737,,euphoric / raw / percussive,euphoric,0.37332,0.4393,73537627,,,,0.5112,,,0.6225,,,
1.774,-1.1134,0.1352,,-0.3884,,percussive / euphoric / intense,percussive,-0.29217,-1.09271,195983539,,,,,,,-1.2083,,-0.7237,
,,,,,,deep / dreamy / dark,deep,-0.03817,0.35038,268196926,1.1264,0.6472,,0.7073,1.0784,1.4765,,,,0.6888
,1.5775,,,,0.9785,raw / driving / instrumental,raw,0.42053,0.60116,167225566,0.7739,,1.225,1.4198,0.8099,,,,,
-0.5175,,,,,,percussive / driving / punchy,percussive,-0.77271,-1.13483,221310164,-0.9011,-1.0197,,-0.5264,-1.1031,,,,-0.7063,
,0.8117,,,,,deep / raw / dark,deep,-0.465,-0.32308,11933305,0.389,,0.7658,,0.7793,1.5526,,,,0.5296
-0.0759,0.6043,,0.8672,,,vocal / raw / instrumental,vocal,-0.30115,-0.19627,193032120,0.0626,-0.2483,0.0738,,,,,,,
-0.7235,-2.6936,-2.4422,,,-2.7487,percussive / punchy / euphoric,percussive,-2.18472,-2.89447,75003851,,-2.5905,,,,,,,-2.1355,
,0.1318,,,,,deep / raw / dark,deep,-0.72328,-0.82744,66538218,,,,-0.6837,-0.0014,0.3143,,-0.7275,-0.5748,
0.4916,,,,-0.376,,punchy / percussive / minimal,punchy,0.04139,-0.69131,75517499,,0.1482,0.023,,,,,-0.2334,0.5374,
,1.0671,,,,,instrumental / minimal / deep,instrumental,0.05357,0.27483,97644981,1.1422,1.9002,2.3865,,,1.4564,,1.344,,
-0.0661,0.6071,1.1496,1.2888,0.869,,vocal / euphoric / intense,vocal,-0.09942,0.06235,171026577,,,0.1091,,,,,,,
