artist,title,bpm,top_genre,top_vibe,genres (score),vibes (score)
8Mimi,Solance,122.0,afro house,rolling,afro house 0.61; progressive house 0.56; melodic house 0.52; tech house 0.51,rolling 0.39; groovy 0.37; uplifting 0.33; dreamy 0.31
After Hours,Waterfalls (4 A.M. Mix),119.91,afro house,groovy,afro house 0.56; progressive house 0.53; melodic house 0.51; disco house 0.50,groovy 0.50; rolling 0.48; uplifting 0.39; driving 0.37
Alexis Cabrera,Alcohpott,123.0,afro house,rolling,afro house 0.56; progressive house 0.47; melodic house 0.45; peak time techno 0.43,rolling 0.40; groovy 0.34; percussive 0.30; uplifting 0.29
Anja Schneider,Hello Boy! (Original Mix),124.0,afro house,rolling,afro house 0.61; progressive house 0.61; disco house 0.53; organic house 0.52,rolling 0.44; groovy 0.40; uplifting 0.38; dark 0.33
Audiojack,Stellar (Original Mix),125.0,afro house,rolling,afro house 0.51; progressive house 0.50; melodic house 0.47; soulful house 0.45,rolling 0.45; uplifting 0.41; dreamy 0.40; groovy 0.40
Awka & Baya,As The Stars Fall (Original Mix),120.0,afro house,rolling,afro house 0.52; progressive house 0.50; melodic house 0.46; tribal house 0.44,rolling 0.47; uplifting 0.43; dreamy 0.42; driving 0.41
Babsy,Another Session,124.0,afro house,groovy,afro house 0.53; disco house 0.53; progressive house 0.52; melodic house 0.51,groovy 0.48; rolling 0.47; raw 0.43; driving 0.42
Bedouin,Set The Controls For The Heart Of The Sun (Guy Gerber Remix),121.0,afro house,rolling,afro house 0.47; progressive house 0.46; disco house 0.45; melodic house 0.44,rolling 0.47; driving 0.39; groovy 0.38; raw 0.38
Beltran,Fly,122.0,afro house,rolling,afro house 0.57; progressive house 0.57; organic house 0.54; peak time techno 0.54,rolling 0.51; groovy 0.44; percussive 0.43; dark 0.39
"Ben Böhmer, Wood, Simon Krause",Give Me,120.0,afro house,rolling,afro house 0.50; melodic house 0.50; melodic techno 0.49; soulful house 0.49,rolling 0.49; uplifting 0.48; dreamy 0.45; dark 0.44
Benjamin Fröhlich,Love Loop (Club Mix),125.0,afro house,rolling,afro house 0.50; electronica 0.48; soulful house 0.48; progressive house 0.48,rolling 0.51; warm 0.47; uplifting 0.44; driving 0.44
Big Miz,Doin' the Damage,124.0,afro house,rolling,afro house 0.47; progressive house 0.46; peak time techno 0.45; melodic techno 0.36,rolling 0.34; percussive 0.29; groovy 0.27; uplifting 0.25
Bonafique,Isaac Notes (One For The Sunrise Mix),123.0,afro house,rolling,afro house 0.58; progressive house 0.56; melodic house 0.53; soulful house 0.50,rolling 0.50; groovy 0.45; uplifting 0.45; dreamy 0.43
Boris Brejcha,Fennek,125.0,afro house,rolling,afro house 0.56; progressive house 0.55; melodic house 0.52; soulful house 0.49,rolling 0.50; groovy 0.42; dark 0.40; uplifting 0.39
Brain De Palma,Farout,133.0,afro house,rolling,afro house 0.49; peak time techno 0.49; progressive house 0.47; tech house 0.46,rolling 0.45; uplifting 0.39; groovy 0.38; driving 0.35
Carlita,TV Disco (Extended),126.0,afro house,percussive,afro house 0.60; disco house 0.60; progressive house 0.59; organic house 0.58,percussive 0.58; rolling 0.53; groovy 0.49; driving 0.39
"Carlita, Alex Metric & DJ Tennis",Cinecitta (Original Version),125.0,afro house,rolling,afro house 0.56; progressive house 0.56; peak time techno 0.56; tech house 0.55,rolling 0.57; groovy 0.49; warm 0.47; driving 0.47
Clean Bandit,Extraordinary (Bontan Remix),123.0,afro house,rolling,afro house 0.52; progressive house 0.52; disco house 0.50; tech house 0.43,rolling 0.46; groovy 0.44; driving 0.41; uplifting 0.40
Colau,Archivo 94' (Original Mix),121.0,afro house,groovy,afro house 0.54; progressive house 0.54; disco house 0.51; melodic house 0.51,groovy 0.47; rolling 0.45; uplifting 0.42; driving 0.41
Cornucopia,Remember Me (Original Mix),118.0,afro house,rolling,afro house 0.56; progressive house 0.56; disco house 0.49; peak time techno 0.48,rolling 0.43; uplifting 0.37; groovy 0.36; driving 0.33
Cubicolor,Down The Wall (Original Mix),110.0,afro house,rolling,afro house 0.56; melodic house 0.56; disco house 0.54; progressive house 0.53,rolling 0.55; groovy 0.53; uplifting 0.46; driving 0.45
Demarkus Lewis,Airlock (Sebb Junior Remix),123.0,afro house,rolling,afro house 0.55; progressive house 0.53; disco house 0.52; melodic house 0.48,rolling 0.48; groovy 0.44; uplifting 0.40; driving 0.40
Dennis Ferrer,Son Of Raw (Original Mix),127.0,afro house,rolling,afro house 0.59; progressive house 0.54; disco house 0.50; organic house 0.48,rolling 0.46; groovy 0.40; percussive 0.37; uplifting 0.33
Dim Kelly,New World (Extended Mix),122.0,afro house,rolling,afro house 0.57; organic house 0.56; progressive house 0.55; disco house 0.51,rolling 0.54; percussive 0.54; groovy 0.47; warm 0.43
Eli & Fur,Carbon (Polar Inc. Extended Remix),120.0,afro house,rolling,afro house 0.54; progressive house 0.53; soulful house 0.47; melodic house 0.46,rolling 0.46; uplifting 0.42; dreamy 0.41; driving 0.39
Fabian Kash,Twin,118.0,afro house,dreamy,afro house 0.46; disco house 0.45; melodic house 0.42; progressive house 0.40,dreamy 0.47; groovy 0.45; uplifting 0.44; driving 0.43
Felipe Gordon,Strings of the Afterlife,120.0,afro house,rolling,afro house 0.51; progressive house 0.49; melodic house 0.47; disco house 0.45,rolling 0.47; groovy 0.41; driving 0.38; uplifting 0.38
Frink,Cloudy (Original Mix),122.0,afro house,rolling,afro house 0.54; progressive house 0.53; disco house 0.48; melodic house 0.48,rolling 0.43; groovy 0.42; uplifting 0.40; dreamy 0.37
Gorge,Almost There,122.0,afro house,rolling,afro house 0.53; melodic house 0.52; soulful house 0.47; melodic techno 0.46,rolling 0.48; uplifting 0.43; groovy 0.42; warm 0.38
Gorge,Veamos,125.0,afro house,rolling,afro house 0.56; disco house 0.52; progressive house 0.51; melodic house 0.44,rolling 0.44; groovy 0.42; uplifting 0.39; driving 0.36
Grazze,Atlantic Solstice,123.0,afro house,rolling,afro house 0.51; progressive house 0.50; disco house 0.48; melodic house 0.48,rolling 0.56; driving 0.50; groovy 0.49; percussive 0.47
Guy Contact,Nice 2 B Free,124.0,afro house,groovy,afro house 0.56; progressive house 0.55; disco house 0.49; organic house 0.46,groovy 0.38; rolling 0.37; percussive 0.30; uplifting 0.29
Guy Contact,Euphoria Simulator,126.0,afro house,rolling,afro house 0.60; progressive house 0.58; disco house 0.52; organic house 0.51,rolling 0.42; groovy 0.42; uplifting 0.37; driving 0.32
H.K.,Uniform,125.0,afro house,rolling,afro house 0.59; progressive house 0.55; organic house 0.54; tech house 0.51,rolling 0.48; groovy 0.45; percussive 0.43; uplifting 0.36
"HUGEL, Yorghaki, Alleh",Una Noche Con Hugel (Extended Mix),122.0,afro house,percussive,afro house 0.37; progressive house 0.36; tribal house 0.35; disco house 0.32,percussive 0.49; rolling 0.37; raw 0.34; euphoric 0.27
Harunhuba,Ik Heb Geen Bril Op,123.0,afro house,groovy,afro house 0.63; progressive house 0.62; organic house 0.56; disco house 0.56,groovy 0.49; rolling 0.47; uplifting 0.40; dreamy 0.37
Hraach,Una Mattina (Original Mix),116.0,afro house,rolling,afro house 0.59; organic house 0.55; melodic house 0.55; progressive house 0.52,rolling 0.49; percussive 0.49; groovy 0.47; uplifting 0.42
Hraach,Bajo El Cielo Azul (Original Mix),120.0,afro house,groovy,afro house 0.57; disco house 0.51; melodic house 0.51; progressive house 0.50,groovy 0.48; dreamy 0.43; uplifting 0.42; rolling 0.41
Igor Gonya & Bauhouse,No Smoke (Sebb Junior Remix),121.0,afro house,rolling,afro house 0.58; progressive house 0.57; disco house 0.54; organic house 0.52,rolling 0.47; groovy 0.46; percussive 0.40; raw 0.38
Jesse Bru,Pinkfog,124.0,afro house,groovy,afro house 0.49; progressive house 0.48; disco house 0.48; melodic house 0.47,groovy 0.42; dreamy 0.41; rolling 0.41; uplifting 0.40
Khen,Yellow (Original Mix),122.0,afro house,rolling,afro house 0.57; progressive house 0.52; disco house 0.49; melodic house 0.48,rolling 0.44; groovy 0.43; uplifting 0.39; dreamy 0.39
Kölsch,Der Alte,124.0,afro house,rolling,afro house 0.59; disco house 0.58; progressive house 0.53; melodic house 0.49,rolling 0.47; groovy 0.45; uplifting 0.36; driving 0.34
M.A.N.D.Y. & Booka Shade,Body Language (Original Remaster),130.0,afro house,groovy,afro house 0.63; progressive house 0.59; melodic house 0.55; disco house 0.54,groovy 0.49; rolling 0.48; uplifting 0.42; percussive 0.42
Manuel Tur And DPlay,Deviate (Original Mix),118.0,afro house,groovy,afro house 0.55; progressive house 0.54; disco house 0.50; melodic house 0.47,groovy 0.41; rolling 0.37; uplifting 0.35; dreamy 0.33
Marten Hørger & BIJOU,I Know,125.0,afro house,rolling,afro house 0.56; progressive house 0.51; peak time techno 0.50; melodic house 0.49,rolling 0.48; groovy 0.44; uplifting 0.42; dark 0.42
Milio (NL),Sterren (Original Mix),125.0,afro house,rolling,afro house 0.50; progressive house 0.47; melodic house 0.45; melodic techno 0.42,rolling 0.39; uplifting 0.37; dreamy 0.36; groovy 0.35
"Monomotion, Jagger Jazz",Flight Simulator,128.0,afro house,rolling,afro house 0.59; progressive house 0.59; disco house 0.53; organic house 0.50,rolling 0.42; groovy 0.39; uplifting 0.34; dark 0.32
Morris T,Rolling In The Deep (Tiger Stripes Remix),125.0,afro house,percussive,afro house 0.47; progressive house 0.47; disco house 0.43; tribal house 0.37,percussive 0.40; groovy 0.37; rolling 0.37; driving 0.32
Musumeci,People Are Still Having Sex,125.0,afro house,rolling,afro house 0.54; disco house 0.50; progressive house 0.49; melodic house 0.42,rolling 0.38; groovy 0.38; raw 0.31; uplifting 0.31
Nhar,Padisha (Original Mix),123.0,afro house,rolling,afro house 0.52; progressive house 0.52; melodic house 0.48; soulful house 0.47,rolling 0.46; groovy 0.42; uplifting 0.41; driving 0.40
Nils Hoffmann,Verwunschen (Marlon Hoffstadt Remix),124.0,afro house,rolling,afro house 0.58; progressive house 0.57; disco house 0.56; melodic house 0.56,rolling 0.53; groovy 0.50; dark 0.46; uplifting 0.45
Obbie,Dendro (Original Mix),121.0,afro house,rolling,afro house 0.54; progressive house 0.52; melodic house 0.50; soulful house 0.47,rolling 0.48; percussive 0.39; groovy 0.39; uplifting 0.38
Oscar Barila,Miles (Original Mix),125.0,afro house,groovy,afro house 0.52; progressive house 0.50; disco house 0.47; melodic house 0.42,groovy 0.45; rolling 0.45; uplifting 0.43; driving 0.41
Oscar Barila,Feels Right (Extended Mix),125.0,afro house,rolling,afro house 0.49; progressive house 0.49; disco house 0.48; melodic house 0.40,rolling 0.42; groovy 0.42; uplifting 0.40; driving 0.38
Palmate,Start Again,122.0,afro house,rolling,afro house 0.53; progressive house 0.53; melodic house 0.48; disco house 0.46,rolling 0.50; groovy 0.44; uplifting 0.42; driving 0.42
Patrick Holland,Closer,122.0,afro house,groovy,afro house 0.51; disco house 0.51; melodic house 0.47; progressive house 0.43,groovy 0.44; rolling 0.40; dreamy 0.38; uplifting 0.36
Politics Of Dancing,Camille - DJ Honesty,127.0,afro house,rolling,afro house 0.59; progressive house 0.57; deep house 0.50; disco house 0.50,rolling 0.43; groovy 0.41; uplifting 0.35; dreamy 0.34
Reboot,The Frenchie Thing,124.0,afro house,rolling,afro house 0.54; progressive house 0.53; disco house 0.50; tribal house 0.49,rolling 0.47; groovy 0.43; percussive 0.43; uplifting 0.37
Ricky Razu,Soul Slide,126.0,afro house,groovy,afro house 0.63; disco house 0.57; organic house 0.56; melodic house 0.56,groovy 0.52; rolling 0.47; percussive 0.41; uplifting 0.38
Rishi K.,Personal Choice (Jarquin & Cano Remix),122.0,afro house,rolling,afro house 0.51; melodic house 0.49; progressive house 0.49; disco house 0.49,rolling 0.52; groovy 0.50; driving 0.45; warm 0.42
Santé,Delirium (Original Mix),122.0,afro house,groovy,afro house 0.56; progressive house 0.56; disco house 0.55; melodic house 0.52,groovy 0.51; rolling 0.49; uplifting 0.46; driving 0.43
Santé,Sunset Blvd,126.0,afro house,rolling,afro house 0.58; organic house 0.54; progressive house 0.54; peak time techno 0.54,rolling 0.50; groovy 0.41; dark 0.38; percussive 0.37
Santé,Sunset Blvd,126.0,afro house,rolling,afro house 0.55; progressive house 0.54; minimal techno 0.51; peak time techno 0.49,rolling 0.48; dark 0.38; groovy 0.38; uplifting 0.35
Sascha Funke,MZ,120.0,afro house,rolling,afro house 0.51; melodic house 0.51; melodic techno 0.49; soulful house 0.48,rolling 0.54; warm 0.47; dark 0.46; uplifting 0.45
Session Victim,Good Intentions (Album Mix),119.0,afro house,rolling,afro house 0.53; progressive house 0.51; disco house 0.46; organic house 0.44,rolling 0.41; groovy 0.41; percussive 0.33; uplifting 0.32
Shinichiro Yokota,Bells,120.7,afro house,rolling,afro house 0.44; melodic house 0.44; progressive house 0.41; melodic techno 0.38,rolling 0.42; groovy 0.40; dreamy 0.36; uplifting 0.35
Shinichiro Yokota,Night Drive 2.0,120.0,afro house,rolling,afro house 0.61; progressive house 0.58; disco house 0.53; organic house 0.52,rolling 0.44; groovy 0.42; percussive 0.35; uplifting 0.28
Shinichiro Yokota,Right Here! Right Now!,114.0,afro house,groovy,afro house 0.55; disco house 0.53; progressive house 0.53; melodic house 0.45,groovy 0.42; rolling 0.42; uplifting 0.34; driving 0.33
Shonky,Arena (Original Mix),124.0,afro house,groovy,afro house 0.62; progressive house 0.60; disco house 0.55; organic house 0.51,groovy 0.45; rolling 0.43; uplifting 0.37; driving 0.33
Sinner & James,Autonomous,124.0,afro house,rolling,afro house 0.53; peak time techno 0.52; progressive house 0.48; tech house 0.47,rolling 0.45; groovy 0.41; uplifting 0.39; driving 0.37
Soichi Terada,Hohai Beats ,124.9,afro house,rolling,afro house 0.52; progressive house 0.52; tribal house 0.46; disco house 0.44,rolling 0.37; percussive 0.33; groovy 0.27; raw 0.21
Spencer Brown,Divine Intervention (Extended Mix),123.0,afro house,rolling,afro house 0.52; progressive house 0.52; melodic house 0.51; peak time techno 0.51,rolling 0.47; groovy 0.41; dreamy 0.40; uplifting 0.40
Spencer Brown,5th & Concord,125.0,afro house,rolling,afro house 0.58; melodic house 0.58; progressive house 0.57; soulful house 0.55,rolling 0.60; uplifting 0.52; groovy 0.51; dreamy 0.50
"Stefano Albanese, Jerry K",Flow,123.0,afro house,rolling,afro house 0.55; progressive house 0.54; disco house 0.49; melodic house 0.47,rolling 0.43; groovy 0.42; uplifting 0.39; driving 0.35
Subb-an,Circular Motion,132.0,afro house,groovy,afro house 0.60; disco house 0.59; progressive house 0.58; organic house 0.45,groovy 0.37; rolling 0.36; percussive 0.30; driving 0.27
Suki,Forest Life,126.0,afro house,rolling,afro house 0.53; progressive house 0.48; disco house 0.46; melodic house 0.45,rolling 0.37; groovy 0.35; uplifting 0.34; dark 0.31
Sébastien Léger,Gaufrette,121.0,afro house,rolling,afro house 0.52; progressive house 0.52; disco house 0.44; melodic house 0.43,rolling 0.41; percussive 0.39; uplifting 0.34; groovy 0.33
Third Attempt,Be Yourself,123.0,afro house,groovy,afro house 0.55; disco house 0.52; progressive house 0.50; melodic house 0.48,groovy 0.42; rolling 0.39; percussive 0.38; raw 0.32
Tiger Stripes,Hooked (Solomun Remix),127.0,afro house,rolling,afro house 0.65; progressive house 0.64; disco house 0.59; organic house 0.57,rolling 0.48; groovy 0.44; uplifting 0.35; driving 0.33
Todd Terje,Delorean Dynamite (Original Mix),124.0,afro house,rolling,afro house 0.49; progressive house 0.49; peak time techno 0.47; melodic house 0.45,rolling 0.55; groovy 0.45; driving 0.43; dark 0.42
Todd Terje,Ragysh,120.0,afro house,rolling,afro house 0.57; progressive house 0.57; peak time techno 0.49; organic house 0.49,rolling 0.44; groovy 0.34; percussive 0.32; uplifting 0.29
"Tomoki Tamura, Tuccillo",Slow An' Easy,122.0,afro house,groovy,afro house 0.55; progressive house 0.55; melodic house 0.52; organic house 0.50,groovy 0.45; rolling 0.43; dreamy 0.36; uplifting 0.36
Toyboy & Robin,Palace (Russ Yallop Remix),125.0,afro house,rolling,afro house 0.53; progressive house 0.51; disco house 0.49; melodic house 0.47,rolling 0.44; groovy 0.41; uplifting 0.37; dark 0.37
Travis Scott,I KNOW (Alx Yav Remix),123.0,afro house,percussive,afro house 0.50; progressive house 0.49; tribal house 0.48; disco house 0.45,percussive 0.54; rolling 0.43; groovy 0.33; warm 0.33
Tårtan,Ayo!,122.0,afro house,rolling,afro house 0.54; peak time techno 0.52; progressive house 0.51; disco house 0.44,rolling 0.41; percussive 0.40; uplifting 0.32; groovy 0.31
Ugo Banchi,Dance With Ibiza,124.0,afro house,rolling,afro house 0.52; progressive house 0.50; peak time techno 0.45; disco house 0.43,rolling 0.41; uplifting 0.36; groovy 0.33; driving 0.32
Ugo Banchi,Chase The 80's,125.0,afro house,rolling,afro house 0.51; peak time techno 0.49; progressive house 0.48; tech house 0.43,rolling 0.46; groovy 0.36; uplifting 0.35; dark 0.34
Vertigini,Salted Caramel (Original Mix),120.0,afro house,percussive,afro house 0.49; progressive house 0.48; disco house 0.47; tribal house 0.40,percussive 0.41; rolling 0.38; groovy 0.35; uplifting 0.32
Vertigini,Box Of Pandora (Original Mix),122.0,afro house,percussive,afro house 0.57; progressive house 0.57; disco house 0.56; organic house 0.49,percussive 0.51; rolling 0.41; groovy 0.41; driving 0.34
Weast,About You,124.08,afro house,rolling,afro house 0.53; progressive house 0.51; melodic house 0.49; disco house 0.45,rolling 0.43; groovy 0.41; dreamy 0.39; uplifting 0.38
YannaY & Cafe De Anatolia,Romantica (Original Mix),120.0,afro house,rolling,afro house 0.54; progressive house 0.53; tribal house 0.47; organic house 0.46,rolling 0.44; groovy 0.38; dreamy 0.38; uplifting 0.36
Yotto,Just One Groove (Extended Mix),123.0,afro house,rolling,afro house 0.57; progressive house 0.56; melodic house 0.53; disco house 0.51,rolling 0.48; groovy 0.44; uplifting 0.43; dark 0.40
"ddp, Turi",Iced Coffee,125.0,afro house,rolling,afro house 0.57; progressive house 0.56; melodic house 0.51; disco house 0.50,rolling 0.43; groovy 0.43; uplifting 0.36; dreamy 0.36
geods sorèd,Don't Make Me Wait,124.0,afro house,groovy,afro house 0.58; disco house 0.56; melodic house 0.52; progressive house 0.52,groovy 0.55; rolling 0.49; raw 0.47; uplifting 0.45
mredrollo,Funkinmusic,122.0,afro house,rolling,afro house 0.54; progressive house 0.50; melodic house 0.46; peak time techno 0.46,rolling 0.41; uplifting 0.37; groovy 0.36; dreamy 0.34
"BLOND:ISH, KeeQ, Chloe Paige",The Cure (Extended Mix),124.0,breakbeat,rolling,breakbeat 0.50; progressive house 0.50; electronica 0.47; disco house 0.42,rolling 0.54; driving 0.48; dark 0.48; raw 0.46
Barry Can't Swim,Kimbara (Extended Mix),125.0,breakbeat,rolling,breakbeat 0.49; electronica 0.49; progressive house 0.49; disco house 0.46,rolling 0.52; driving 0.49; percussive 0.49; dark 0.44
Clark,Relentless Opponent,134.0,breakbeat,rolling,breakbeat 0.52; peak time techno 0.50; progressive house 0.46; deep house 0.41,rolling 0.55; dark 0.51; driving 0.43; uplifting 0.36
"Crusy, Calussa",Kids (Extended Mix),129.0,breakbeat,rolling,breakbeat 0.46; peak time techno 0.46; progressive house 0.45; electronica 0.38,rolling 0.53; dark 0.44; percussive 0.43; driving 0.42
Darondo,Didn't I - Dave Allison Rework,93.0,breakbeat,driving,breakbeat 0.42; disco house 0.42; progressive house 0.41; electronica 0.40,driving 0.48; groovy 0.44; rolling 0.41; dark 0.40
Deer Jade,So Divine (Original Mix),125.0,breakbeat,rolling,breakbeat 0.50; progressive house 0.48; disco house 0.47; electronica 0.41,rolling 0.51; raw 0.47; driving 0.46; percussive 0.46
Disperse Black,Kinda Hard to Explain (Original Mix),125.0,breakbeat,rolling,breakbeat 0.51; progressive house 0.51; peak time techno 0.40; disco house 0.37,rolling 0.50; driving 0.48; dark 0.46; percussive 0.37
Dog Blood,BREAK LAW (Not Your Dope Rework),108.0,breakbeat,rolling,breakbeat 0.43; progressive house 0.42; peak time techno 0.34; afro house 0.34,rolling 0.45; driving 0.40; dark 0.39; percussive 0.38
Dog Blood,BREAK LAW,108.0,breakbeat,percussive,breakbeat 0.45; peak time techno 0.41; progressive house 0.39; afro house 0.34,percussive 0.45; rolling 0.44; driving 0.34; dark 0.33
"Emanuel Satie, Tim Engelhardt, Maga, Sean Doron",Phantasy,124.0,breakbeat,rolling,breakbeat 0.52; progressive house 0.50; disco house 0.49; peak time techno 0.44,rolling 0.51; driving 0.47; warm 0.45; dark 0.45
Eric Prydz,Som Sas,127.0,breakbeat,dark,breakbeat 0.49; melodic techno 0.43; soulful house 0.41; electronica 0.39,dark 0.54; rolling 0.52; driving 0.50; uplifting 0.45
"Eric Prydz, Floyd",Proper Education (Radio Edit),125.0,breakbeat,rolling,breakbeat 0.43; progressive house 0.42; electronica 0.36; peak time techno 0.36,rolling 0.47; dark 0.44; driving 0.41; raw 0.38
Farius,Make This Last (Frederick & Kusse Extended Mix),125.0,breakbeat,rolling,breakbeat 0.39; peak time techno 0.38; progressive house 0.33; afro house 0.26,rolling 0.38; dark 0.34; percussive 0.29; driving 0.27
Fatboy Slim,Right Here Right Now,124.69,breakbeat,rolling,breakbeat 0.45; electronica 0.39; progressive house 0.38; tribal house 0.33,rolling 0.50; dark 0.47; driving 0.45; euphoric 0.42
Fioretti,L'Ete (Original Mix),125.0,breakbeat,rolling,breakbeat 0.51; progressive house 0.46; electronica 0.44; peak time techno 0.43,rolling 0.53; dark 0.48; driving 0.48; percussive 0.45
Fred again.. feat. The Blessed Madonna,Marea (We've Lost Dancing) (Pete K Remix),123.0,breakbeat,rolling,breakbeat 0.53; peak time techno 0.48; progressive house 0.46; soulful house 0.46,rolling 0.57; dark 0.53; driving 0.52; warm 0.44
HUGEL & Diplo,Forever feat. Malou & Yuna (Extended Mix),120.0,breakbeat,rolling,breakbeat 0.41; electronica 0.40; progressive house 0.38; disco house 0.36,rolling 0.46; percussive 0.45; raw 0.44; driving 0.41
Hank K,Wrong (Francis Mercier Sunrise Mix),122.0,breakbeat,rolling,breakbeat 0.50; peak time techno 0.48; soulful house 0.47; progressive house 0.45,rolling 0.61; dark 0.52; driving 0.48; percussive 0.44
JUNO (DE),Last Dance,120.0,breakbeat,rolling,breakbeat 0.50; progressive house 0.48; melodic techno 0.46; soulful house 0.44,rolling 0.56; dark 0.53; driving 0.53; uplifting 0.47
"Jain, Solomun",Tout le monde est fou (Club version),124.0,breakbeat,rolling,breakbeat 0.49; disco house 0.43; electronica 0.43; progressive house 0.42,rolling 0.51; driving 0.48; dark 0.46; warm 0.44
"James Hurr, Anton Powers & Tasty Lopez",That's It (Original Mix),124.0,breakbeat,percussive,breakbeat 0.42; progressive house 0.40; peak time techno 0.38; tribal house 0.35,percussive 0.47; rolling 0.47; driving 0.40; dark 0.37
John Summit & Guz ft. Stevie Appleton,What A Life (Extended Mix),126.0,breakbeat,rolling,breakbeat 0.49; progressive house 0.47; disco house 0.45; afro house 0.44,rolling 0.53; driving 0.52; uplifting 0.47; groovy 0.46
Kalaido,Motorbikes in Sapa,92.0,breakbeat,driving,breakbeat 0.47; melodic house 0.44; progressive house 0.43; electronica 0.42,driving 0.54; dreamy 0.48; groovy 0.47; rolling 0.47
Kalaido,Teahouse SpiritsL,87.0,breakbeat,driving,breakbeat 0.42; progressive house 0.41; downtempo 0.40; melodic house 0.38,driving 0.52; dreamy 0.47; rolling 0.47; groovy 0.45
MPH feat. Carla Monroe,Alone (Extended Mix),135.0,breakbeat,rolling,breakbeat 0.44; progressive house 0.44; peak time techno 0.41; afro house 0.38,rolling 0.45; driving 0.44; dark 0.40; raw 0.40
"Mark Knight, Armand van Helden",The Music Began To Play (Extended Mix),127.0,breakbeat,rolling,breakbeat 0.52; progressive house 0.47; peak time techno 0.46; disco house 0.42,rolling 0.49; driving 0.47; dark 0.47; uplifting 0.41
New Young Pony Club,Ice Cream,121.98,breakbeat,rolling,breakbeat 0.47; progressive house 0.45; disco house 0.44; electronica 0.37,rolling 0.46; driving 0.43; raw 0.40; dark 0.38
Nora En Pure,Morning Dew,122.0,breakbeat,rolling,breakbeat 0.49; melodic techno 0.47; progressive house 0.47; electronica 0.46,rolling 0.57; driving 0.56; dark 0.53; uplifting 0.47
Ost & Kjex,Kaputt (Karmon Remix),121.19,breakbeat,rolling,breakbeat 0.56; progressive house 0.49; peak time techno 0.48; electronica 0.48,rolling 0.61; dark 0.54; warm 0.50; driving 0.49
Pinto (NYC),Nasty,128.0,breakbeat,percussive,breakbeat 0.49; disco house 0.41; progressive house 0.39; electronica 0.37,percussive 0.52; rolling 0.40; driving 0.38; warm 0.37
"Quivver, Dave Seaman & Ewan Hoo's Army",Voice Recognition feat. Leo Wood (Gui Boratto Remix),127.0,breakbeat,driving,breakbeat 0.43; progressive house 0.42; electronica 0.41; disco house 0.39,driving 0.50; rolling 0.47; raw 0.46; uplifting 0.46
ROMCO,Soul (Extended Mix),127.0,breakbeat,rolling,breakbeat 0.51; peak time techno 0.48; progressive house 0.48; deep house 0.38,rolling 0.50; dark 0.49; driving 0.42; percussive 0.35
Revelle27,Mother (Extended Mix),130.0,breakbeat,driving,breakbeat 0.49; progressive house 0.46; electronica 0.42; disco house 0.40,driving 0.55; rolling 0.51; dark 0.51; raw 0.47
RÜFÜS DU SOL,Inhale (SCRIPT Edit),126.0,breakbeat,rolling,breakbeat 0.48; progressive house 0.45; soulful house 0.44; peak time techno 0.44,rolling 0.52; dark 0.50; driving 0.48; uplifting 0.45
Surely Tempo,Japan,133.33,breakbeat,driving,breakbeat 0.39; disco house 0.38; electronica 0.31; progressive house 0.30,driving 0.49; groovy 0.48; dark 0.42; uplifting 0.41
The Prodigy,Smack My Bitch Up,136.2,breakbeat,rolling,breakbeat 0.44; peak time techno 0.38; progressive house 0.36; electronica 0.34,rolling 0.44; dark 0.42; driving 0.40; percussive 0.38
Tiger Stripes,Sneaking Hotdogs into People's Pockets,128.0,breakbeat,rolling,breakbeat 0.51; progressive house 0.50; peak time techno 0.47; tech house 0.47,rolling 0.52; driving 0.49; dark 0.47; warm 0.44
"Tim Deluxe, Sam Obernik",It Just Won't Do (Club Mix),130.0,breakbeat,rolling,breakbeat 0.43; progressive house 0.42; electronica 0.37; disco house 0.36,rolling 0.48; percussive 0.47; driving 0.46; dark 0.44
Unknown Artist,Ijzeren Rots,126.0,breakbeat,rolling,breakbeat 0.47; melodic techno 0.47; melodic house 0.47; downtempo 0.46,rolling 0.56; driving 0.53; groovy 0.53; dark 0.48
Videoclub,Roi,108.0,breakbeat,driving,breakbeat 0.47; electronica 0.47; progressive house 0.46; soulful house 0.43,driving 0.54; rolling 0.54; dark 0.54; groovy 0.47
Yestalgia x Loafy Building,West Of Zhuhai,140.06,breakbeat,driving,breakbeat 0.48; electronica 0.47; downtempo 0.43; melodic house 0.43,driving 0.54; rolling 0.52; percussive 0.49; groovy 0.48
feel trip.,mi buena suerte.,158.0,breakbeat,driving,breakbeat 0.39; electronica 0.37; progressive house 0.34; disco house 0.33,driving 0.43; dark 0.39; rolling 0.37; raw 0.35
"greenface, Refeeld",Red Lamps.,85.0,breakbeat,driving,breakbeat 0.48; electronica 0.47; melodic house 0.46; disco house 0.41,driving 0.54; groovy 0.53; rolling 0.52; dreamy 0.46
luv,Fuwa Fuwa,120.0,breakbeat,driving,breakbeat 0.38; disco house 0.37; electronica 0.36; progressive house 0.35,driving 0.45; raw 0.44; dark 0.42; groovy 0.41
萨顶顶,万物生,152.0,breakbeat,driving,breakbeat 0.42; electronica 0.42; progressive house 0.38; disco house 0.36,driving 0.50; rolling 0.45; dark 0.45; raw 0.43
40 Thieves,Don't Turn It Off feat. Qzen (Greg Wilson Edit),117.0,disco house,rolling,disco house 0.45; progressive house 0.44; electronica 0.39; afro house 0.38,rolling 0.44; raw 0.43; groovy 0.39; driving 0.39
5am.,Gone (Extended Version),126.0,disco house,raw,disco house 0.45; progressive house 0.44; electronica 0.43; melodic house 0.42,raw 0.47; rolling 0.46; driving 0.46; groovy 0.46
AN-2,Lazy Sun,121.0,disco house,groovy,disco house 0.53; afro house 0.51; melodic house 0.48; progressive house 0.47,groovy 0.51; rolling 0.46; uplifting 0.43; driving 0.41
ANOTR,Canvas,125.0,disco house,groovy,disco house 0.50; progressive house 0.47; breakbeat 0.44; melodic house 0.42,groovy 0.51; driving 0.50; rolling 0.44; uplifting 0.40
Afrodesia,Meet In Tunis,110.53,disco house,groovy,disco house 0.50; progressive house 0.46; afro house 0.38; melodic house 0.36,groovy 0.41; rolling 0.37; raw 0.34; driving 0.33
Antoine Malye,Paris,100.0,disco house,groovy,disco house 0.51; progressive house 0.51; melodic house 0.47; afro house 0.46,groovy 0.55; driving 0.54; uplifting 0.51; rolling 0.50
Ari Bald & CJ Scott,Tuborg Translate,130.0,disco house,rolling,disco house 0.51; progressive house 0.49; afro house 0.44; breakbeat 0.40,rolling 0.44; percussive 0.40; groovy 0.40; driving 0.39
BUMBLB,Who This,123.0,disco house,groovy,disco house 0.65; afro house 0.62; progressive house 0.60; organic house 0.47,groovy 0.50; rolling 0.46; driving 0.39; uplifting 0.37
Bellaire,Paris City Jazz,125.0,disco house,percussive,disco house 0.49; progressive house 0.44; afro house 0.42; breakbeat 0.40,percussive 0.47; groovy 0.41; raw 0.39; driving 0.37
Bluestaeb,Pastis,110.0,disco house,groovy,disco house 0.56; progressive house 0.51; afro house 0.48; melodic house 0.46,groovy 0.50; driving 0.46; rolling 0.44; uplifting 0.41
Bondax,To Survive,121.0,disco house,driving,disco house 0.38; breakbeat 0.38; electronica 0.37; progressive house 0.36,driving 0.46; raw 0.42; groovy 0.41; dark 0.41
"Brous One, Felipe Gordon",Right Away,118.0,disco house,groovy,disco house 0.47; progressive house 0.43; afro house 0.42; melodic house 0.40,groovy 0.45; rolling 0.43; driving 0.39; uplifting 0.38
Chris Duran,Funky Beat,128.0,disco house,groovy,disco house 0.58; progressive house 0.57; afro house 0.51; organic house 0.42,groovy 0.45; rolling 0.39; driving 0.37; percussive 0.34
Coeo,Pajama Stomp,118.0,disco house,groovy,disco house 0.55; progressive house 0.51; afro house 0.49; melodic house 0.46,groovy 0.53; rolling 0.48; driving 0.47; percussive 0.42
Coppola,Côco Do Macaco,124.0,disco house,rolling,disco house 0.55; progressive house 0.54; afro house 0.49; breakbeat 0.39,rolling 0.44; groovy 0.44; driving 0.42; uplifting 0.40
Crazy P pres. The Syndromes,The Hit (Original Mix),115.0,disco house,driving,disco house 0.57; progressive house 0.56; breakbeat 0.49; afro house 0.47,driving 0.48; groovy 0.45; rolling 0.45; percussive 0.39
Crystal Waters,Gypsy Woman (She's Homeless),120.0,disco house,rolling,disco house 0.54; afro house 0.53; progressive house 0.50; melodic house 0.42,rolling 0.42; groovy 0.41; driving 0.33; uplifting 0.31
DJ Gregory,Don't Know Malendro,126.99,disco house,percussive,disco house 0.45; progressive house 0.44; tribal house 0.41; electronica 0.41,percussive 0.55; rolling 0.44; groovy 0.35; raw 0.33
Daft Punk,Get Lucky,116.04,disco house,raw,disco house 0.43; progressive house 0.40; afro house 0.35; electronica 0.31,raw 0.36; percussive 0.36; rolling 0.36; groovy 0.33
Djomood feat. California Disco Suicide,Driving On My Own,125.0,disco house,groovy,disco house 0.51; afro house 0.48; progressive house 0.48; melodic house 0.45,groovy 0.48; uplifting 0.44; rolling 0.42; driving 0.42
"Durand Jones & The Indications, Durand Jones",Sea Gets Hotter,120.0,disco house,raw,disco house 0.39; electronica 0.38; breakbeat 0.38; melodic house 0.33,raw 0.42; groovy 0.41; rolling 0.41; warm 0.41
Folamour,Just A Lonely Night Eating Sushis (Original Mix),113.0,disco house,groovy,disco house 0.43; melodic house 0.43; progressive house 0.42; afro house 0.39,groovy 0.46; driving 0.44; dreamy 0.43; rolling 0.42
Folamour,I Know It Has Been Done Before,119.0,disco house,rolling,disco house 0.50; progressive house 0.47; afro house 0.47; melodic house 0.44,rolling 0.48; groovy 0.45; driving 0.42; percussive 0.42
Fouk,Orchard,118.0,disco house,groovy,disco house 0.47; melodic house 0.46; progressive house 0.46; afro house 0.41,groovy 0.50; rolling 0.46; driving 0.43; uplifting 0.40
Fritz Kalkbrenner,Facing The Sun,104.0,disco house,percussive,disco house 0.47; progressive house 0.47; tribal house 0.44; electronica 0.43,percussive 0.51; raw 0.48; driving 0.47; groovy 0.44
"Guy Gerber, Guti",We Shall Overcome (Original),123.0,disco house,groovy,disco house 0.62; progressive house 0.60; afro house 0.58; organic house 0.51,groovy 0.44; rolling 0.41; driving 0.33; uplifting 0.30
Izmo,Jacker,123.0,disco house,rolling,disco house 0.52; progressive house 0.51; afro house 0.51; melodic house 0.43,rolling 0.42; groovy 0.40; driving 0.36; uplifting 0.33
Jame Moorfield,The Suspense,122.0,disco house,groovy,disco house 0.56; afro house 0.54; progressive house 0.53; melodic house 0.47,groovy 0.48; uplifting 0.41; rolling 0.40; driving 0.38
John Julius Knight,Find A Friend (Audiowhores Remix),127.0,disco house,groovy,disco house 0.59; progressive house 0.57; afro house 0.52; melodic house 0.49,groovy 0.51; rolling 0.51; driving 0.41; percussive 0.40
Justnique,Tocco Illimitato,122.0,disco house,rolling,disco house 0.57; afro house 0.55; progressive house 0.54; melodic house 0.46,rolling 0.41; groovy 0.41; uplifting 0.33; driving 0.33
KMB,Grapefruit,113.0,disco house,groovy,disco house 0.47; progressive house 0.47; afro house 0.43; melodic house 0.39,groovy 0.43; raw 0.40; driving 0.40; rolling 0.39
Kaffe Crème,Kapo Choc,120.0,disco house,rolling,disco house 0.45; progressive house 0.45; breakbeat 0.43; afro house 0.40,rolling 0.44; driving 0.44; groovy 0.42; dark 0.38
Kalaido,Skyline,87.5,disco house,dreamy,disco house 0.41; melodic house 0.41; electronica 0.41; downtempo 0.40,dreamy 0.50; driving 0.49; rolling 0.47; uplifting 0.46
Kartell,AWAKEN,110.0,disco house,rolling,disco house 0.50; progressive house 0.49; afro house 0.48; melodic house 0.45,rolling 0.40; groovy 0.39; driving 0.37; uplifting 0.35
KenLou,Moonshine,121.39,disco house,groovy,disco house 0.48; progressive house 0.45; afro house 0.41; melodic house 0.40,groovy 0.42; rolling 0.39; raw 0.33; percussive 0.32
Klangkarussell,Sonnentanz (Sun Don't Shine) (Extended Mix),120.0,disco house,groovy,disco house 0.56; afro house 0.56; melodic house 0.53; progressive house 0.48,groovy 0.50; rolling 0.44; uplifting 0.37; driving 0.36
LTJ Xperience,You Will Know,108.0,disco house,groovy,disco house 0.56; progressive house 0.50; afro house 0.46; tribal house 0.38,groovy 0.42; raw 0.36; rolling 0.35; driving 0.35
Makèz,City of All,125.0,disco house,groovy,disco house 0.51; progressive house 0.50; melodic house 0.48; afro house 0.46,groovy 0.52; driving 0.49; rolling 0.48; uplifting 0.44
Mary Jane,Joyride,128.0,disco house,groovy,disco house 0.56; progressive house 0.55; afro house 0.52; melodic house 0.42,groovy 0.43; raw 0.41; rolling 0.39; uplifting 0.37
Mijangos,Cuba (Original Mix),122.0,disco house,percussive,disco house 0.49; progressive house 0.49; afro house 0.47; tribal house 0.46,percussive 0.53; rolling 0.40; groovy 0.35; driving 0.33
Moloko,Sing It Back (Boris Dlugosch Reprise Mix),122.99,disco house,rolling,disco house 0.44; progressive house 0.43; electronica 0.37; breakbeat 0.36,rolling 0.39; driving 0.39; percussive 0.39; groovy 0.38
Never Dull,What Is That Sound,120.0,disco house,groovy,disco house 0.56; progressive house 0.54; afro house 0.51; organic house 0.43,groovy 0.46; rolling 0.41; raw 0.38; driving 0.37
Orofino,Amsterdam (DJ Tennis Remix),118.0,disco house,percussive,disco house 0.50; progressive house 0.49; afro house 0.44; tribal house 0.41,percussive 0.45; groovy 0.37; rolling 0.36; raw 0.34
Paso,Brandschatzer,120.0,disco house,groovy,disco house 0.50; melodic house 0.49; progressive house 0.48; afro house 0.48,groovy 0.56; rolling 0.49; driving 0.46; dreamy 0.45
Peter Cat Recording Co.,Floated By,92.0,disco house,groovy,disco house 0.37; breakbeat 0.33; electronica 0.33; melodic house 0.31,groovy 0.45; raw 0.41; driving 0.40; dark 0.37
Pino d'Angio,Ma Quale Idea,114.9,disco house,groovy,disco house 0.50; progressive house 0.47; afro house 0.40; organic house 0.35,groovy 0.42; driving 0.36; rolling 0.35; percussive 0.32
Ptr.,Elderflowers and The Rain,87.93,disco house,rolling,disco house 0.42; progressive house 0.41; downtempo 0.39; tribal house 0.39,rolling 0.50; driving 0.44; groovy 0.42; percussive 0.38
Robbie Rivera,Sex (Robbie Sexy Mix),122.97,disco house,rolling,disco house 0.49; progressive house 0.49; afro house 0.46; breakbeat 0.44,rolling 0.47; driving 0.46; uplifting 0.43; groovy 0.43
"Robosonic, Adana Twins",La Fique (Original Mix),122.0,disco house,groovy,disco house 0.50; progressive house 0.50; melodic house 0.43; breakbeat 0.43,groovy 0.48; driving 0.48; rolling 0.47; raw 0.42
Saint Etienne,Only Love Can Break Your Heart - Masters at Work Mix,122.95,disco house,percussive,disco house 0.50; progressive house 0.50; afro house 0.47; organic house 0.44,percussive 0.52; groovy 0.46; rolling 0.45; raw 0.40
Sam Ruffillo,House Tipo Cosi (Extended Version),124.0,disco house,groovy,disco house 0.56; progressive house 0.56; afro house 0.50; breakbeat 0.43,groovy 0.46; rolling 0.45; driving 0.44; percussive 0.39
Samo,Straight On (Angelo Ferreri Sweet Groove Mix),123.0,disco house,groovy,disco house 0.52; progressive house 0.52; afro house 0.47; melodic house 0.41,groovy 0.47; rolling 0.46; driving 0.45; uplifting 0.43
Shinichiro Yokota,Retro Graffiti,120.0,disco house,rolling,disco house 0.53; afro house 0.53; progressive house 0.48; breakbeat 0.44,rolling 0.50; groovy 0.47; percussive 0.46; raw 0.43
Shinichiro Yokota,Quiet Town of Tokyo,105.59,disco house,rolling,disco house 0.36; breakbeat 0.35; melodic house 0.34; afro house 0.34,rolling 0.40; groovy 0.39; driving 0.31; percussive 0.30
Shinichiro Yokota,Tokonoma Funk,118.0,disco house,groovy,disco house 0.53; afro house 0.51; progressive house 0.49; breakbeat 0.48,groovy 0.46; rolling 0.45; driving 0.38; percussive 0.38
Sunlightsquare,Super People,126.0,disco house,groovy,disco house 0.47; afro house 0.40; melodic house 0.37; progressive house 0.36,groovy 0.42; rolling 0.37; raw 0.34; driving 0.31
Susana Estrada,Hagámoslo Juntos,127.3,disco house,groovy,disco house 0.49; progressive house 0.45; afro house 0.39; electronica 0.38,groovy 0.42; rolling 0.40; driving 0.36; percussive 0.35
T. Markakis,Don't Look Any Further (Original Mix),123.0,disco house,groovy,disco house 0.52; progressive house 0.50; afro house 0.49; melodic house 0.40,groovy 0.46; rolling 0.42; uplifting 0.40; driving 0.40
"T.Markakis, Alex Peace",Bring The Groove Back,124.0,disco house,percussive,disco house 0.49; progressive house 0.48; afro house 0.43; tribal house 0.38,percussive 0.48; rolling 0.44; groovy 0.36; raw 0.35
Tenobi,Your Lovin' (Extended Mix),123.0,disco house,percussive,disco house 0.50; afro house 0.49; progressive house 0.49; tribal house 0.38,percussive 0.43; groovy 0.36; rolling 0.36; raw 0.31
The Fog,Been A Long Time (Full Intention 2021 Remix),122.0,disco house,rolling,disco house 0.56; progressive house 0.54; afro house 0.52; organic house 0.42,rolling 0.44; groovy 0.43; driving 0.38; uplifting 0.37
The Souljazz Orchestra,Kossa Kossa,115.38,disco house,percussive,disco house 0.47; progressive house 0.44; afro house 0.38; tribal house 0.37,percussive 0.38; groovy 0.35; rolling 0.31; driving 0.30
The Sunchasers,Park City (Sentosa Theme),122.0,disco house,groovy,disco house 0.53; progressive house 0.51; melodic house 0.50; afro house 0.50,groovy 0.49; rolling 0.47; driving 0.42; uplifting 0.41
Tête De La Course & IDA fLO,So Many Feelings (Original Mix),123.0,disco house,rolling,disco house 0.49; progressive house 0.49; afro house 0.46; electronica 0.39,rolling 0.44; groovy 0.41; driving 0.41; raw 0.40
Westbam & Nena,Oldschool Baby (Solomun Touch),122.19,disco house,rolling,disco house 0.54; progressive house 0.50; breakbeat 0.48; afro house 0.47,rolling 0.50; groovy 0.49; driving 0.45; percussive 0.43
"Yambow, Latas",I Knew It,123.0,disco house,groovy,disco house 0.58; progressive house 0.56; afro house 0.56; organic house 0.50,groovy 0.45; rolling 0.44; raw 0.41; driving 0.39
Yin Yin,In Search of Yang,124.98,disco house,groovy,disco house 0.42; progressive house 0.38; melodic house 0.38; electronica 0.37,groovy 0.42; driving 0.41; rolling 0.41; dark 0.36
geods sorèd,The Process Is The Good Part,127.0,disco house,groovy,disco house 0.61; afro house 0.60; progressive house 0.58; organic house 0.48,groovy 0.44; rolling 0.43; raw 0.35; percussive 0.34
"m.O.N.R.O.E., Matluck, Oden & Fatzo",Only For Tonight (Extended Mix),128.0,disco house,rolling,disco house 0.51; progressive house 0.50; afro house 0.49; melodic house 0.45,rolling 0.47; driving 0.44; groovy 0.43; raw 0.43
"warner case, Jean Tonique",OK (soulful cafe),122.0,disco house,rolling,disco house 0.58; progressive house 0.57; afro house 0.55; melodic house 0.35,rolling 0.39; groovy 0.34; driving 0.32; uplifting 0.30
Archaellum,Reflections (Original Mix),118.0,downtempo,dreamy,downtempo 0.43; melodic house 0.43; progressive house 0.39; melodic techno 0.39,dreamy 0.50; uplifting 0.46; rolling 0.44; driving 0.44
Bibio,PHANTOM BRICKWORKS VII,101.14,downtempo,dreamy,downtempo 0.31; melodic house 0.26; melodic techno 0.26; electronica 0.24,dreamy 0.36; driving 0.32; rolling 0.30; uplifting 0.30
Four Tet,Gliding Through Everything,85.0,downtempo,dreamy,downtempo 0.40; electronica 0.37; melodic house 0.36; soulful house 0.34,dreamy 0.48; euphoric 0.34; uplifting 0.33; hypnotic 0.32
Opal Sunn,Elastic (Phase III),76.0,downtempo,dreamy,downtempo 0.56; soulful house 0.53; melodic techno 0.51; melodic house 0.51,dreamy 0.55; driving 0.53; uplifting 0.51; dark 0.51
Ptr.,Taiga,120.0,downtempo,dreamy,downtempo 0.59; soulful house 0.56; melodic house 0.55; melodic techno 0.50,dreamy 0.67; driving 0.59; uplifting 0.57; rolling 0.57
Robot Koch,Circle 23,82.97,downtempo,driving,downtempo 0.55; electronica 0.49; soulful house 0.47; melodic house 0.46,driving 0.58; dreamy 0.57; uplifting 0.56; dark 0.55
ARTBAT,Flame,127.0,electronica,dark,electronica 0.43; melodic techno 0.43; soulful house 0.41; peak time techno 0.38,dark 0.46; rolling 0.44; uplifting 0.42; driving 0.41
"Adam Port, Stryv, Keinemusik, Orso, Malachiii",Move (Original Mix),120.0,electronica,rolling,electronica 0.51; breakbeat 0.46; peak time techno 0.46; afro house 0.45,rolling 0.55; percussive 0.55; driving 0.45; warm 0.45
Adriatique & Marino Canal feat. Delhia De France,Home (Konstantin Sibold Remix),124.0,electronica,rolling,electronica 0.45; soulful house 0.45; peak time techno 0.44; progressive house 0.43,rolling 0.52; dark 0.46; driving 0.45; uplifting 0.45
"African Children's Choir, Francis Mercier, Faul & Wad",Sauti,122.0,electronica,rolling,electronica 0.45; progressive house 0.40; breakbeat 0.36; soulful house 0.35,rolling 0.47; raw 0.44; driving 0.42; percussive 0.41
Andhim,You're Not Alone (Extended),123.0,electronica,rolling,electronica 0.48; breakbeat 0.47; progressive house 0.45; disco house 0.43,rolling 0.54; percussive 0.50; driving 0.46; warm 0.45
"Ankhoi, LUCH",THE FUTURE (Notre Dame Remix),124.0,electronica,rolling,electronica 0.47; progressive house 0.47; soulful house 0.46; melodic house 0.46,rolling 0.47; dreamy 0.43; driving 0.43; uplifting 0.42
Barry Can't Swim,Dance of the Crab (Edit),122.0,electronica,rolling,electronica 0.48; breakbeat 0.44; progressive house 0.41; soulful house 0.40,rolling 0.55; driving 0.48; dark 0.48; percussive 0.44
Barry Can't Swim,Sunsleeper,124.0,electronica,rolling,electronica 0.47; progressive house 0.44; soulful house 0.41; melodic house 0.39,rolling 0.49; driving 0.42; raw 0.41; percussive 0.40
Barry Can't Swim,Kimpton,122.0,electronica,rolling,electronica 0.52; soulful house 0.48; progressive house 0.46; melodic house 0.45,rolling 0.56; driving 0.55; uplifting 0.52; dreamy 0.48
Barry Can't Swim,Childhood,116.0,electronica,rolling,electronica 0.41; progressive house 0.40; tribal house 0.37; disco house 0.35,rolling 0.48; driving 0.46; raw 0.43; dark 0.41
Black Circle feat. Bobbi Fallon,Reasons (Extended Mix),124.0,electronica,driving,electronica 0.43; breakbeat 0.42; progressive house 0.41; soulful house 0.40,driving 0.49; rolling 0.48; dark 0.48; uplifting 0.46
Brenton Wood,Gimme Little Sign,113.21,electronica,raw,electronica 0.26; disco house 0.26; progressive house 0.24; breakbeat 0.20,raw 0.32; driving 0.28; percussive 0.28; uplifting 0.27
Brooklyn Baby,Love Overdose,127.0,electronica,driving,electronica 0.44; progressive house 0.43; disco house 0.42; breakbeat 0.38,driving 0.43; percussive 0.42; groovy 0.40; rolling 0.40
Calvin Harris & Ellie Goulding,I Need Your Love (Autograf Remix),125.0,electronica,rolling,electronica 0.38; breakbeat 0.37; progressive house 0.37; soulful house 0.34,rolling 0.46; driving 0.46; raw 0.44; uplifting 0.43
CamelPhat & Jake Bugg,Be Someone (Extended Mix),122.0,electronica,rolling,electronica 0.43; progressive house 0.42; tribal house 0.41; disco house 0.39,rolling 0.49; driving 0.48; raw 0.46; percussive 0.45
CamelPhat feat. Jake Bugg,Be Someone (Acoustic Mix),123.0,electronica,rolling,electronica 0.43; progressive house 0.42; tribal house 0.41; disco house 0.39,rolling 0.49; driving 0.48; raw 0.46; percussive 0.45
Dennis Cruz,Time Out,124.0,electronica,rolling,electronica 0.50; progressive house 0.50; melodic techno 0.46; soulful house 0.44,rolling 0.55; dark 0.48; driving 0.45; euphoric 0.44
Diplo,Never Gonna Forget (feat. Elderbrook x Black Coffee),120.0,electronica,driving,electronica 0.46; progressive house 0.45; disco house 0.42; breakbeat 0.38,driving 0.49; raw 0.49; rolling 0.47; percussive 0.45
Disclosure & Eliza Doolittle,You & Me (Rivo Extended Remix),122.0,electronica,rolling,electronica 0.46; breakbeat 0.45; progressive house 0.45; soulful house 0.43,rolling 0.55; driving 0.51; dark 0.48; uplifting 0.44
Donna Summer & Giorgio Moroder,"I Feel Love 12"" Extended",127.66,electronica,rolling,electronica 0.52; progressive house 0.51; peak time techno 0.50; organic house 0.49,rolling 0.57; percussive 0.49; dark 0.43; groovy 0.42
Eli & Fur,My Reflection (Original Mix),123.0,electronica,rolling,electronica 0.48; progressive house 0.48; soulful house 0.47; melodic house 0.43,rolling 0.51; driving 0.50; uplifting 0.50; raw 0.49
Enamour,Imagination Sequence (Original Mix),123.0,electronica,rolling,electronica 0.49; melodic house 0.49; soulful house 0.48; progressive house 0.48,rolling 0.55; driving 0.50; groovy 0.47; dark 0.46
"Eric Prydz, Empire Of The Sun",We Are Mirage,128.0,electronica,rolling,electronica 0.50; breakbeat 0.49; progressive house 0.44; soulful house 0.41,rolling 0.57; driving 0.52; dark 0.51; raw 0.47
Fatboy Slim,Praise You,109.71,electronica,percussive,electronica 0.39; breakbeat 0.35; progressive house 0.31; disco house 0.30,percussive 0.43; rolling 0.41; driving 0.41; raw 0.40
Four Tet,Into Dust (Still Falling),128.0,electronica,driving,electronica 0.49; progressive house 0.49; soulful house 0.44; tribal house 0.41,driving 0.53; uplifting 0.49; dreamy 0.48; rolling 0.47
Four Tet,So Blue,79.95,electronica,driving,electronica 0.43; downtempo 0.41; melodic house 0.39; soulful house 0.38,driving 0.51; dreamy 0.50; raw 0.48; uplifting 0.47
"Francis Mercier, ElGrandeToto, Faul & Wad and African Children's Choir",Sauti vs. Diplomatico,122.0,electronica,rolling,electronica 0.46; breakbeat 0.42; progressive house 0.39; peak time techno 0.35,rolling 0.50; percussive 0.48; driving 0.45; raw 0.44
"Gorgon City, Muki",Mitsubishi (Chris Luno Remix) (Extended Mix),126.0,electronica,rolling,electronica 0.53; peak time techno 0.47; breakbeat 0.46; soulful house 0.45,rolling 0.57; percussive 0.49; dark 0.47; euphoric 0.47
Hiroshi Yoshimura,View From My Window,71.22,electronica,dreamy,electronica 0.29; melodic house 0.28; downtempo 0.25; melodic techno 0.23,dreamy 0.38; raw 0.37; uplifting 0.29; hypnotic 0.27
Hot Since 82 vs Joe T Vannelli,The End (Seismic Mashup),124.0,electronica,rolling,electronica 0.54; breakbeat 0.47; soulful house 0.45; progressive house 0.43,rolling 0.58; driving 0.54; euphoric 0.53; dark 0.53
Incubus,Aqueous Transmission,76.0,electronica,driving,electronica 0.49; breakbeat 0.43; progressive house 0.41; soulful house 0.39,driving 0.54; dark 0.53; rolling 0.49; uplifting 0.46
"Jamie xx, Four Tet",SeeSaw,125.0,electronica,rolling,electronica 0.50; melodic house 0.50; progressive house 0.49; soulful house 0.49,rolling 0.54; driving 0.49; dreamy 0.47; uplifting 0.46
Jungle,Back On 74,145.77,electronica,raw,electronica 0.35; progressive house 0.32; breakbeat 0.28; disco house 0.27,raw 0.38; uplifting 0.35; driving 0.35; dreamy 0.34
KAROL G,PROVENZA (Sistek Remix),122.0,electronica,rolling,electronica 0.45; tribal house 0.40; progressive house 0.39; afro house 0.35,rolling 0.47; driving 0.44; percussive 0.43; uplifting 0.42
Kalla & Lai Raw,Cupper Cab (Original Mix),127.0,electronica,percussive,electronica 0.48; melodic house 0.48; afro house 0.46; organic house 0.45,percussive 0.48; rolling 0.45; groovy 0.40; dreamy 0.38
Kings Of Convenience,Misread,160.78,electronica,percussive,electronica 0.39; progressive house 0.38; tribal house 0.37; disco house 0.36,percussive 0.45; raw 0.45; driving 0.41; rolling 0.40
Kylie Minogue,Love At First Sight (Radio Edit),125.0,electronica,driving,electronica 0.44; progressive house 0.41; breakbeat 0.38; disco house 0.35,driving 0.45; rolling 0.44; raw 0.42; dark 0.42
"LP Giobbi, Danielle Ponder",Is This Love (Extended Mix),124.0,electronica,driving,electronica 0.42; progressive house 0.38; tribal house 0.36; breakbeat 0.32,driving 0.41; percussive 0.41; rolling 0.40; raw 0.40
"Layo & Bushwacka!, Bushwacka!",Love Story (vs Finally),131.97,electronica,raw,electronica 0.38; progressive house 0.32; disco house 0.29; breakbeat 0.27,raw 0.42; driving 0.41; rolling 0.39; uplifting 0.38
Loure,Keep It Real (Original Mix),120.0,electronica,driving,electronica 0.49; melodic house 0.49; melodic techno 0.49; soulful house 0.49,driving 0.52; rolling 0.50; dreamy 0.50; dark 0.49
Mano Le Tough,Everything You've Done Before (Dixon Remix),120.0,electronica,rolling,electronica 0.48; progressive house 0.43; melodic house 0.42; melodic techno 0.41,rolling 0.50; driving 0.47; raw 0.46; dark 0.45
Noizu,Summer 91 (Looking Back) [Extended Mix],125.0,electronica,rolling,electronica 0.46; progressive house 0.45; afro house 0.44; breakbeat 0.44,rolling 0.51; percussive 0.49; driving 0.45; raw 0.44
"Rampa, Adam Port, &ME, Boys Noize, Vinson, Keinemusik",Crazy For It (Extended Mix),120.0,electronica,percussive,electronica 0.44; breakbeat 0.44; progressive house 0.43; disco house 0.38,percussive 0.54; rolling 0.47; driving 0.43; raw 0.42
Romulus,Tragédie Enfantine,123.0,electronica,rolling,electronica 0.59; organic house 0.53; melodic house 0.52; melodic techno 0.52,rolling 0.62; percussive 0.57; driving 0.51; dark 0.51
"SOMMA, JEWELS, YUMA., LE YORA, Magnus",EVERYTHING IN ITS RIGHT PLACE (Original Mix),124.0,electronica,rolling,electronica 0.52; soulful house 0.51; breakbeat 0.51; melodic techno 0.48,rolling 0.60; dark 0.57; driving 0.53; euphoric 0.50
"Shimza, AR/CO, Kasango",Fire Fire (Extended Mix),125.0,electronica,rolling,electronica 0.40; progressive house 0.37; breakbeat 0.34; tribal house 0.32,rolling 0.44; percussive 0.43; raw 0.41; euphoric 0.39
Sofi Tukker,Matadora (Medina Remix),105.0,electronica,percussive,electronica 0.42; progressive house 0.40; disco house 0.36; breakbeat 0.35,percussive 0.53; raw 0.49; rolling 0.45; driving 0.40
Squid Game,Mugunghwa Kkoci Pieot Seumnida,92.8,electronica,percussive,electronica 0.20; tribal house 0.15; progressive house 0.14; disco house 0.12,percussive 0.39; raw 0.36; euphoric 0.26; rolling 0.19
Stereo Express,Between Dreams And Reality (Niko Schwind Remix),110.0,electronica,rolling,electronica 0.48; progressive house 0.45; tribal house 0.40; melodic house 0.39,rolling 0.46; driving 0.45; uplifting 0.43; dreamy 0.41
Tal Fussman,Children Of 95 (Original Mix),124.0,electronica,rolling,electronica 0.52; progressive house 0.51; peak time techno 0.50; soulful house 0.45,rolling 0.54; driving 0.50; dark 0.49; percussive 0.45
Tchami,Adieu,126.0,electronica,rolling,electronica 0.48; progressive house 0.46; melodic techno 0.41; soulful house 0.40,rolling 0.47; dark 0.46; driving 0.45; raw 0.44
The Temper Trap,Sweet Disposition (Camille Luciani Mix),125.0,electronica,percussive,electronica 0.49; progressive house 0.45; organic house 0.43; disco house 0.43,percussive 0.50; rolling 0.49; driving 0.43; groovy 0.41
"Thomas Jack, RY X",Shortline,120.0,electronica,rolling,electronica 0.45; soulful house 0.44; melodic techno 0.44; progressive house 0.44,rolling 0.49; uplifting 0.48; driving 0.48; raw 0.45
"Trashlagoon, Parra for Cuva",In Mexico,118.0,electronica,dreamy,electronica 0.54; downtempo 0.52; melodic techno 0.49; soulful house 0.49,dreamy 0.58; rolling 0.57; uplifting 0.51; driving 0.51
WhoMadeWho,Children (Mind Against & Dyzen Remix),122.0,electronica,rolling,electronica 0.49; tribal house 0.49; progressive house 0.49; breakbeat 0.47,rolling 0.60; driving 0.52; dark 0.51; percussive 0.48
"sapientdream, Slushii",Past Lives,116.0,electronica,raw,electronica 0.41; disco house 0.41; progressive house 0.38; melodic house 0.38,raw 0.46; driving 0.44; dreamy 0.42; uplifting 0.40
"&ME, Black Coffee, Keinemusik",The Rapture Pt.III,120.0,melodic house,rolling,melodic house 0.57; soulful house 0.55; melodic techno 0.54; afro house 0.52,rolling 0.56; uplifting 0.45; dark 0.44; groovy 0.43
Alex Albrecht,"Someday, Sara (Extended Mix)",125.0,melodic house,driving,melodic house 0.45; soulful house 0.45; progressive house 0.41; electronica 0.41,driving 0.44; rolling 0.44; dreamy 0.44; uplifting 0.43
Alexis Cabrera,Cuadritos (Original Mix),122.0,melodic house,rolling,melodic house 0.49; progressive house 0.49; afro house 0.49; melodic techno 0.49,rolling 0.47; groovy 0.44; dark 0.44; uplifting 0.43
Bakermat,One Day (Vandaag),128.0,melodic house,uplifting,melodic house 0.43; electronica 0.43; afro house 0.42; disco house 0.40,uplifting 0.45; dreamy 0.43; groovy 0.39; driving 0.39
Ben Böhmer,Autumn,118.0,melodic house,rolling,melodic house 0.51; melodic techno 0.50; afro house 0.50; progressive house 0.46,rolling 0.51; uplifting 0.48; driving 0.44; dreamy 0.44
Ben Böhmer,Promise You,124.0,melodic house,rolling,melodic house 0.56; afro house 0.56; progressive house 0.55; soulful house 0.53,rolling 0.54; groovy 0.54; uplifting 0.53; driving 0.51
Ben Böhmer,Cloud 21 (with Timo Jahns) (Original Mix),120.0,melodic house,driving,melodic house 0.51; melodic techno 0.49; progressive house 0.49; downtempo 0.48,driving 0.55; dreamy 0.53; rolling 0.52; uplifting 0.51
Coeo,Timid Dancer,120.0,melodic house,rolling,melodic house 0.52; soulful house 0.48; melodic techno 0.47; downtempo 0.47,rolling 0.56; driving 0.53; dreamy 0.51; uplifting 0.50
Cousin,Catsu,126.99,melodic house,rolling,melodic house 0.58; downtempo 0.58; soulful house 0.56; tribal house 0.55,rolling 0.57; dreamy 0.55; uplifting 0.50; driving 0.49
Dwson,Ethyl,119.0,melodic house,rolling,melodic house 0.49; progressive house 0.48; afro house 0.48; melodic techno 0.45,rolling 0.43; uplifting 0.42; dreamy 0.41; groovy 0.39
Fejká,Jubal (Extended Version),120.0,melodic house,rolling,melodic house 0.45; afro house 0.44; peak time techno 0.44; soulful house 0.44,rolling 0.47; uplifting 0.40; groovy 0.38; driving 0.37
George McCrae,Rock Your Baby,105.26,melodic house,rolling,melodic house 0.47; electronica 0.42; disco house 0.42; breakbeat 0.41,rolling 0.51; driving 0.49; groovy 0.49; uplifting 0.45
IAMNOBODI,Undeniable,116.0,melodic house,rolling,melodic house 0.49; progressive house 0.48; electronica 0.46; disco house 0.46,rolling 0.49; dark 0.47; driving 0.44; raw 0.44
Jeremy Olander,Billinghurst,123.0,melodic house,rolling,melodic house 0.49; soulful house 0.48; melodic techno 0.48; peak time techno 0.47,rolling 0.49; uplifting 0.43; dark 0.42; driving 0.42
Jesse Bru,Late Nite Jam,123.0,melodic house,rolling,melodic house 0.54; soulful house 0.54; melodic techno 0.52; progressive house 0.51,rolling 0.50; dreamy 0.47; uplifting 0.47; groovy 0.47
Kasper Koman,The Blind Navigator (Extended Mix),122.0,melodic house,rolling,melodic house 0.52; progressive house 0.52; afro house 0.50; soulful house 0.49,rolling 0.46; groovy 0.42; dreamy 0.42; uplifting 0.38
Kosco,Supermoon,120.0,melodic house,rolling,melodic house 0.55; progressive house 0.53; afro house 0.53; soulful house 0.51,rolling 0.58; groovy 0.49; driving 0.47; uplifting 0.47
Luttrell,Sunrise Song (Extended Mix),122.0,melodic house,dreamy,melodic house 0.52; progressive house 0.50; soulful house 0.49; downtempo 0.46,dreamy 0.56; driving 0.50; rolling 0.50; uplifting 0.47
Marsh,There For Me (Amonita Remix),121.0,melodic house,rolling,melodic house 0.56; afro house 0.55; soulful house 0.53; progressive house 0.52,rolling 0.52; groovy 0.48; driving 0.47; dreamy 0.47
Miyagi,Don't Bother Me (Original Mix),122.0,melodic house,rolling,melodic house 0.53; deep house 0.52; electronica 0.52; afro house 0.51,rolling 0.56; groovy 0.51; dark 0.47; driving 0.46
Moby,Go,126.92,melodic house,rolling,melodic house 0.51; progressive house 0.51; electronica 0.50; soulful house 0.48,rolling 0.57; groovy 0.57; driving 0.53; dark 0.50
Moon Boots,Red Sky,120.01,melodic house,rolling,melodic house 0.57; afro house 0.55; progressive house 0.54; soulful house 0.53,rolling 0.51; uplifting 0.48; groovy 0.47; dreamy 0.47
NATE08,Hold Up,120.0,melodic house,dreamy,melodic house 0.46; disco house 0.42; afro house 0.42; progressive house 0.42,dreamy 0.43; groovy 0.41; uplifting 0.40; rolling 0.39
Noah Loco,Summer Night,129.0,melodic house,driving,melodic house 0.45; melodic techno 0.45; electronica 0.45; progressive house 0.45,driving 0.54; uplifting 0.52; groovy 0.52; rolling 0.50
Nordfold,Letter To Lillehammer (Original Mix),121.0,melodic house,dreamy,melodic house 0.53; soulful house 0.50; melodic techno 0.49; downtempo 0.48,dreamy 0.55; rolling 0.53; driving 0.52; uplifting 0.52
QRTR feat. Daniel De Lara,Blame Me (Baile Remix),124.0,melodic house,rolling,melodic house 0.50; afro house 0.50; progressive house 0.50; soulful house 0.48,rolling 0.51; driving 0.44; dark 0.44; uplifting 0.43
Roman Flügel,Juke City,123.0,melodic house,rolling,melodic house 0.50; afro house 0.49; soulful house 0.48; peak time techno 0.48,rolling 0.48; groovy 0.43; uplifting 0.40; driving 0.39
Soire,Lost In The Shadow (Original Mix),120.0,melodic house,rolling,melodic house 0.55; progressive house 0.54; afro house 0.54; organic house 0.53,rolling 0.52; groovy 0.50; dreamy 0.44; uplifting 0.42
Stereoclip,Sunset Drive (Original Mix),125.0,melodic house,rolling,melodic house 0.52; afro house 0.52; soulful house 0.51; melodic techno 0.48,rolling 0.50; uplifting 0.45; groovy 0.45; dreamy 0.42
SöBe,Reflections,80.0,melodic house,groovy,melodic house 0.51; disco house 0.49; electronica 0.48; afro house 0.47,groovy 0.54; rolling 0.48; driving 0.48; dreamy 0.45
Tonic Walter,Into The Night,121.0,melodic house,uplifting,melodic house 0.51; melodic techno 0.50; afro house 0.49; soulful house 0.48,uplifting 0.46; dreamy 0.46; rolling 0.44; groovy 0.41
"Viot, Blitz",Blitz (Você Não Soube Me Amar) (Extended Mix),130.0,melodic house,percussive,melodic house 0.50; afro house 0.50; electronica 0.49; progressive house 0.47,percussive 0.46; rolling 0.46; groovy 0.45; uplifting 0.40
Whitesquare,Twin Humanities (Original Mix),122.0,melodic house,groovy,melodic house 0.55; afro house 0.53; soulful house 0.49; progressive house 0.48,groovy 0.47; rolling 0.46; uplifting 0.45; dreamy 0.41
Yaeji,Passionfruit,112.0,melodic house,driving,melodic house 0.49; progressive house 0.47; soulful house 0.47; electronica 0.47,driving 0.50; uplifting 0.48; rolling 0.48; dreamy 0.48
Yansima,Tweede Cans,124.0,melodic house,groovy,melodic house 0.49; progressive house 0.48; soulful house 0.46; melodic techno 0.43,groovy 0.46; rolling 0.46; dreamy 0.44; driving 0.44
Yotto,Personal Space (Extended Mix),122.0,melodic house,rolling,melodic house 0.52; afro house 0.49; progressive house 0.48; soulful house 0.47,rolling 0.50; groovy 0.44; driving 0.43; dark 0.43
sometimes jah,sunny london,122.0,melodic house,rolling,melodic house 0.49; electronica 0.48; afro house 0.44; melodic techno 0.44,rolling 0.48; groovy 0.46; raw 0.45; percussive 0.44
"ysv, NRMNT",7am in Luz,117.0,melodic house,dreamy,melodic house 0.46; afro house 0.45; progressive house 0.44; disco house 0.42,dreamy 0.41; groovy 0.41; uplifting 0.39; rolling 0.38
Antdot,Mirage (Original Mix),122.0,melodic techno,rolling,melodic techno 0.49; peak time techno 0.48; soulful house 0.47; progressive house 0.46,rolling 0.50; dark 0.45; uplifting 0.43; driving 0.43
Ben Böhmer,Lifespan (Original Mix),121.0,melodic techno,rolling,melodic techno 0.50; progressive house 0.45; soulful house 0.45; melodic house 0.45,rolling 0.52; dark 0.50; uplifting 0.49; dreamy 0.48
"Ben Böhmer, Spencer Brown",Phases,124.0,melodic techno,rolling,melodic techno 0.48; deep house 0.48; progressive house 0.46; soulful house 0.46,rolling 0.55; dark 0.50; driving 0.50; uplifting 0.48
Bongbeck,Winter Sleep (Original Mix),124.0,melodic techno,dreamy,melodic techno 0.53; melodic house 0.48; soulful house 0.46; downtempo 0.46,dreamy 0.54; uplifting 0.51; rolling 0.48; driving 0.47
Crouwel,Soedin,124.0,melodic techno,rolling,melodic techno 0.54; progressive house 0.54; melodic house 0.51; peak time techno 0.50,rolling 0.53; dark 0.43; groovy 0.41; driving 0.39
"Ezequiel Arias, Durante",Dream Controller,124.0,melodic techno,rolling,melodic techno 0.49; peak time techno 0.49; afro house 0.46; progressive house 0.46,rolling 0.49; driving 0.44; dark 0.43; uplifting 0.43
Herr Lang,Deep in My Mind,120.0,melodic techno,rolling,melodic techno 0.50; melodic house 0.48; progressive house 0.47; afro house 0.47,rolling 0.49; uplifting 0.42; dark 0.42; driving 0.42
Hidden Face,Anxiety (Original Mix),125.0,melodic techno,rolling,melodic techno 0.53; peak time techno 0.50; soulful house 0.47; melodic house 0.44,rolling 0.53; dark 0.48; hypnotic 0.44; euphoric 0.42
Joachim Pastor,Le Poulain,126.0,melodic techno,rolling,melodic techno 0.49; peak time techno 0.47; deep house 0.45; progressive house 0.44,rolling 0.52; dark 0.45; uplifting 0.44; driving 0.44
"John Monkman, Pete Tong",PHØENIX,122.0,melodic techno,rolling,melodic techno 0.47; melodic house 0.46; progressive house 0.46; soulful house 0.45,rolling 0.51; driving 0.45; dark 0.44; groovy 0.42
Julian Wassermann,Aurea,123.0,melodic techno,rolling,melodic techno 0.50; melodic house 0.49; progressive house 0.49; soulful house 0.48,rolling 0.51; driving 0.48; dark 0.47; uplifting 0.46
Lane 8,Little By Little (Lane 8 Rework),124.0,melodic techno,rolling,melodic techno 0.55; soulful house 0.52; melodic house 0.51; electronica 0.48,rolling 0.53; dark 0.50; uplifting 0.49; driving 0.48
Lycoriscoris,Shizumu (Original Mix),122.0,melodic techno,rolling,melodic techno 0.57; soulful house 0.54; melodic house 0.53; peak time techno 0.51,rolling 0.57; dark 0.51; driving 0.50; uplifting 0.48
Magdalena,Mountains of Es Cubells,120.0,melodic techno,rolling,melodic techno 0.50; progressive house 0.49; peak time techno 0.47; deep house 0.45,rolling 0.55; dark 0.50; driving 0.47; groovy 0.43
Martin Jarl,5001 Miles,120.0,melodic techno,deep,melodic techno 0.58; soulful house 0.50; downtempo 0.48; melodic house 0.47,deep 0.53; rolling 0.52; dark 0.52; dreamy 0.47
Martin Schulte,Wet Street,122.0,melodic techno,rolling,melodic techno 0.55; progressive house 0.54; deep house 0.54; melodic house 0.54,rolling 0.57; deep 0.55; dark 0.51; dreamy 0.47
Massane,Summer's End (Original Mix),120.0,melodic techno,rolling,melodic techno 0.48; soulful house 0.47; progressive house 0.47; melodic house 0.47,rolling 0.52; driving 0.49; uplifting 0.49; raw 0.45
"NOTSOBAD, MA:RK",Let It Go,126.0,melodic techno,rolling,melodic techno 0.48; soulful house 0.48; peak time techno 0.44; progressive house 0.44,rolling 0.55; dark 0.50; driving 0.43; uplifting 0.42
Notre Dame,Yumi,122.0,melodic techno,rolling,melodic techno 0.48; peak time techno 0.43; soulful house 0.41; melodic house 0.41,rolling 0.54; dark 0.48; driving 0.40; hypnotic 0.40
"Ost & Kjex, Jens Carelius, Lehar, Musumeci",Easy (Lehar & Musumeci Remix),122.0,melodic techno,dark,melodic techno 0.54; progressive house 0.49; electronica 0.49; soulful house 0.48,dark 0.57; rolling 0.57; driving 0.52; uplifting 0.47
PROFF & Volen Sentir,Luna Amazonia (PM Mix),123.0,melodic techno,rolling,melodic techno 0.52; soulful house 0.51; melodic house 0.49; peak time techno 0.46,rolling 0.55; driving 0.52; dark 0.51; dreamy 0.49
Paul Kalkbrenner,Azure,122.0,melodic techno,dark,melodic techno 0.53; progressive house 0.48; melodic house 0.47; electronica 0.45,dark 0.51; rolling 0.49; deep 0.46; driving 0.44
Rodriguez Jr.,Alraegadir,125.0,melodic techno,rolling,melodic techno 0.51; peak time techno 0.49; electronica 0.46; soulful house 0.44,rolling 0.50; dark 0.49; driving 0.42; raw 0.40
Rodriguez Jr.,Alraegadir (Spencer Brown Rethink),125.0,melodic techno,dark,melodic techno 0.59; soulful house 0.56; deep house 0.54; peak time techno 0.52,dark 0.60; rolling 0.59; driving 0.54; deep 0.51
Romain Garcia,White Flag,121.0,melodic techno,rolling,melodic techno 0.54; melodic house 0.54; soulful house 0.53; peak time techno 0.50,rolling 0.54; uplifting 0.49; dark 0.49; groovy 0.47
Rosbeh,Music Taught Me Life,123.0,melodic techno,rolling,melodic techno 0.55; soulful house 0.53; melodic house 0.49; peak time techno 0.48,rolling 0.57; dark 0.55; driving 0.49; uplifting 0.48
Spencer Brown,SF to Berlin (feat. Ben Böhmer),124.0,melodic techno,rolling,melodic techno 0.50; progressive house 0.49; melodic house 0.48; minimal techno 0.47,rolling 0.52; driving 0.51; uplifting 0.49; dreamy 0.49
"Subb-an, Adam Shelton",Twilight,130.0,melodic techno,rolling,melodic techno 0.53; electronica 0.51; melodic house 0.50; soulful house 0.48,rolling 0.51; driving 0.46; uplifting 0.44; dark 0.44
Tame Impala,End Of Summer,121.0,melodic techno,rolling,melodic techno 0.50; soulful house 0.47; electronica 0.47; melodic house 0.46,rolling 0.54; dark 0.52; driving 0.47; dreamy 0.47
Trashlagoon,Metaphobia,124.0,melodic techno,rolling,melodic techno 0.55; melodic house 0.55; progressive house 0.55; soulful house 0.54,rolling 0.57; dark 0.52; driving 0.50; groovy 0.49
Yotto,Wilderness Girl,123.0,melodic techno,rolling,melodic techno 0.50; melodic house 0.50; electronica 0.48; soulful house 0.47,rolling 0.51; dark 0.46; driving 0.45; uplifting 0.44
16BL,Vette,118.0,organic house,rolling,organic house 0.58; progressive house 0.58; afro house 0.56; tribal house 0.56,rolling 0.53; percussive 0.49; groovy 0.44; driving 0.38
"Basti Grub, Natch! & Dothen",Oh Baby Dance (Original Mix),124.0,organic house,percussive,organic house 0.59; progressive house 0.58; afro house 0.57; tribal house 0.53,percussive 0.57; rolling 0.44; groovy 0.40; driving 0.31
Monteki,Boss 303 (Silat Beksi Remix),126.0,organic house,rolling,organic house 0.60; progressive house 0.59; afro house 0.56; disco house 0.55,rolling 0.58; percussive 0.54; groovy 0.54; driving 0.49
".breezy, Zenji",Awake (Extended Mix),126.0,peak time techno,rolling,peak time techno 0.50; progressive house 0.47; breakbeat 0.47; afro house 0.43,rolling 0.49; dark 0.45; driving 0.41; uplifting 0.36
8Kays,Rainbow,122.0,peak time techno,rolling,peak time techno 0.53; electronica 0.50; melodic techno 0.49; soulful house 0.47,rolling 0.47; percussive 0.41; dark 0.41; driving 0.40
ARTBAT,Upperground (Original Mix),123.0,peak time techno,rolling,peak time techno 0.55; progressive house 0.49; afro house 0.46; tech house 0.46,rolling 0.49; dark 0.39; driving 0.35; percussive 0.34
Abdul Raeva,Elemental Warfare (Original Mix),132.0,peak time techno,rolling,peak time techno 0.62; progressive house 0.58; afro house 0.55; organic house 0.55,rolling 0.51; dark 0.43; groovy 0.37; driving 0.37
"Adriatique, Rivo",Like A Dream,123.0,peak time techno,rolling,peak time techno 0.50; progressive house 0.48; breakbeat 0.47; soulful house 0.45,rolling 0.55; dark 0.50; driving 0.48; uplifting 0.41
Alaia & Gallo,Lipstick (Original Mix),128.0,peak time techno,rolling,peak time techno 0.49; progressive house 0.48; breakbeat 0.46; afro house 0.37,rolling 0.41; dark 0.39; driving 0.37; groovy 0.30
"Alex Kennon, Karmon",Neon Bounce (Extended Mix),126.0,peak time techno,rolling,peak time techno 0.55; progressive house 0.52; afro house 0.46; tech house 0.45,rolling 0.48; dark 0.40; driving 0.38; uplifting 0.34
"Anturage, DJ Skif, Ira Ange",La Cassette,120.0,peak time techno,rolling,peak time techno 0.53; progressive house 0.52; afro house 0.46; minimal techno 0.42,rolling 0.50; dark 0.41; driving 0.40; percussive 0.40
"Anyma (ofc), Chris Avantgarde",Consciousness (Eric Prydz Extended Remix),126.0,peak time techno,rolling,peak time techno 0.59; progressive house 0.55; tech house 0.53; afro house 0.52,rolling 0.52; percussive 0.44; dark 0.41; driving 0.41
"Arude, Sincz",Become Immortal And Then Die,124.0,peak time techno,rolling,peak time techno 0.52; progressive house 0.47; melodic techno 0.41; minimal techno 0.40,rolling 0.49; dark 0.40; driving 0.35; percussive 0.32
Âme,Rej,125.01,peak time techno,rolling,peak time techno 0.54; progressive house 0.49; melodic techno 0.47; soulful house 0.46,rolling 0.50; dark 0.41; driving 0.36; percussive 0.34
Ballarak,Visir (Original Mix),130.0,peak time techno,rolling,peak time techno 0.58; deep house 0.55; progressive house 0.55; afro house 0.53,rolling 0.52; dark 0.49; uplifting 0.41; groovy 0.40
Ballarak,Rondò,126.0,peak time techno,rolling,peak time techno 0.51; soulful house 0.46; melodic techno 0.45; afro house 0.44,rolling 0.52; dark 0.44; uplifting 0.40; warm 0.40
Baron (FR) & Jaalex,Cosa Nostra (Original Mix),121.0,peak time techno,rolling,peak time techno 0.50; progressive house 0.50; breakbeat 0.46; afro house 0.45,rolling 0.54; driving 0.46; dark 0.45; percussive 0.42
Ben Remember,EF2MOZ (Original Mix),124.0,peak time techno,dark,peak time techno 0.59; melodic techno 0.47; electronica 0.43; progressive house 0.37,dark 0.46; rolling 0.43; raw 0.36; percussive 0.36
Ben Remember,002 (Original Mix),125.0,peak time techno,rolling,peak time techno 0.56; tech house 0.44; progressive house 0.41; breakbeat 0.40,rolling 0.39; dark 0.32; percussive 0.31; driving 0.28
Benjamin Damage,Cosmonaut,128.0,peak time techno,rolling,peak time techno 0.51; progressive house 0.50; minimal techno 0.44; melodic techno 0.42,rolling 0.51; dark 0.43; driving 0.37; percussive 0.32
Boddika & Joy Orbison,Mercy (Boddika's VIP),124.79,peak time techno,dark,peak time techno 0.56; progressive house 0.53; afro house 0.47; melodic techno 0.46,dark 0.45; rolling 0.44; driving 0.37; percussive 0.35
Bora Uzer,Street Love (CIOZ Remix),123.0,peak time techno,rolling,peak time techno 0.48; progressive house 0.48; melodic techno 0.46; electronica 0.45,rolling 0.56; dark 0.47; driving 0.45; groovy 0.39
Breezy S,Dig In 97,128.0,peak time techno,rolling,peak time techno 0.56; progressive house 0.55; minimal techno 0.48; tech house 0.47,rolling 0.46; percussive 0.36; dark 0.35; driving 0.31
Brian Harden,Tour De Chi,125.96,peak time techno,rolling,peak time techno 0.59; progressive house 0.58; minimal techno 0.54; organic house 0.53,rolling 0.48; percussive 0.38; dark 0.35; groovy 0.34
Brian Harden,Tour De Chi,125.96,peak time techno,rolling,peak time techno 0.59; progressive house 0.58; minimal techno 0.54; organic house 0.53,rolling 0.48; percussive 0.38; dark 0.35; groovy 0.34
"Calvin Harris, Clementine Douglas",Blessings (Cassian Remix),130.0,peak time techno,rolling,peak time techno 0.47; progressive house 0.45; breakbeat 0.42; tech house 0.40,rolling 0.49; dark 0.45; driving 0.43; uplifting 0.39
CamelPhat,Light Night,123.0,peak time techno,rolling,peak time techno 0.59; progressive house 0.52; tech house 0.51; afro house 0.50,rolling 0.48; percussive 0.35; dark 0.35; groovy 0.35
Camelphat & Arodes,Cycles (Extended Mix),124.0,peak time techno,rolling,peak time techno 0.48; soulful house 0.48; progressive house 0.48; afro house 0.47,rolling 0.54; uplifting 0.47; dark 0.46; driving 0.46
Carlita,Wish You Knew (Extended),128.0,peak time techno,rolling,peak time techno 0.53; breakbeat 0.53; progressive house 0.53; soulful house 0.51,rolling 0.58; driving 0.48; dark 0.47; warm 0.47
Charlotte De Witte,How You Move,138.0,peak time techno,rolling,peak time techno 0.57; progressive house 0.48; minimal techno 0.47; tech house 0.40,rolling 0.39; percussive 0.32; dark 0.29; driving 0.25
Charlotte De Witte,High Street (Astrix Remix),138.0,peak time techno,rolling,peak time techno 0.57; progressive house 0.51; tech house 0.48; soulful house 0.47,rolling 0.50; dark 0.46; driving 0.41; uplifting 0.38
Chris Luno,Babysteps (Extended Mix),125.0,peak time techno,rolling,peak time techno 0.53; soulful house 0.53; progressive house 0.52; melodic techno 0.50,rolling 0.57; driving 0.54; dark 0.52; uplifting 0.48
Christian Smith,L'Amour Toujours,124.0,peak time techno,rolling,peak time techno 0.54; progressive house 0.52; afro house 0.52; minimal techno 0.47,rolling 0.51; dark 0.43; driving 0.39; uplifting 0.38
Cid Inc.,Shifter,121.0,peak time techno,rolling,peak time techno 0.53; melodic techno 0.52; progressive house 0.48; afro house 0.45,rolling 0.53; dark 0.48; hypnotic 0.40; driving 0.40
Cid Inc.,Forgotten (Original Mix),123.0,peak time techno,rolling,peak time techno 0.57; afro house 0.54; melodic techno 0.53; soulful house 0.52,rolling 0.55; dark 0.43; driving 0.40; uplifting 0.40
"Cid Inc., Dmitry Molosh",Coalition (Original Mix),122.0,peak time techno,rolling,peak time techno 0.53; progressive house 0.51; minimal techno 0.46; soulful house 0.46,rolling 0.55; dark 0.46; driving 0.44; uplifting 0.39
Cocho,Never Settle (Extended Mix),125.0,peak time techno,rolling,peak time techno 0.48; progressive house 0.47; afro house 0.44; tech house 0.44,rolling 0.46; dark 0.35; percussive 0.35; driving 0.34
DJ Hyperactive,Soul,134.0,peak time techno,percussive,peak time techno 0.64; organic house 0.56; progressive house 0.55; tech house 0.51,percussive 0.50; rolling 0.49; dark 0.35; groovy 0.30
DJ Miss Babayaga And DJ Josh Blackwell,Fairy Tale (Original Mix),128.0,peak time techno,rolling,peak time techno 0.56; progressive house 0.54; afro house 0.45; melodic techno 0.42,rolling 0.44; percussive 0.39; dark 0.39; driving 0.31
"Damon Jee, Juan Hansen",Hundred Secrets (Original Mix),125.0,peak time techno,rolling,peak time techno 0.51; progressive house 0.51; breakbeat 0.48; minimal techno 0.44,rolling 0.55; dark 0.49; driving 0.46; raw 0.38
David Tort,Any Fonque (Extended Mix),122.0,peak time techno,rolling,peak time techno 0.51; progressive house 0.50; afro house 0.47; minimal techno 0.43,rolling 0.44; dark 0.37; driving 0.35; groovy 0.35
Deadmau5,Fn Pig (Original Mix),128.0,peak time techno,rolling,peak time techno 0.53; progressive house 0.48; breakbeat 0.47; deep house 0.41,rolling 0.52; dark 0.48; driving 0.42; raw 0.37
Deep Fiktion,Turn Up The Volume (Extended Mix),128.0,peak time techno,rolling,peak time techno 0.56; progressive house 0.55; afro house 0.49; organic house 0.47,rolling 0.51; percussive 0.43; dark 0.43; driving 0.37
Disfreq,Psychedelic Girls (Extended Mix),130.0,peak time techno,percussive,peak time techno 0.52; progressive house 0.47; tech house 0.41; breakbeat 0.41,percussive 0.41; rolling 0.41; dark 0.35; driving 0.35
Disfreq,Batida,129.0,peak time techno,rolling,peak time techno 0.57; progressive house 0.50; tech house 0.43; minimal techno 0.43,rolling 0.44; percussive 0.38; dark 0.34; raw 0.32
"Durante, Emi Galvan",Lunar Circuit (Anjunadeep 16 Edit Mixed) (feat. Jody Wisternoff & James Grant),124.0,peak time techno,rolling,peak time techno 0.57; progressive house 0.53; soulful house 0.52; afro house 0.51,rolling 0.56; dark 0.48; driving 0.45; uplifting 0.42
Echomen,Perpetual,128.21,peak time techno,rolling,peak time techno 0.58; progressive house 0.54; afro house 0.49; organic house 0.48,rolling 0.47; percussive 0.39; dark 0.37; driving 0.33
"Einmusik, Solee",We Talk About Dreams,126.0,peak time techno,rolling,peak time techno 0.50; progressive house 0.47; minimal techno 0.42; breakbeat 0.39,rolling 0.48; dark 0.41; raw 0.39; driving 0.38
"Eli & Fur, Meduza",Pegasus,125.0,peak time techno,rolling,peak time techno 0.50; progressive house 0.47; soulful house 0.47; afro house 0.44,rolling 0.52; dark 0.46; driving 0.45; uplifting 0.45
Eric Lune,Adore (GMJ & Matter Remix),120.19,peak time techno,rolling,peak time techno 0.50; soulful house 0.48; progressive house 0.46; afro house 0.45,rolling 0.50; dark 0.39; uplifting 0.37; driving 0.36
Eric Prydz,Opus,126.0,peak time techno,rolling,peak time techno 0.48; breakbeat 0.42; electronica 0.41; melodic techno 0.41,rolling 0.52; dark 0.45; driving 0.39; warm 0.37
Eric Prydz Vs. Hans Zimmer,Opus Interstellar (ANGEMI Remix)  ,140.0,peak time techno,rolling,peak time techno 0.45; soulful house 0.42; breakbeat 0.41; melodic techno 0.40,rolling 0.49; dark 0.46; uplifting 0.43; driving 0.42
Ezequiel Arias,Perfect Dream (Extended Mix),124.0,peak time techno,rolling,peak time techno 0.53; progressive house 0.48; soulful house 0.48; afro house 0.48,rolling 0.49; dark 0.42; uplifting 0.40; driving 0.38
"Fred Again, The Blessed Madonna ",Marea (We've Lost Dancing) [SAVI Remix] - EXTENDED,128.0,peak time techno,rolling,peak time techno 0.51; progressive house 0.49; soulful house 0.45; breakbeat 0.45,rolling 0.53; dark 0.48; driving 0.44; uplifting 0.41
GENESI,Drillo,128.0,peak time techno,rolling,peak time techno 0.50; progressive house 0.50; breakbeat 0.47; afro house 0.44,rolling 0.48; dark 0.44; driving 0.42; groovy 0.39
Genesi & Equinøx,Chemistry,125.0,peak time techno,rolling,peak time techno 0.54; progressive house 0.52; breakbeat 0.44; minimal techno 0.44,rolling 0.50; dark 0.43; percussive 0.38; driving 0.38
Glowal,Bass Breaker,128.0,peak time techno,rolling,peak time techno 0.55; progressive house 0.55; afro house 0.51; breakbeat 0.50,rolling 0.53; dark 0.48; driving 0.44; percussive 0.42
Gorge,Up with an Angel - Leeni & Danilo Kupfernagel Remix,125.0,peak time techno,rolling,peak time techno 0.53; progressive house 0.53; afro house 0.50; organic house 0.45,rolling 0.48; dark 0.38; percussive 0.35; groovy 0.34
"Green Velvet, Carl Craig",Murder Of The Innocent,122.0,peak time techno,rolling,peak time techno 0.46; progressive house 0.46; afro house 0.44; melodic house 0.44,rolling 0.50; dark 0.40; groovy 0.38; uplifting 0.37
Guy J,Stranger In A Strange World,122.0,peak time techno,rolling,peak time techno 0.52; progressive house 0.51; afro house 0.49; soulful house 0.47,rolling 0.52; dark 0.43; driving 0.41; uplifting 0.39
"Guy Mantzur, Kamilo Sanclemente",Nectar,122.0,peak time techno,rolling,peak time techno 0.57; progressive house 0.52; melodic techno 0.49; afro house 0.46,rolling 0.55; dark 0.47; driving 0.41; percussive 0.37
HI-LO x Eli Brown,Industria (Extended Mix),130.0,peak time techno,rolling,peak time techno 0.53; progressive house 0.49; breakbeat 0.45; deep house 0.44,rolling 0.54; dark 0.49; driving 0.44; uplifting 0.37
Haddadi Von Engst,Crème Brûlée,123.0,peak time techno,rolling,peak time techno 0.49; progressive house 0.46; electronica 0.46; melodic techno 0.43,rolling 0.56; dark 0.49; percussive 0.46; driving 0.44
Henry Saiz,Technicolour,124.0,peak time techno,rolling,peak time techno 0.54; progressive house 0.47; breakbeat 0.44; minimal techno 0.42,rolling 0.51; dark 0.41; driving 0.41; percussive 0.38
"Hi-lo, Reinier Zonneveld, Oliver Heldens",String Theory,130.0,peak time techno,rolling,peak time techno 0.49; breakbeat 0.47; melodic techno 0.41; soulful house 0.39,rolling 0.55; dark 0.51; driving 0.42; euphoric 0.42
"Hi-lo, Space 92, Oliver Heldens",Mercury,130.0,peak time techno,rolling,peak time techno 0.52; progressive house 0.51; minimal techno 0.43; breakbeat 0.42,rolling 0.49; dark 0.43; driving 0.37; uplifting 0.29
Hito,White Tower (Original Mix),127.0,peak time techno,rolling,peak time techno 0.54; melodic techno 0.54; afro house 0.51; soulful house 0.50,rolling 0.50; dark 0.45; hypnotic 0.41; groovy 0.40
Hyenah ft. Nonku,Soak It (Andre Lodemann Remix),122.0,peak time techno,rolling,peak time techno 0.48; progressive house 0.44; soulful house 0.42; afro house 0.42,rolling 0.48; driving 0.38; dark 0.38; uplifting 0.37
Iio,Rapture (John Creamer & Stephane K. Remix) [feat. Nadia Ali],129.98,peak time techno,rolling,peak time techno 0.49; progressive house 0.49; electronica 0.46; soulful house 0.44,rolling 0.54; dark 0.45; driving 0.44; percussive 0.43
"Jack Back, Citizen Kain & Kiko",Supercycle (Extended Mix),124.0,peak time techno,rolling,peak time techno 0.53; progressive house 0.48; breakbeat 0.47; soulful house 0.44,rolling 0.55; dark 0.47; driving 0.43; groovy 0.39
James Solace,Jungle,123.0,peak time techno,rolling,peak time techno 0.58; progressive house 0.55; tech house 0.48; organic house 0.48,rolling 0.50; percussive 0.41; driving 0.39; dark 0.38
"Jamie Stevens, Zankee Gulati",Low Tide (Ezequiel Arias Remix),125.0,peak time techno,rolling,peak time techno 0.58; soulful house 0.54; progressive house 0.52; tech house 0.50,rolling 0.58; dark 0.50; driving 0.46; warm 0.44
"Jan Blomqvist, Natascha Polké",Midnight Sun,124.0,peak time techno,rolling,peak time techno 0.49; soulful house 0.48; progressive house 0.48; melodic techno 0.47,rolling 0.53; dark 0.47; driving 0.43; uplifting 0.43
Jansons feat. Notelle,Stutter,126.0,peak time techno,rolling,peak time techno 0.49; progressive house 0.48; breakbeat 0.41; organic house 0.39,rolling 0.43; percussive 0.39; dark 0.39; driving 0.35
Jason Peters,Satellites,128.0,peak time techno,rolling,peak time techno 0.60; progressive house 0.51; minimal techno 0.49; tech house 0.44,rolling 0.52; dark 0.44; driving 0.38; percussive 0.33
Jeff Mills,The Bells,138.89,peak time techno,rolling,peak time techno 0.58; progressive house 0.50; tech house 0.46; minimal techno 0.44,rolling 0.49; dark 0.42; percussive 0.37; driving 0.35
Jeremy Olander,Nattuggla (Original Mix),123.0,peak time techno,rolling,peak time techno 0.52; soulful house 0.52; progressive house 0.51; melodic techno 0.51,rolling 0.49; dreamy 0.40; uplifting 0.39; dark 0.39
Jeremy Olander,Stylus,126.0,peak time techno,rolling,peak time techno 0.50; progressive house 0.50; afro house 0.44; minimal techno 0.43,rolling 0.49; dark 0.40; driving 0.38; uplifting 0.35
Jeremy Olander,Riots (Original Mix),126.0,peak time techno,rolling,peak time techno 0.56; progressive house 0.50; minimal techno 0.47; deep house 0.46,rolling 0.53; dark 0.49; driving 0.40; hypnotic 0.34
"Josh Gigante, Ugo Banchi",Kill Bill (Extended Mix),126.0,peak time techno,rolling,peak time techno 0.56; progressive house 0.49; breakbeat 0.44; afro house 0.42,rolling 0.49; dark 0.42; percussive 0.38; driving 0.36
Joy Orbison,flight fm,140.0,peak time techno,dark,peak time techno 0.49; deep house 0.43; progressive house 0.42; melodic techno 0.41,dark 0.40; rolling 0.40; raw 0.37; driving 0.34
Kylie Minogue,Slow (The Chemical Brothers Remix),115.38,peak time techno,rolling,peak time techno 0.52; progressive house 0.51; organic house 0.46; breakbeat 0.44,rolling 0.51; percussive 0.45; driving 0.43; dark 0.42
Kylie Minogue,Slow (Chemical Brothers Remix),114.99,peak time techno,rolling,peak time techno 0.48; progressive house 0.47; breakbeat 0.43; organic house 0.39,rolling 0.45; percussive 0.44; driving 0.40; dark 0.37
LO'99,Acid Worldwide (Extended Mix),124.0,peak time techno,rolling,peak time techno 0.50; progressive house 0.49; breakbeat 0.47; disco house 0.43,rolling 0.48; driving 0.46; dark 0.45; percussive 0.43
Lexer,Peace.wav (Original Mix),123.0,peak time techno,rolling,peak time techno 0.49; melodic techno 0.46; soulful house 0.44; electronica 0.43,rolling 0.54; dark 0.43; driving 0.41; uplifting 0.40
Liva K,You Can Dance Now (Original Mix),120.0,peak time techno,rolling,peak time techno 0.55; progressive house 0.53; melodic techno 0.42; breakbeat 0.41,rolling 0.51; dark 0.44; driving 0.40; uplifting 0.32
M.E.M.O.,Maya,122.0,peak time techno,rolling,peak time techno 0.50; progressive house 0.48; afro house 0.46; organic house 0.41,rolling 0.44; percussive 0.33; groovy 0.31; dark 0.29
MIRBRO,Forever (HUGEL & Diplo & Malou & Yuna - Rock Da Cat Remix),124.0,peak time techno,rolling,peak time techno 0.53; progressive house 0.49; breakbeat 0.48; soulful house 0.44,rolling 0.55; dark 0.48; driving 0.47; uplifting 0.41
"MORTEN, 洛天依, CLSTR 56, Terry Zhong",High (Extended Mix),130.0,peak time techno,rolling,peak time techno 0.47; progressive house 0.46; electronica 0.44; soulful house 0.43,rolling 0.47; driving 0.43; dark 0.42; uplifting 0.41
Marsh & Volen Sentir,Ascension (Extended Mix),123.0,peak time techno,rolling,peak time techno 0.52; progressive house 0.50; soulful house 0.49; afro house 0.48,rolling 0.48; uplifting 0.40; driving 0.39; dark 0.39
Martin Ikin,Oscill8 (Extended Mix),128.0,peak time techno,rolling,peak time techno 0.55; progressive house 0.52; breakbeat 0.44; afro house 0.43,rolling 0.47; dark 0.43; driving 0.38; groovy 0.34
"Matador, ARTBAT",Apollo 11,125.0,peak time techno,rolling,peak time techno 0.50; progressive house 0.47; afro house 0.46; melodic techno 0.42,rolling 0.35; uplifting 0.29; dark 0.29; percussive 0.28
Mike Rish,Cloudbreaker,120.0,peak time techno,rolling,peak time techno 0.54; progressive house 0.52; soulful house 0.46; melodic techno 0.44,rolling 0.56; dark 0.45; driving 0.41; percussive 0.39
Mike Rish,Sunset on Mars (Original Mix),120.0,peak time techno,rolling,peak time techno 0.52; progressive house 0.48; breakbeat 0.43; afro house 0.42,rolling 0.49; dark 0.40; driving 0.40; percussive 0.38
Mike Rish,Patenz (Extended Mix),120.0,peak time techno,rolling,peak time techno 0.54; progressive house 0.48; afro house 0.46; tech house 0.43,rolling 0.45; dark 0.34; percussive 0.33; driving 0.31
Mike Rish,Drifter,120.0,peak time techno,rolling,peak time techno 0.61; progressive house 0.55; afro house 0.49; organic house 0.49,rolling 0.53; dark 0.44; percussive 0.39; driving 0.39
Mita Gami,All By Myself (Original Mix),124.0,peak time techno,rolling,peak time techno 0.59; progressive house 0.56; tech house 0.51; afro house 0.50,rolling 0.53; groovy 0.48; driving 0.48; dark 0.47
"Nic Fanciulli, Black Circle",The Breakfast Club (Extended Mix),123.0,peak time techno,rolling,peak time techno 0.53; progressive house 0.50; afro house 0.47; breakbeat 0.43,rolling 0.49; percussive 0.41; dark 0.38; driving 0.37
Nicholas Vibes,Liberate (Extended Mix),123.0,peak time techno,rolling,peak time techno 0.53; tech house 0.47; soulful house 0.46; afro house 0.46,rolling 0.46; warm 0.37; dark 0.37; uplifting 0.37
Perfect Stranger,Prata Da Casa (Riktam & Bansi Remix),125.0,peak time techno,rolling,peak time techno 0.56; progressive house 0.53; tribal house 0.48; afro house 0.48,rolling 0.56; percussive 0.46; dark 0.44; driving 0.41
Pheelo,Going Acid,129.0,peak time techno,rolling,peak time techno 0.59; progressive house 0.59; afro house 0.48; organic house 0.46,rolling 0.48; dark 0.41; driving 0.38; raw 0.36
"Phil Fuldner, Ian Pooley",Zoana,124.0,peak time techno,rolling,peak time techno 0.49; progressive house 0.48; breakbeat 0.43; afro house 0.38,rolling 0.49; dark 0.40; percussive 0.40; driving 0.34
RSRRCT,Sheltered by the Shore (Original Mix),128.0,peak time techno,rolling,peak time techno 0.57; progressive house 0.53; breakbeat 0.49; tech house 0.48,rolling 0.54; percussive 0.47; dark 0.45; driving 0.42
Robert Miles,Children (Tinlicker Extended Mix),124.0,peak time techno,rolling,peak time techno 0.51; soulful house 0.48; melodic techno 0.47; breakbeat 0.46,rolling 0.57; dark 0.49; driving 0.48; warm 0.47
Roddy Lima,Night Time (Extended Mix),128.0,peak time techno,rolling,peak time techno 0.53; progressive house 0.51; breakbeat 0.47; minimal techno 0.43,rolling 0.46; dark 0.43; driving 0.39; groovy 0.36
Rodriguez Jr.,Petropolis,125.0,peak time techno,rolling,peak time techno 0.54; minimal techno 0.51; melodic techno 0.47; progressive house 0.46,rolling 0.47; raw 0.41; groovy 0.41; driving 0.39
Ruben Karapetyan,Nostalgic Moments (Original Mix),121.0,peak time techno,rolling,peak time techno 0.54; progressive house 0.46; soulful house 0.43; melodic techno 0.42,rolling 0.47; dark 0.42; driving 0.36; uplifting 0.35
Ruben Karapetyan,Synesthesia,121.0,peak time techno,rolling,peak time techno 0.54; progressive house 0.51; soulful house 0.47; melodic techno 0.46,rolling 0.55; dark 0.47; driving 0.46; uplifting 0.39
"Samet Gunal, TWIINS (GR)",Starting Something (Echonomist Extended Remix),126.0,peak time techno,rolling,peak time techno 0.55; melodic techno 0.49; progressive house 0.48; soulful house 0.45,rolling 0.50; dark 0.44; driving 0.41; uplifting 0.39
Santé,Blink,127.0,peak time techno,rolling,peak time techno 0.55; progressive house 0.52; organic house 0.47; afro house 0.47,rolling 0.37; percussive 0.32; groovy 0.24; driving 0.23
Sash!,Encore Une Fois (Future Breeze Edit),133.33,peak time techno,rolling,peak time techno 0.52; progressive house 0.50; afro house 0.45; minimal techno 0.42,rolling 0.46; dark 0.38; driving 0.32; groovy 0.32
Seb Wildblood,Hazy House Vol. 1,128.0,peak time techno,rolling,peak time techno 0.46; afro house 0.42; minimal techno 0.40; progressive house 0.40,rolling 0.39; groovy 0.32; percussive 0.31; dreamy 0.31
Serious Dancers,Echo (Kebin Van Reeken Extended Remix),122.0,peak time techno,rolling,peak time techno 0.56; progressive house 0.50; afro house 0.46; tech house 0.46,rolling 0.49; dark 0.41; driving 0.35; percussive 0.34
Shakedown,At Night (Peggy Gou Acid Journey Remix),124.0,peak time techno,rolling,peak time techno 0.53; progressive house 0.53; organic house 0.45; afro house 0.44,rolling 0.43; percussive 0.35; dark 0.31; driving 0.28
"Sides, MKLY",Mauro (Tantum Remix),124.0,peak time techno,rolling,peak time techno 0.56; progressive house 0.52; soulful house 0.48; breakbeat 0.47,rolling 0.57; dark 0.50; driving 0.43; uplifting 0.38
Simon Doty,Have You Ever? (Extended Mix),125.0,peak time techno,rolling,peak time techno 0.55; soulful house 0.52; afro house 0.50; tech house 0.50,rolling 0.55; dark 0.46; warm 0.44; percussive 0.43
"Simon Fava, Yvvan Back",Cuban Riddim,126.0,peak time techno,rolling,peak time techno 0.51; progressive house 0.50; afro house 0.46; breakbeat 0.43,rolling 0.50; percussive 0.42; dark 0.40; driving 0.40
Simon Vuarambon,Mars (Original Mix),123.0,peak time techno,rolling,peak time techno 0.57; progressive house 0.54; soulful house 0.48; tech house 0.47,rolling 0.54; dark 0.48; driving 0.40; uplifting 0.36
Solomun,Home (Boys Noize Remix),128.0,peak time techno,rolling,peak time techno 0.52; breakbeat 0.49; progressive house 0.49; melodic techno 0.47,rolling 0.60; dark 0.52; driving 0.51; percussive 0.41
Subb-an,Love Tempo,128.0,peak time techno,rolling,peak time techno 0.57; progressive house 0.50; minimal techno 0.49; tech house 0.48,rolling 0.52; dark 0.43; driving 0.38; percussive 0.37
TH;EN,Push It (Original Mix),126.0,peak time techno,rolling,peak time techno 0.58; progressive house 0.51; afro house 0.49; tech house 0.48,rolling 0.51; dark 0.43; percussive 0.40; driving 0.39
"Tiga, Audion, Matroda",Let's Go Dancing (Matroda Remix),128.0,peak time techno,rolling,peak time techno 0.53; progressive house 0.53; afro house 0.46; tech house 0.45,rolling 0.44; percussive 0.42; dark 0.37; groovy 0.32
Tiësto,Adagio for Strings,140.0,peak time techno,rolling,peak time techno 0.59; melodic techno 0.49; breakbeat 0.46; soulful house 0.45,rolling 0.54; dark 0.53; driving 0.45; hypnotic 0.43
Todd Terje,Ragysh,122.0,peak time techno,rolling,peak time techno 0.57; progressive house 0.54; soulful house 0.52; melodic techno 0.52,rolling 0.57; dark 0.50; driving 0.45; percussive 0.41
Tony y Not,Have You Lost Your Mind? (Original Mix),129.0,peak time techno,rolling,peak time techno 0.59; progressive house 0.59; organic house 0.54; tech house 0.54,rolling 0.54; percussive 0.50; dark 0.41; driving 0.40
Toto Chiavetta,Analog Suite,123.0,peak time techno,rolling,peak time techno 0.52; progressive house 0.39; melodic techno 0.37; afro house 0.36,rolling 0.39; percussive 0.37; raw 0.28; dark 0.27
Traumer,Euphoria (Original Mix),127.0,peak time techno,percussive,peak time techno 0.56; melodic techno 0.44; electronica 0.42; organic house 0.41,percussive 0.53; rolling 0.47; dark 0.34; hypnotic 0.33
"UTOPIA (ofc), Greenjack",Enigma (Extended Mix),126.0,peak time techno,rolling,peak time techno 0.48; progressive house 0.46; afro house 0.44; deep house 0.41,rolling 0.46; dark 0.41; driving 0.36; uplifting 0.35
Underworld,Born Slippy (Nuxx),140.04,peak time techno,rolling,peak time techno 0.51; progressive house 0.51; breakbeat 0.42; afro house 0.41,rolling 0.52; dark 0.44; percussive 0.38; driving 0.38
Underworld,Dark & Long (Dark Train / Remastered 2014),135.01,peak time techno,rolling,peak time techno 0.45; electronica 0.43; progressive house 0.42; breakbeat 0.41,rolling 0.52; dark 0.41; percussive 0.40; driving 0.39
Unknown Artist,Trance 23,130.0,peak time techno,rolling,peak time techno 0.55; progressive house 0.54; afro house 0.47; minimal techno 0.47,rolling 0.52; dark 0.42; driving 0.41; groovy 0.38
VXSION,Porto (Extended Mix),124.0,peak time techno,rolling,peak time techno 0.51; progressive house 0.48; tech house 0.44; afro house 0.43,rolling 0.44; dark 0.36; percussive 0.34; driving 0.33
"Versus, Dissolut",Demented - Riaz Dhanani Remix,125.0,peak time techno,rolling,peak time techno 0.47; progressive house 0.46; breakbeat 0.43; organic house 0.38,rolling 0.41; percussive 0.36; dark 0.33; driving 0.32
"Yet More, MANTi, Bákayan, Auggië",Trust Me,125.0,peak time techno,rolling,peak time techno 0.57; progressive house 0.50; tech house 0.47; minimal techno 0.45,rolling 0.44; dark 0.35; percussive 0.33; driving 0.30
Yousef & Black Circle,Paris (Original Mix),128.0,peak time techno,rolling,peak time techno 0.56; progressive house 0.56; deep house 0.51; breakbeat 0.50,rolling 0.58; dark 0.52; driving 0.47; groovy 0.42
Zombie Nation,Kernkraft 400 (DJ Gius Remix),139.99,peak time techno,rolling,peak time techno 0.49; progressive house 0.39; minimal techno 0.36; afro house 0.35,rolling 0.38; raw 0.32; dark 0.32; percussive 0.31
white sheep,WonkyT,129.0,peak time techno,rolling,peak time techno 0.51; progressive house 0.51; breakbeat 0.43; minimal techno 0.40,rolling 0.45; dark 0.36; driving 0.34; groovy 0.30
&ME,Garden,122.0,progressive house,rolling,progressive house 0.50; peak time techno 0.47; afro house 0.46; tribal house 0.46,rolling 0.41; percussive 0.40; groovy 0.30; driving 0.27
16 Bit Ladytron,Destroy The Murder Weapon [Silinder Mashup],126.0,progressive house,rolling,progressive house 0.56; peak time techno 0.45; disco house 0.45; breakbeat 0.43,rolling 0.51; dark 0.49; driving 0.48; groovy 0.39
16 Bit Lolitas,Murder Weapon,125.0,progressive house,rolling,progressive house 0.64; afro house 0.56; peak time techno 0.56; minimal techno 0.53,rolling 0.58; dark 0.51; driving 0.48; groovy 0.46
16 Bit Lolitas,Deep Space Girls,118.0,progressive house,rolling,progressive house 0.59; afro house 0.55; melodic house 0.50; organic house 0.49,rolling 0.46; groovy 0.43; uplifting 0.41; dreamy 0.41
16BL,Not The Only One,120.0,progressive house,rolling,progressive house 0.58; melodic house 0.55; soulful house 0.54; afro house 0.53,rolling 0.56; groovy 0.50; driving 0.49; uplifting 0.49
1tbsp,Calico,126.0,progressive house,rolling,progressive house 0.59; afro house 0.52; disco house 0.49; soulful house 0.46,rolling 0.46; groovy 0.42; dark 0.40; driving 0.38
2M,Tallow,127.0,progressive house,rolling,progressive house 0.58; peak time techno 0.56; organic house 0.53; afro house 0.49,rolling 0.52; dark 0.42; groovy 0.39; driving 0.39
2d.name,Aim,129.0,progressive house,rolling,progressive house 0.59; afro house 0.57; disco house 0.56; deep house 0.45,rolling 0.45; groovy 0.42; driving 0.36; dark 0.35
2raumwohnung,Wir werden sehen - Solomun Vox Remix,124.0,progressive house,rolling,progressive house 0.57; disco house 0.50; afro house 0.48; soulful house 0.41,rolling 0.44; raw 0.39; driving 0.38; dark 0.37
49th & Main,Self Sabotage,134.0,progressive house,raw,progressive house 0.45; afro house 0.39; disco house 0.37; tribal house 0.31,raw 0.35; rolling 0.31; dreamy 0.30; uplifting 0.30
"4th Sign, Joss Moog, Around7",Deep Dip,124.0,progressive house,driving,progressive house 0.50; disco house 0.41; afro house 0.38; electronica 0.37,driving 0.41; rolling 0.40; raw 0.40; dark 0.38
6400 Crew,Dubb Me Some'tin Fresh (Original Mix),127.78,progressive house,rolling,progressive house 0.55; breakbeat 0.49; peak time techno 0.48; disco house 0.44,rolling 0.54; dark 0.46; driving 0.46; percussive 0.45
6th Borough Project,The Deal,124.0,progressive house,rolling,progressive house 0.58; disco house 0.48; afro house 0.46; tribal house 0.41,rolling 0.35; percussive 0.32; groovy 0.27; driving 0.25
"9iusi, ddp",Brasileira,126.0,progressive house,rolling,progressive house 0.62; afro house 0.57; disco house 0.54; organic house 0.51,rolling 0.52; groovy 0.42; dark 0.39; driving 0.38
A-Trak,Like I Said,129.0,progressive house,percussive,progressive house 0.48; disco house 0.45; tribal house 0.44; breakbeat 0.38,percussive 0.53; rolling 0.44; driving 0.41; raw 0.39
ABEL (UK),Ah Papi (Extended Mix),126.0,progressive house,rolling,progressive house 0.56; afro house 0.49; peak time techno 0.46; disco house 0.46,rolling 0.44; driving 0.39; groovy 0.39; dark 0.37
ABEL (UK),Slow Steady (Extended Mix),130.0,progressive house,rolling,progressive house 0.58; afro house 0.48; peak time techno 0.47; tribal house 0.47,rolling 0.46; percussive 0.43; dark 0.34; driving 0.33
"ABEL (UK), Maria Nocheydia",Trouble (Extended Mix),126.0,progressive house,rolling,progressive house 0.60; disco house 0.51; afro house 0.51; peak time techno 0.43,rolling 0.44; driving 0.38; groovy 0.35; dark 0.35
AFFKT,Kruso,124.0,progressive house,rolling,progressive house 0.61; afro house 0.55; disco house 0.50; deep house 0.49,rolling 0.44; groovy 0.37; driving 0.33; dark 0.32
"ALPHA, Sam Paganini",Simple Math,128.0,progressive house,rolling,progressive house 0.52; peak time techno 0.49; afro house 0.48; soulful house 0.46,rolling 0.51; dark 0.46; driving 0.45; groovy 0.44
AMÉMÉ,ATALAKOU (Extended Mix),126.0,progressive house,rolling,progressive house 0.58; tribal house 0.53; organic house 0.43; afro house 0.42,rolling 0.45; percussive 0.40; driving 0.33; dark 0.30
AMÉMÉ & Don Bello Ni,Patchido (Enoo Napa Remix),120.0,progressive house,percussive,progressive house 0.56; afro house 0.53; organic house 0.52; tribal house 0.50,percussive 0.63; rolling 0.50; groovy 0.35; raw 0.33
AMÉMÉ & Kosmo Kint,Never Forget,126.0,progressive house,percussive,progressive house 0.52; disco house 0.44; afro house 0.44; tribal house 0.42,percussive 0.46; rolling 0.44; driving 0.38; groovy 0.35
ANATTA,Same Mind,127.0,progressive house,rolling,progressive house 0.55; afro house 0.52; disco house 0.49; soulful house 0.49,rolling 0.50; groovy 0.45; uplifting 0.43; driving 0.43
"ANOTR, 54 Ultra",Talk To You,132.0,progressive house,raw,progressive house 0.43; disco house 0.41; afro house 0.37; electronica 0.34,raw 0.39; percussive 0.37; rolling 0.37; driving 0.34
ANUQRAM,Get On (Extended Mix),122.0,progressive house,rolling,progressive house 0.55; soulful house 0.51; peak time techno 0.51; afro house 0.49,rolling 0.55; dark 0.46; driving 0.44; uplifting 0.42
"ARLO, fkblnde",Full Moon Eyes,140.0,progressive house,rolling,progressive house 0.50; afro house 0.46; disco house 0.43; peak time techno 0.38,rolling 0.41; raw 0.33; driving 0.33; groovy 0.32
ARTBAT,Tabu,123.0,progressive house,rolling,progressive house 0.62; afro house 0.54; peak time techno 0.54; deep house 0.53,rolling 0.51; dark 0.41; groovy 0.41; driving 0.38
ATB,9 PM (Till I Come),130.24,progressive house,rolling,progressive house 0.51; disco house 0.49; afro house 0.47; electronica 0.42,rolling 0.45; driving 0.42; groovy 0.42; uplifting 0.39
ATRIP,Sinai Ray (Original Mix),134.0,progressive house,percussive,progressive house 0.54; afro house 0.47; tribal house 0.46; disco house 0.41,percussive 0.43; rolling 0.42; raw 0.30; driving 0.30
ATRIP,Sinai Ray,134.0,progressive house,percussive,progressive house 0.54; afro house 0.47; tribal house 0.46; disco house 0.41,percussive 0.43; rolling 0.42; raw 0.30; driving 0.30
AVAION,Pieces,120.0,progressive house,rolling,progressive house 0.53; melodic house 0.46; afro house 0.46; melodic techno 0.44,rolling 0.53; dark 0.46; driving 0.45; groovy 0.43
AVAION,Call My Name,127.0,progressive house,rolling,progressive house 0.53; deep house 0.48; afro house 0.47; disco house 0.45,rolling 0.46; dark 0.45; groovy 0.43; driving 0.42
"AVAION, Sofiya Nzau",Wacuka (Extended Version),130.0,progressive house,rolling,progressive house 0.53; disco house 0.49; afro house 0.49; tribal house 0.44,rolling 0.44; percussive 0.40; groovy 0.39; raw 0.37
AYYBO,RIZZ (Extended Mix),127.0,progressive house,percussive,progressive house 0.56; afro house 0.49; tribal house 0.47; disco house 0.47,percussive 0.41; rolling 0.39; groovy 0.32; driving 0.30
Aardy,Chasm (Original Mix),124.0,progressive house,rolling,progressive house 0.58; peak time techno 0.56; afro house 0.54; minimal techno 0.54,rolling 0.56; dark 0.48; driving 0.45; groovy 0.43
"Aberton, Jazzedup Trio",Pompidou (Chanknous Remix),117.0,progressive house,rolling,progressive house 0.52; afro house 0.51; melodic house 0.47; disco house 0.47,rolling 0.49; driving 0.46; groovy 0.43; uplifting 0.42
Above & Beyond,Surge (PROFF & Igor Garanin Extended Mix),122.0,progressive house,rolling,progressive house 0.50; soulful house 0.45; afro house 0.45; melodic house 0.45,rolling 0.47; dark 0.41; driving 0.41; uplifting 0.40
Adam Ten & Bontan,Hey (Original Mix),122.0,progressive house,rolling,progressive house 0.57; tribal house 0.47; afro house 0.45; peak time techno 0.44,rolling 0.44; percussive 0.43; driving 0.36; groovy 0.36
Adam Ten & Rhye,3 Days Later (Extended Mix),123.0,progressive house,rolling,progressive house 0.51; tribal house 0.47; afro house 0.47; disco house 0.45,rolling 0.46; driving 0.44; uplifting 0.43; dreamy 0.42
"Adam Ten, Asulin",Warawara (Original Mix),126.0,progressive house,rolling,progressive house 0.60; afro house 0.53; tribal house 0.52; disco house 0.49,rolling 0.42; percussive 0.35; groovy 0.33; driving 0.32
"Adam Ten, Mita Gami, Marina Maximilian",Million Pieces (Kino Todo Remix),128.0,progressive house,rolling,progressive house 0.53; breakbeat 0.48; peak time techno 0.47; afro house 0.45,rolling 0.49; driving 0.43; percussive 0.42; dark 0.41
Adi Oasis,Serena (Tentendo Remix),129.0,progressive house,rolling,progressive house 0.53; afro house 0.45; disco house 0.45; melodic house 0.35,rolling 0.36; raw 0.35; groovy 0.33; driving 0.30
Adisyn,3AM,124.0,progressive house,rolling,progressive house 0.59; afro house 0.58; disco house 0.54; minimal techno 0.51,rolling 0.46; groovy 0.46; uplifting 0.42; dark 0.38
Adonis,No Way Back,125.18,progressive house,rolling,progressive house 0.64; afro house 0.57; disco house 0.52; organic house 0.48,rolling 0.40; groovy 0.33; driving 0.30; dark 0.26
Adrian Hour,That's It,124.0,progressive house,rolling,progressive house 0.54; peak time techno 0.48; afro house 0.44; disco house 0.43,rolling 0.47; percussive 0.45; raw 0.36; dark 0.34
Adriatique,Studies In Dance Theory,123.0,progressive house,rolling,progressive house 0.51; afro house 0.49; breakbeat 0.48; peak time techno 0.46,rolling 0.51; driving 0.45; dark 0.44; groovy 0.43
Afro Medusa,Pasilda,127.0,progressive house,rolling,progressive house 0.55; disco house 0.47; afro house 0.46; tribal house 0.45,rolling 0.46; percussive 0.46; driving 0.37; groovy 0.36
Afro Medusa,Pasilda (Knee Deep Mix),127.0,progressive house,rolling,progressive house 0.57; electronica 0.47; disco house 0.46; afro house 0.45,rolling 0.49; percussive 0.47; driving 0.45; dark 0.41
Aguava,Side Pocket,121.0,progressive house,groovy,progressive house 0.50; melodic house 0.49; disco house 0.49; afro house 0.46,groovy 0.48; driving 0.42; dreamy 0.42; rolling 0.41
Aitor Astiz,Do You Like Bass,130.0,progressive house,percussive,progressive house 0.48; peak time techno 0.42; afro house 0.41; tech house 0.39,percussive 0.40; rolling 0.39; raw 0.37; dark 0.33
Alain Fanegas,In the Dark (Chris Luno Remix),122.0,progressive house,dreamy,progressive house 0.45; soulful house 0.41; disco house 0.41; melodic house 0.40,dreamy 0.45; rolling 0.44; uplifting 0.44; driving 0.43
Alan Braxe & Fred Falke,Intro,122.89,progressive house,rolling,progressive house 0.61; disco house 0.51; afro house 0.48; organic house 0.43,rolling 0.45; groovy 0.36; driving 0.35; dark 0.35
Alan Nieves,El Tebo,128.0,progressive house,groovy,progressive house 0.52; melodic house 0.51; afro house 0.51; disco house 0.50,groovy 0.49; rolling 0.48; driving 0.45; uplifting 0.44
"Aldo Cadiz, Andre Butano",Jakes,130.0,progressive house,percussive,progressive house 0.55; afro house 0.47; disco house 0.45; organic house 0.44,percussive 0.39; rolling 0.37; groovy 0.35; driving 0.32
Aleem,Filtri Organi (Ohmme Remix),123.0,progressive house,rolling,progressive house 0.60; afro house 0.47; disco house 0.45; peak time techno 0.43,rolling 0.42; percussive 0.35; driving 0.31; dark 0.30
Aleksandir,Yamaha (Original Mix),121.0,progressive house,rolling,progressive house 0.58; afro house 0.53; melodic house 0.51; organic house 0.47,rolling 0.47; groovy 0.42; driving 0.37; dreamy 0.36
Aleksandir,Dreams,119.0,progressive house,dreamy,progressive house 0.53; melodic house 0.47; afro house 0.46; organic house 0.42,dreamy 0.43; groovy 0.39; rolling 0.39; driving 0.36
Alena,Turn It Around - Another Mix,129.97,progressive house,rolling,progressive house 0.60; disco house 0.51; afro house 0.49; organic house 0.47,rolling 0.45; percussive 0.41; groovy 0.41; driving 0.40
"Alex Kennon, Joris Voorn",Blinding Lights,124.0,progressive house,rolling,progressive house 0.49; afro house 0.42; peak time techno 0.42; breakbeat 0.39,rolling 0.45; driving 0.42; dark 0.38; uplifting 0.37
Alex Niggemann,Tangram (The Dark End),123.0,progressive house,rolling,progressive house 0.61; afro house 0.59; peak time techno 0.57; tech house 0.54,rolling 0.51; groovy 0.42; dark 0.40; uplifting 0.39
"Alex Ranerro, Coeus",Enigma,122.0,progressive house,rolling,progressive house 0.58; afro house 0.47; disco house 0.45; peak time techno 0.43,rolling 0.39; driving 0.34; dark 0.33; groovy 0.31
Alex Rules,Meet Chance,128.0,progressive house,percussive,progressive house 0.50; breakbeat 0.44; tribal house 0.44; afro house 0.44,percussive 0.50; rolling 0.48; driving 0.46; raw 0.41
Alexis Cabrera,Corriendo Por Detras (Original Mix),125.0,progressive house,rolling,progressive house 0.62; afro house 0.47; disco house 0.45; organic house 0.42,rolling 0.38; dark 0.27; driving 0.26; groovy 0.25
Alexis Raphael,I Know (Original Mix),124.01,progressive house,rolling,progressive house 0.62; disco house 0.53; afro house 0.52; organic house 0.49,rolling 0.44; groovy 0.43; driving 0.39; raw 0.38
Alok & The Chainsmokers,Jungle (Extended Mix),140.0,progressive house,rolling,progressive house 0.47; disco house 0.41; breakbeat 0.40; electronica 0.40,rolling 0.47; driving 0.43; raw 0.42; dark 0.41
"Alok, Kenny Dope feat. Ella Eyre & Crystal Waters",Deep Down (Never Dull's In My Mind Extended Mix),122.0,progressive house,raw,progressive house 0.43; disco house 0.38; afro house 0.36; tribal house 0.34,raw 0.37; rolling 0.37; percussive 0.37; driving 0.35
"Alok, Łaszewo, A$AP Rocky",HIGHJACK (right back),146.0,progressive house,percussive,progressive house 0.46; disco house 0.37; peak time techno 0.37; afro house 0.37,percussive 0.45; rolling 0.42; raw 0.37; driving 0.37
Aluna,The Recipe (Bella Boo Remix),126.0,progressive house,raw,progressive house 0.50; melodic house 0.40; disco house 0.40; afro house 0.39,raw 0.41; groovy 0.40; dreamy 0.39; rolling 0.39
Aluna & SIDEPIECE,Misbehave (Extended Mix),132.0,progressive house,rolling,progressive house 0.45; peak time techno 0.39; breakbeat 0.38; afro house 0.37,rolling 0.42; driving 0.39; dark 0.39; raw 0.38
Alvy,Face A,124.0,progressive house,rolling,progressive house 0.57; afro house 0.48; disco house 0.46; peak time techno 0.44,rolling 0.44; driving 0.38; dark 0.35; groovy 0.35
Aman Anand & Frankie Vertigo,Can't Stop (Extended Mix),124.0,progressive house,rolling,progressive house 0.57; afro house 0.47; peak time techno 0.47; disco house 0.46,rolling 0.48; dark 0.43; driving 0.40; raw 0.40
"Amine K (Moroko Loko), Robert Owens",Tinker Bell (WAHM Late Night Remix),122.0,progressive house,percussive,progressive house 0.58; disco house 0.53; afro house 0.52; tribal house 0.46,percussive 0.43; rolling 0.38; groovy 0.35; raw 0.31
Ammo Avenue,Sunshine,130.0,progressive house,rolling,progressive house 0.59; peak time techno 0.49; disco house 0.48; afro house 0.47,rolling 0.43; percussive 0.43; driving 0.34; groovy 0.31
Ammo Avenue,Exotic Blend (Extended Mix),130.0,progressive house,rolling,progressive house 0.62; afro house 0.53; disco house 0.53; tech house 0.48,rolling 0.40; groovy 0.37; percussive 0.36; driving 0.34
Ammo Avenue,In Your Sleep (Extended Mix),130.0,progressive house,rolling,progressive house 0.59; afro house 0.53; peak time techno 0.51; organic house 0.50,rolling 0.44; percussive 0.40; groovy 0.39; driving 0.35
Amonita,Rainbow,122.0,progressive house,rolling,progressive house 0.57; afro house 0.56; melodic house 0.51; disco house 0.49,rolling 0.49; groovy 0.45; uplifting 0.41; driving 0.41
Amour Propre,Blurred Signal (Original Mix),125.0,progressive house,rolling,progressive house 0.52; peak time techno 0.51; afro house 0.49; tech house 0.42,rolling 0.43; percussive 0.32; groovy 0.31; dark 0.31
Amtrac,Farewell (Original Mix),124.0,progressive house,rolling,progressive house 0.56; peak time techno 0.51; soulful house 0.51; afro house 0.51,rolling 0.51; dark 0.44; uplifting 0.41; driving 0.41
Amtrac,Madness To Mayhem,120.0,progressive house,rolling,progressive house 0.49; soulful house 0.45; breakbeat 0.44; disco house 0.43,rolling 0.51; driving 0.47; uplifting 0.43; dark 0.43
Anabel Englund,London Headache Purple Disco Machine Remix,119.0,progressive house,rolling,progressive house 0.62; disco house 0.54; afro house 0.52; tribal house 0.49,rolling 0.53; driving 0.49; groovy 0.47; dark 0.41
Andfølk,Aurora,124.0,progressive house,rolling,progressive house 0.52; soulful house 0.47; peak time techno 0.46; afro house 0.44,rolling 0.52; dark 0.49; driving 0.47; uplifting 0.45
Andhim,Horse Society (Original Mix),120.0,progressive house,rolling,progressive house 0.53; electronica 0.46; melodic techno 0.44; disco house 0.42,rolling 0.53; dark 0.48; raw 0.46; driving 0.46
Andhim,Amene (Original Mix),120.0,progressive house,percussive,progressive house 0.54; disco house 0.48; tribal house 0.47; afro house 0.47,percussive 0.47; rolling 0.40; raw 0.35; groovy 0.28
"Andhim, AMÉMÉ, Malou",Feel The Love (Extended Mix),120.0,progressive house,rolling,progressive house 0.46; electronica 0.42; breakbeat 0.41; soulful house 0.40,rolling 0.50; driving 0.46; raw 0.44; dark 0.43
Andre Butano & Chinonegro,Sexsax. (Extended Mix),128.0,progressive house,rolling,progressive house 0.53; afro house 0.50; disco house 0.48; peak time techno 0.44,rolling 0.43; groovy 0.42; uplifting 0.38; driving 0.37
Andre Rizo,The Sun Will Never Go Down,124.0,progressive house,rolling,progressive house 0.53; tribal house 0.49; peak time techno 0.49; breakbeat 0.47,rolling 0.57; percussive 0.53; driving 0.49; dark 0.48
Andrea Oliva & Black Circle,Neverland (Extended),120.0,progressive house,rolling,progressive house 0.55; afro house 0.52; melodic house 0.52; disco house 0.51,rolling 0.56; driving 0.50; groovy 0.50; dark 0.48
"Andrea Oliva, Moeaike",I Love You So (Extended Mix),122.0,progressive house,rolling,progressive house 0.47; electronica 0.46; soulful house 0.46; melodic house 0.42,rolling 0.56; driving 0.51; uplifting 0.48; dark 0.46
Andres Shockwave,Drumma,129.0,progressive house,percussive,progressive house 0.61; afro house 0.50; disco house 0.50; organic house 0.46,percussive 0.42; rolling 0.37; groovy 0.30; driving 0.28
Andres Shockwave,Hed & Head (Original Mix),126.0,progressive house,groovy,progressive house 0.58; afro house 0.58; disco house 0.55; organic house 0.50,groovy 0.39; rolling 0.36; percussive 0.32; driving 0.30
Andrew Meller,Born Slippy (Reincarnation Mix),125.0,progressive house,rolling,progressive house 0.50; breakbeat 0.45; electronica 0.44; disco house 0.43,rolling 0.54; driving 0.47; dark 0.47; groovy 0.42
Andruss,Driving to Oblivion (Original Mix),128.0,progressive house,rolling,progressive house 0.53; peak time techno 0.51; afro house 0.44; tech house 0.43,rolling 0.39; percussive 0.36; dark 0.31; driving 0.30
Angelo Ferreri,Izinque,122.0,progressive house,rolling,progressive house 0.60; disco house 0.54; afro house 0.52; tribal house 0.47,rolling 0.41; percussive 0.38; groovy 0.38; driving 0.36
"Angelo Ferreri, Peter Mac",Good Times (Quiet Mix),120.0,progressive house,rolling,progressive house 0.59; afro house 0.55; disco house 0.50; organic house 0.46,rolling 0.45; groovy 0.44; uplifting 0.42; driving 0.40
Animal Trainer,Rave New World (Monkey Safari Remix),123.0,progressive house,percussive,progressive house 0.41; afro house 0.34; disco house 0.33; tribal house 0.29,percussive 0.37; rolling 0.36; raw 0.34; uplifting 0.30
Animal Trainer,Come Around - Black Circle & Reezna Remix,125.0,progressive house,rolling,progressive house 0.48; electronica 0.47; soulful house 0.44; melodic house 0.44,rolling 0.55; percussive 0.43; dark 0.43; driving 0.42
Anish Kumar,Marabelle,123.0,progressive house,driving,progressive house 0.46; breakbeat 0.44; soulful house 0.41; melodic techno 0.41,driving 0.52; dark 0.48; rolling 0.48; dreamy 0.46
Antares (UK),Power of The People,123.0,progressive house,rolling,progressive house 0.58; tribal house 0.53; afro house 0.50; organic house 0.48,rolling 0.43; percussive 0.40; groovy 0.32; driving 0.32
"Antdot, Paulo Novaes, Nina Oliveira",Viagem Ao Centro Do Eu (Coragem) (Extended Mix),122.0,progressive house,rolling,progressive house 0.47; tribal house 0.46; breakbeat 0.41; soulful house 0.39,rolling 0.51; percussive 0.48; driving 0.46; dark 0.41
"Antdot, Riascode, Amanda Magalhaes",Maré (Original Mix),120.0,progressive house,rolling,progressive house 0.50; disco house 0.42; afro house 0.41; tribal house 0.41,rolling 0.48; percussive 0.46; raw 0.36; dark 0.36
Anthea,Distraction (Subb-an 5am Remix),125.0,progressive house,rolling,progressive house 0.63; peak time techno 0.52; organic house 0.51; afro house 0.51,rolling 0.49; driving 0.42; groovy 0.39; dark 0.39
Antrim,Crossing the Ocean,122.0,progressive house,rolling,progressive house 0.56; peak time techno 0.53; afro house 0.50; tech house 0.47,rolling 0.51; dark 0.42; driving 0.37; uplifting 0.35
Antrim,Crossing the Ocean,122.0,progressive house,rolling,progressive house 0.56; peak time techno 0.53; afro house 0.50; tech house 0.47,rolling 0.51; dark 0.42; driving 0.38; uplifting 0.35
Apparel Wax,005A1 (Original Mix),124.0,progressive house,percussive,progressive house 0.49; disco house 0.46; afro house 0.44; electronica 0.38,percussive 0.40; raw 0.36; groovy 0.36; rolling 0.36
Ari Bald & CJ Scott,Cloudy White,132.0,progressive house,percussive,progressive house 0.51; disco house 0.45; tribal house 0.40; afro house 0.39,percussive 0.48; rolling 0.46; driving 0.40; raw 0.36
Arkady Antsyrev,Tonight,127.0,progressive house,rolling,progressive house 0.67; afro house 0.57; disco house 0.57; organic house 0.52,rolling 0.43; groovy 0.38; percussive 0.36; driving 0.34
Arkady Antsyrev,Loud 'n Proud,129.0,progressive house,rolling,progressive house 0.63; peak time techno 0.51; afro house 0.50; organic house 0.49,rolling 0.44; percussive 0.41; dark 0.34; driving 0.33
Arkady Antsyrev & Legit Trip,Saint,125.0,progressive house,groovy,progressive house 0.61; afro house 0.58; organic house 0.52; disco house 0.52,groovy 0.41; rolling 0.41; uplifting 0.32; dreamy 0.31
Armin van Buuren feat. Josh Cumbee,Sunny Days (Club Mix),128.0,progressive house,rolling,progressive house 0.50; breakbeat 0.47; peak time techno 0.44; soulful house 0.41,rolling 0.52; driving 0.49; dark 0.49; uplifting 0.43
"Arutani, Sea Change",We Don't Know (Rezident Remix),125.0,progressive house,rolling,progressive house 0.53; electronica 0.46; soulful house 0.45; disco house 0.43,rolling 0.51; driving 0.49; raw 0.48; dark 0.48
"Assaf Michael, Reef Kopel",Montanita (Extended Mix),126.0,progressive house,rolling,progressive house 0.52; afro house 0.44; disco house 0.42; breakbeat 0.41,rolling 0.43; percussive 0.39; driving 0.35; dark 0.33
Astrality feat. Aiko,Restart My Heart,128.0,progressive house,rolling,progressive house 0.49; peak time techno 0.45; breakbeat 0.43; afro house 0.41,rolling 0.47; driving 0.42; dark 0.41; uplifting 0.38
"Astrality, MNRT, S:NE",Rain,124.0,progressive house,driving,progressive house 0.51; soulful house 0.47; electronica 0.45; disco house 0.44,driving 0.50; rolling 0.48; dark 0.47; uplifting 0.46
Astre,Dance With Me,127.0,progressive house,rolling,progressive house 0.62; afro house 0.54; disco house 0.54; organic house 0.50,rolling 0.46; groovy 0.45; driving 0.41; dark 0.38
AstroHertz,Velvet,128.0,progressive house,rolling,progressive house 0.56; afro house 0.56; disco house 0.52; peak time techno 0.49,rolling 0.50; groovy 0.45; dark 0.43; uplifting 0.43
Atmos Groove,Moon Resort,123.0,progressive house,rolling,progressive house 0.53; disco house 0.53; afro house 0.50; melodic house 0.45,rolling 0.48; groovy 0.47; uplifting 0.42; driving 0.41
"Audio Bullys, Chris Lorenzo, Max Styler",London's On Fire (Extended Mix),129.71,progressive house,rolling,progressive house 0.48; breakbeat 0.42; peak time techno 0.39; disco house 0.38,rolling 0.41; driving 0.39; percussive 0.37; dark 0.37
Audiojack,Outta Limits,125.0,progressive house,rolling,progressive house 0.59; disco house 0.46; afro house 0.44; deep house 0.44,rolling 0.47; driving 0.43; dark 0.42; groovy 0.40
Audiojack,Mover,128.0,progressive house,rolling,progressive house 0.57; peak time techno 0.46; afro house 0.44; organic house 0.43,rolling 0.44; percussive 0.38; dark 0.35; driving 0.34
Audiojack,Reverie,124.0,progressive house,rolling,progressive house 0.59; tribal house 0.55; peak time techno 0.51; organic house 0.50,rolling 0.53; percussive 0.48; dark 0.40; groovy 0.35
Audiojack & Jem Cooke,Feels Good (Original Mix),126.0,progressive house,rolling,progressive house 0.55; afro house 0.51; disco house 0.48; melodic house 0.43,rolling 0.49; groovy 0.45; driving 0.44; uplifting 0.42
Audiojack & Kevin Knapp,Get It (Extended),130.0,progressive house,rolling,progressive house 0.62; peak time techno 0.48; afro house 0.45; tech house 0.43,rolling 0.42; percussive 0.39; driving 0.34; dark 0.32
Augusto Gagliardi,Don't You Know (Extended Mix),125.0,progressive house,rolling,progressive house 0.55; soulful house 0.49; afro house 0.48; peak time techno 0.47,rolling 0.49; dark 0.45; driving 0.39; uplifting 0.39
Auphoria & Markus Homm,How About Some Lemonade,129.0,progressive house,rolling,progressive house 0.63; afro house 0.51; disco house 0.51; organic house 0.48,rolling 0.45; dark 0.38; percussive 0.37; driving 0.37
"Avi Snow, Sync, KOIL",Neverland (Extended),120.0,progressive house,rolling,progressive house 0.52; soulful house 0.51; electronica 0.46; melodic house 0.45,rolling 0.54; dark 0.49; driving 0.48; uplifting 0.45
Avicii Feat. Sebastien Drums,My Feelings For You (Mark Knight Extended Remix),124.0,progressive house,rolling,progressive house 0.51; peak time techno 0.44; breakbeat 0.42; disco house 0.41,rolling 0.47; percussive 0.45; driving 0.37; dark 0.35
Avision,Taking Over Me,128.0,progressive house,rolling,progressive house 0.53; afro house 0.42; peak time techno 0.42; tech house 0.40,rolling 0.43; driving 0.36; groovy 0.35; uplifting 0.33
Avision,Big Shot (Paco Osuna Remix),128.0,progressive house,rolling,progressive house 0.54; peak time techno 0.53; minimal techno 0.45; tech house 0.42,rolling 0.48; dark 0.42; driving 0.35; percussive 0.28
"Awen, Candy Man",Unstoppable (Monkey Safari Remix),124.0,progressive house,rolling,progressive house 0.55; afro house 0.49; organic house 0.49; soulful house 0.47,rolling 0.54; dark 0.44; driving 0.44; groovy 0.43
Axil Reece feat. T.Markakis,Sunday,124.0,progressive house,rolling,progressive house 0.52; peak time techno 0.40; afro house 0.39; breakbeat 0.38,rolling 0.44; driving 0.41; dark 0.39; percussive 0.36
Axone _ X_1,STB_04_ Son Des Steps,123.0,progressive house,rolling,progressive house 0.62; tribal house 0.53; afro house 0.44; organic house 0.43,rolling 0.44; percussive 0.40; driving 0.36; dark 0.33
Ayau,sybyrlaiyn,110.0,progressive house,driving,progressive house 0.45; disco house 0.42; electronica 0.40; breakbeat 0.38,driving 0.46; rolling 0.43; raw 0.43; uplifting 0.43
Ayau,kel kel :),122.0,progressive house,driving,progressive house 0.47; disco house 0.43; electronica 0.40; breakbeat 0.39,driving 0.46; rolling 0.45; dark 0.45; raw 0.44
Ayau,SÜI,120.0,progressive house,rolling,progressive house 0.50; disco house 0.41; breakbeat 0.38; afro house 0.36,rolling 0.39; driving 0.38; raw 0.36; dark 0.36
Ayybo & Dances With White Girls,Play Some Records (Extended Mix),127.0,progressive house,rolling,progressive house 0.54; afro house 0.45; peak time techno 0.43; disco house 0.43,rolling 0.35; percussive 0.34; dark 0.27; groovy 0.27
Azteca,Ensum (Alexis Cabrera Remix),123.0,progressive house,rolling,progressive house 0.56; afro house 0.53; disco house 0.47; peak time techno 0.44,rolling 0.42; groovy 0.35; uplifting 0.33; driving 0.33
Azuni,I Feel For You,124.0,progressive house,rolling,progressive house 0.64; afro house 0.56; disco house 0.54; organic house 0.49,rolling 0.42; groovy 0.39; dark 0.36; driving 0.36
Azzecca,Other Side (Extended Mix),125.0,progressive house,rolling,progressive house 0.58; afro house 0.55; peak time techno 0.54; soulful house 0.49,rolling 0.45; dark 0.39; driving 0.34; percussive 0.33
Âme,Asa (Original Mix),128.0,progressive house,rolling,progressive house 0.49; afro house 0.47; breakbeat 0.46; electronica 0.46,rolling 0.54; dark 0.44; warm 0.43; driving 0.40
BAKH,Soy Intisar (Extended Mix),129.0,progressive house,rolling,progressive house 0.54; afro house 0.49; disco house 0.48; tech house 0.44,rolling 0.49; driving 0.44; percussive 0.41; groovy 0.41
BIJOU,Mamacita,130.0,progressive house,rolling,progressive house 0.51; peak time techno 0.44; tech house 0.39; afro house 0.39,rolling 0.40; raw 0.37; driving 0.35; dark 0.34
"BIJOU, Datti (US)",Mind Eraser (Extended Mix),128.0,progressive house,rolling,progressive house 0.51; peak time techno 0.45; deep house 0.44; afro house 0.44,rolling 0.48; driving 0.44; dark 0.43; raw 0.42
BLOND:ISH & Eran Hersh & Darmon x Madonna,Sorry (with Madonna) (Original Mix),124.0,progressive house,rolling,progressive house 0.57; afro house 0.49; disco house 0.49; breakbeat 0.44,rolling 0.50; driving 0.44; groovy 0.42; dark 0.40
BNJ,Rising Star,121.0,progressive house,rolling,progressive house 0.56; disco house 0.48; afro house 0.45; breakbeat 0.40,rolling 0.46; driving 0.45; groovy 0.43; dark 0.41
BUNT.,Crown,128.0,progressive house,rolling,progressive house 0.48; breakbeat 0.46; electronica 0.46; tribal house 0.45,rolling 0.55; driving 0.51; dark 0.48; uplifting 0.45
"BUNT., Mapei",TRIPPIN,175.0,progressive house,rolling,progressive house 0.46; breakbeat 0.45; electronica 0.43; disco house 0.43,rolling 0.50; driving 0.47; raw 0.46; dark 0.45
BURAK SIS,Tura,123.0,progressive house,dreamy,progressive house 0.50; afro house 0.48; melodic house 0.44; tribal house 0.43,dreamy 0.43; rolling 0.38; uplifting 0.38; groovy 0.36
BURAK SIS,Orgsa,126.98,progressive house,rolling,progressive house 0.57; afro house 0.54; organic house 0.47; disco house 0.46,rolling 0.37; groovy 0.34; uplifting 0.30; dreamy 0.28
BURAK SIS,Nesrib (2019 Remaster),128.01,progressive house,percussive,progressive house 0.57; organic house 0.50; tech house 0.49; afro house 0.47,percussive 0.52; rolling 0.44; groovy 0.35; raw 0.35
Babsy,Amy,125.0,progressive house,dreamy,progressive house 0.45; afro house 0.44; melodic house 0.42; soulful house 0.38,dreamy 0.40; rolling 0.40; uplifting 0.38; raw 0.36
Babsy,Retro Romantic,126.0,progressive house,rolling,progressive house 0.57; afro house 0.44; disco house 0.44; soulful house 0.43,rolling 0.48; dark 0.45; driving 0.45; uplifting 0.43
Babsy,Social Distancing,123.0,progressive house,rolling,progressive house 0.54; afro house 0.50; melodic house 0.49; melodic techno 0.48,rolling 0.49; groovy 0.46; dreamy 0.45; driving 0.45
Bad Bunny,EoO,102.0,progressive house,percussive,progressive house 0.40; afro house 0.34; breakbeat 0.32; disco house 0.32,percussive 0.40; rolling 0.35; raw 0.34; driving 0.28
Bad Bunny,NUEVAYOL (Jiinio Remix),122.0,progressive house,percussive,progressive house 0.43; tribal house 0.39; afro house 0.33; disco house 0.33,percussive 0.44; rolling 0.31; raw 0.25; euphoric 0.23
Baddies Only,Aquí Las Colombianas (Extended Mix),127.0,progressive house,rolling,progressive house 0.57; afro house 0.47; tribal house 0.44; peak time techno 0.42,rolling 0.42; percussive 0.34; groovy 0.33; dark 0.30
Bajau & Because of Art,Deeper Water (Bajau Sundown Extended Mix),124.0,progressive house,rolling,progressive house 0.56; soulful house 0.50; afro house 0.49; peak time techno 0.46,rolling 0.54; dark 0.45; driving 0.45; uplifting 0.44
Bakermat,Baianá,122.45,progressive house,rolling,progressive house 0.51; disco house 0.48; breakbeat 0.45; afro house 0.44,rolling 0.50; driving 0.47; dark 0.44; groovy 0.43
Bakermat,You've Got Me Where You Want Me (Original Mix),126.0,progressive house,groovy,progressive house 0.47; disco house 0.45; afro house 0.39; electronica 0.39,groovy 0.44; driving 0.43; raw 0.42; rolling 0.40
Bambook,Humble Hearts,125.0,progressive house,dark,progressive house 0.49; melodic techno 0.42; deep house 0.41; electronica 0.39,dark 0.50; rolling 0.45; driving 0.44; raw 0.39
Baron (FR),DSCO (Extended Mix),126.0,progressive house,rolling,progressive house 0.53; tribal house 0.46; afro house 0.45; disco house 0.42,rolling 0.48; percussive 0.38; dark 0.36; driving 0.36
Baron (FR),What You Say,126.0,progressive house,rolling,progressive house 0.57; afro house 0.51; tribal house 0.46; disco house 0.45,rolling 0.43; percussive 0.40; groovy 0.32; driving 0.30
Barron,Sunshine (Original Mix),120.0,progressive house,rolling,progressive house 0.48; disco house 0.45; breakbeat 0.41; electronica 0.40,rolling 0.46; driving 0.46; raw 0.41; groovy 0.39
Barry Can't Swim,How It Feels,124.0,progressive house,rolling,progressive house 0.52; afro house 0.42; disco house 0.41; soulful house 0.41,rolling 0.48; raw 0.45; driving 0.44; uplifting 0.41
Barry Can't Swim,Still Riding,133.0,progressive house,rolling,progressive house 0.53; peak time techno 0.46; afro house 0.45; disco house 0.45,rolling 0.52; dark 0.45; driving 0.44; raw 0.42
Barry Can't Swim,Return To Bhibo,129.0,progressive house,rolling,progressive house 0.49; disco house 0.44; afro house 0.42; breakbeat 0.37,rolling 0.44; percussive 0.38; raw 0.35; driving 0.34
Bauhouse,Lemme Call You Right Back,125.0,progressive house,rolling,progressive house 0.48; afro house 0.45; disco house 0.42; peak time techno 0.41,rolling 0.36; percussive 0.33; groovy 0.33; raw 0.32
Bauhouse,Whole Lotta Groove (Original Mix),123.6,progressive house,rolling,progressive house 0.55; tribal house 0.45; afro house 0.44; disco house 0.43,rolling 0.45; percussive 0.39; driving 0.35; dark 0.35
"Bauhouse, Bona (BR)",I Should've Known (Coppola Remix),130.0,progressive house,rolling,progressive house 0.58; afro house 0.52; disco house 0.49; peak time techno 0.45,rolling 0.46; groovy 0.40; driving 0.40; dark 0.39
Bebbo,Reflections,122.0,progressive house,rolling,progressive house 0.60; afro house 0.53; peak time techno 0.52; tech house 0.50,rolling 0.47; groovy 0.36; driving 0.34; percussive 0.34
Beckwith,Craymal (Original Mix) ,120.0,progressive house,rolling,progressive house 0.52; soulful house 0.50; melodic house 0.48; melodic techno 0.46,rolling 0.52; driving 0.48; dark 0.47; uplifting 0.47
"Bedouin, Notre Dame",Make Me Feel (Notre Dame Remix),124.0,progressive house,rolling,progressive house 0.46; soulful house 0.45; electronica 0.44; breakbeat 0.43,rolling 0.53; dark 0.49; driving 0.49; uplifting 0.47
Bellaire,Street Blues,125.0,progressive house,rolling,progressive house 0.54; afro house 0.44; disco house 0.43; peak time techno 0.41,rolling 0.45; driving 0.40; percussive 0.40; groovy 0.37
Bellini,Samba de Janeiro - Mike & Me Edit,128.0,progressive house,rolling,progressive house 0.54; disco house 0.46; peak time techno 0.45; breakbeat 0.44,rolling 0.49; percussive 0.46; driving 0.40; dark 0.40
Beltran (BR),Smack Yo' (Original Mix),127.0,progressive house,rolling,progressive house 0.56; disco house 0.52; afro house 0.52; deep house 0.51,rolling 0.45; groovy 0.42; driving 0.38; raw 0.37
Ben Böhmer,After Earth,123.03,progressive house,rolling,progressive house 0.55; soulful house 0.54; melodic techno 0.54; peak time techno 0.51,rolling 0.55; dark 0.53; uplifting 0.50; driving 0.49
Ben Böhmer,Motherboard,126.0,progressive house,rolling,progressive house 0.55; afro house 0.49; deep house 0.49; minimal techno 0.48,rolling 0.49; dark 0.42; groovy 0.41; uplifting 0.41
Ben Böhmer,Submission,123.0,progressive house,rolling,progressive house 0.52; melodic techno 0.47; melodic house 0.47; soulful house 0.47,rolling 0.52; dark 0.47; driving 0.47; uplifting 0.46
Ben Böhmer & Romain Garcia,Cappadocia (Original Mix),123.0,progressive house,rolling,progressive house 0.50; peak time techno 0.48; soulful house 0.47; melodic techno 0.46,rolling 0.56; dark 0.52; driving 0.51; uplifting 0.45
Ben Böhmer & Timo Jahns,Cloud 21 (Bongbeck Extended Remix),124.0,progressive house,driving,progressive house 0.47; melodic techno 0.44; soulful house 0.43; breakbeat 0.43,driving 0.55; dark 0.51; rolling 0.50; dreamy 0.48
Ben Rau,Forme (Original Mix),126.0,progressive house,rolling,progressive house 0.62; peak time techno 0.52; organic house 0.50; afro house 0.49,rolling 0.44; dark 0.35; driving 0.35; groovy 0.33
"Ben Rau, Oden & Fatzo",Calling Out Your Name (I Can't Sleep),131.0,progressive house,rolling,progressive house 0.57; peak time techno 0.47; disco house 0.47; afro house 0.46,rolling 0.49; driving 0.45; dark 0.44; groovy 0.42
Benet,Foolture,119.0,progressive house,rolling,progressive house 0.58; afro house 0.52; disco house 0.50; organic house 0.43,rolling 0.41; groovy 0.35; raw 0.35; uplifting 0.32
Benji (UK),Shine Like Stars (Extended Mix),120.0,progressive house,percussive,progressive house 0.40; electronica 0.39; afro house 0.37; breakbeat 0.36,percussive 0.46; rolling 0.44; raw 0.43; driving 0.40
Benno Blome,Abotha (Mihai Popoviciu Remix),122.0,progressive house,rolling,progressive house 0.57; afro house 0.56; disco house 0.54; organic house 0.46,rolling 0.41; groovy 0.41; driving 0.31; uplifting 0.31
Benny Benassi,I Love My Sex,130.0,progressive house,rolling,progressive house 0.48; peak time techno 0.47; afro house 0.42; breakbeat 0.41,rolling 0.46; percussive 0.40; raw 0.38; dark 0.37
Benny Benassi,Satisfaction,130.0,progressive house,raw,progressive house 0.46; peak time techno 0.43; afro house 0.34; deep house 0.34,raw 0.36; rolling 0.36; dark 0.33; percussive 0.31
Bent,Always (Ashley Beedle's Mahavishnu Remix),125.0,progressive house,rolling,progressive house 0.50; afro house 0.49; disco house 0.47; breakbeat 0.40,rolling 0.47; groovy 0.41; driving 0.38; uplifting 0.36
Betoko,Raining Again,120.0,progressive house,rolling,progressive house 0.56; afro house 0.51; disco house 0.48; peak time techno 0.45,rolling 0.49; groovy 0.44; driving 0.43; dark 0.43
Bicep,Opal (Four Tet Remix),127.0,progressive house,driving,progressive house 0.48; melodic house 0.48; electronica 0.46; disco house 0.45,driving 0.51; rolling 0.49; uplifting 0.47; groovy 0.45
Bicep,Apricots (Huminal's Tricep Remix),125.0,progressive house,rolling,progressive house 0.48; breakbeat 0.47; electronica 0.45; disco house 0.42,rolling 0.53; driving 0.52; dark 0.46; groovy 0.45
Bicep,Glue,130.0,progressive house,rolling,progressive house 0.47; breakbeat 0.44; afro house 0.42; disco house 0.42,rolling 0.46; driving 0.45; groovy 0.42; uplifting 0.42
"Birds of Mind & ramyen, Juliann",Long Kiss Goodnight (Original Mix),126.0,progressive house,rolling,progressive house 0.56; afro house 0.48; peak time techno 0.46; disco house 0.45,rolling 0.48; groovy 0.42; driving 0.41; uplifting 0.39
Biscits,Don't Stop (Original Mix),127.0,progressive house,rolling,progressive house 0.61; disco house 0.51; afro house 0.50; peak time techno 0.48,rolling 0.49; driving 0.44; dark 0.43; groovy 0.42
Biscits,Crush,132.38,progressive house,rolling,progressive house 0.55; afro house 0.48; disco house 0.48; peak time techno 0.47,rolling 0.45; driving 0.40; dark 0.39; groovy 0.36
Biscits & Camden Cox,365 (Extended Mix),127.0,progressive house,rolling,progressive house 0.56; afro house 0.43; peak time techno 0.43; disco house 0.43,rolling 0.41; percussive 0.38; driving 0.35; raw 0.34
"BizZa, LondonGround",Golden Party (Original Mix),128.0,progressive house,rolling,progressive house 0.58; disco house 0.46; afro house 0.45; peak time techno 0.44,rolling 0.41; driving 0.35; groovy 0.32; percussive 0.31
Black Loops,Suki (feat. Riccardo Paffetti),121.0,progressive house,driving,progressive house 0.52; disco house 0.46; afro house 0.43; melodic house 0.43,driving 0.47; rolling 0.47; groovy 0.46; uplifting 0.43
Black Loops,Sex,121.0,progressive house,driving,progressive house 0.50; disco house 0.45; electronica 0.45; breakbeat 0.45,driving 0.50; raw 0.46; rolling 0.44; groovy 0.42
Black Loops,Higher,124.0,progressive house,rolling,progressive house 0.64; afro house 0.50; organic house 0.50; peak time techno 0.50,rolling 0.46; dark 0.37; driving 0.36; groovy 0.35
Black Loops,Blue Pill (Original Mix),122.0,progressive house,rolling,progressive house 0.49; afro house 0.47; melodic house 0.46; disco house 0.43,rolling 0.46; groovy 0.43; driving 0.42; dreamy 0.41
Black Loops,Baustelle,124.0,progressive house,driving,progressive house 0.51; disco house 0.43; breakbeat 0.43; deep house 0.43,driving 0.46; rolling 0.45; dark 0.44; groovy 0.44
"Black Loops, Nikos Haropoulos",King Paul,125.0,progressive house,rolling,progressive house 0.55; afro house 0.50; disco house 0.48; melodic house 0.45,rolling 0.43; groovy 0.42; driving 0.38; uplifting 0.37
Blank Sense,Monaco,130.0,progressive house,percussive,progressive house 0.51; afro house 0.46; disco house 0.45; organic house 0.44,percussive 0.55; rolling 0.44; groovy 0.37; driving 0.35
Blaze,Do You Remember House? (feat. Palmer Brown),124.0,progressive house,percussive,progressive house 0.52; peak time techno 0.44; afro house 0.43; disco house 0.42,percussive 0.45; rolling 0.41; driving 0.34; groovy 0.31
"Blond:ish, Bantu",Can't Let You Go,120.0,progressive house,rolling,progressive house 0.46; afro house 0.41; tribal house 0.41; disco house 0.37,rolling 0.42; percussive 0.38; driving 0.35; raw 0.35
"Blond:ish, Francis Mercier, Amadou & Mariam",Sete,125.0,progressive house,rolling,progressive house 0.48; disco house 0.43; afro house 0.43; breakbeat 0.37,rolling 0.42; raw 0.40; percussive 0.39; driving 0.38
Bloody Boy,Rejoice,132.0,progressive house,rolling,progressive house 0.58; afro house 0.54; disco house 0.52; organic house 0.47,rolling 0.49; groovy 0.45; driving 0.43; uplifting 0.41
Bob Marley & The Wailers,Jamming (Fisher Extended Rework),126.0,progressive house,rolling,progressive house 0.51; disco house 0.43; breakbeat 0.43; afro house 0.41,rolling 0.45; percussive 0.42; driving 0.40; dark 0.38
"Bob Marley & The Wailers, LP Giobbi",Could You Be Loved (Extended Mix),123.0,progressive house,rolling,progressive house 0.42; electronica 0.38; disco house 0.36; breakbeat 0.34,rolling 0.42; driving 0.40; raw 0.39; percussive 0.39
Bob Moses,Like It or Not (Joris Voorn Remix),124.0,progressive house,percussive,progressive house 0.48; afro house 0.48; electronica 0.47; peak time techno 0.46,percussive 0.54; rolling 0.53; groovy 0.43; driving 0.41
Bob Moses & ZHU,Desire (Solomun Remix),120.0,progressive house,rolling,progressive house 0.56; peak time techno 0.52; afro house 0.48; organic house 0.46,rolling 0.56; dark 0.48; driving 0.44; groovy 0.40
Bob Sinclair,World Hold On feat. Steve Edwards (Fisher Rework Extended Mix),127.0,progressive house,percussive,progressive house 0.47; afro house 0.44; disco house 0.40; tribal house 0.35,percussive 0.39; rolling 0.37; groovy 0.32; driving 0.32
Bobby Shmurda & SIDEPIECE,Cash Out (Extended Mix),130.0,progressive house,rolling,progressive house 0.52; disco house 0.44; afro house 0.43; breakbeat 0.42,rolling 0.42; driving 0.39; dark 0.38; groovy 0.36
Boddika & Joy Orbison,&Fate,127.0,progressive house,rolling,progressive house 0.58; peak time techno 0.44; afro house 0.44; disco house 0.43,rolling 0.43; dark 0.37; driving 0.36; raw 0.32
Bodhi,Haute (Dub),123.0,progressive house,rolling,progressive house 0.53; afro house 0.50; disco house 0.48; melodic house 0.47,rolling 0.45; uplifting 0.43; groovy 0.42; driving 0.41
Bodyrox feat. Luciana,Yeah Yeah,126.0,progressive house,rolling,progressive house 0.57; afro house 0.48; disco house 0.47; peak time techno 0.45,rolling 0.45; percussive 0.35; driving 0.33; dark 0.33
Bombay Traffic,Soul Brother (Superlover Remix),124.0,progressive house,rolling,progressive house 0.58; disco house 0.45; afro house 0.45; peak time techno 0.43,rolling 0.44; driving 0.37; groovy 0.35; dark 0.35
Bombdogs,I Can't Explain (Original Mix),127.45,progressive house,rolling,progressive house 0.57; afro house 0.54; melodic house 0.54; peak time techno 0.52,rolling 0.53; groovy 0.48; dark 0.43; uplifting 0.39
Bombdogs,I Can't Explain (Lawler's Summer Of Love Mix),127.51,progressive house,rolling,progressive house 0.53; soulful house 0.53; peak time techno 0.53; melodic techno 0.51,rolling 0.47; dark 0.46; groovy 0.42; uplifting 0.40
Bonafique,Sunday Routine (Extended Mix),124.0,progressive house,rolling,progressive house 0.57; afro house 0.46; peak time techno 0.45; disco house 0.44,rolling 0.46; percussive 0.44; dark 0.35; driving 0.34
"Bonafique, KADI (IL)",Jazzmin,124.0,progressive house,rolling,progressive house 0.53; peak time techno 0.50; afro house 0.48; disco house 0.43,rolling 0.46; driving 0.40; dark 0.38; groovy 0.37
"Bonetti, Vertigini",Good Things (Vertigini Remix),123.0,progressive house,rolling,progressive house 0.52; afro house 0.48; disco house 0.47; breakbeat 0.40,rolling 0.44; groovy 0.41; uplifting 0.39; driving 0.39
Bontan,Bernaged,123.0,progressive house,percussive,progressive house 0.55; tribal house 0.46; afro house 0.45; disco house 0.43,percussive 0.42; rolling 0.40; driving 0.28; dark 0.28
Bontan feat. Zentola,Play In This Feeling (Extended Mix),124.0,progressive house,rolling,progressive house 0.63; tribal house 0.52; afro house 0.51; disco house 0.49,rolling 0.47; percussive 0.44; dark 0.34; driving 0.32
"Bontan, Bantu, Dr. Chaii",Too Much,125.0,progressive house,percussive,progressive house 0.55; tribal house 0.48; afro house 0.43; disco house 0.42,percussive 0.46; rolling 0.36; groovy 0.27; driving 0.27
"Boogie Vice, Deep Aztec, N-You-Up",Promises (N-You-Up Extended Dub Mix),122.0,progressive house,rolling,progressive house 0.50; disco house 0.43; afro house 0.43; breakbeat 0.36,rolling 0.39; groovy 0.38; driving 0.38; raw 0.37
Booka Shade,Right Now (P.I.N. 4) (Chris Luno Extended Remix),124.0,progressive house,rolling,progressive house 0.53; peak time techno 0.50; soulful house 0.47; organic house 0.46,rolling 0.49; dark 0.42; driving 0.41; uplifting 0.39
Booka Shade,Love Inc. (Original Mix),123.0,progressive house,rolling,progressive house 0.55; soulful house 0.54; melodic techno 0.52; melodic house 0.51,rolling 0.57; dark 0.55; driving 0.53; uplifting 0.50
"Booka Shade, Kaktus Einarsson, Ben Böhmer",Perfect in a Way,121.0,progressive house,rolling,progressive house 0.48; peak time techno 0.44; breakbeat 0.43; electronica 0.42,rolling 0.50; dark 0.46; driving 0.46; raw 0.42
Borrowed Identity & Mechanical Soul Brother,Groove On,118.0,progressive house,groovy,progressive house 0.58; disco house 0.55; afro house 0.48; organic house 0.46,groovy 0.44; rolling 0.43; driving 0.40; raw 0.34
"Boxer, Solar Sentience",Your Hand In Mine,122.93,progressive house,rolling,progressive house 0.52; soulful house 0.50; afro house 0.49; peak time techno 0.48,rolling 0.56; dark 0.47; driving 0.44; uplifting 0.41
Boys Noize,FVKVRVND,142.0,progressive house,percussive,progressive house 0.41; peak time techno 0.41; electronica 0.33; breakbeat 0.32,percussive 0.42; raw 0.41; dark 0.37; rolling 0.35
Brain De Palma,Particle Fever,133.0,progressive house,rolling,progressive house 0.54; peak time techno 0.50; afro house 0.50; tech house 0.48,rolling 0.45; groovy 0.36; percussive 0.35; uplifting 0.34
Brain de Palma,Mind The Gap,133.0,progressive house,rolling,progressive house 0.58; afro house 0.56; peak time techno 0.50; organic house 0.50,rolling 0.50; percussive 0.45; groovy 0.40; driving 0.37
Brame & Hamo,Garlic Fist Pump (Original Mix),116.0,progressive house,driving,progressive house 0.48; disco house 0.39; breakbeat 0.36; afro house 0.35,driving 0.38; groovy 0.37; rolling 0.36; raw 0.34
Brame & Hamo,Limewire (Original Mix),128.0,progressive house,rolling,progressive house 0.57; tribal house 0.52; disco house 0.50; afro house 0.48,rolling 0.50; driving 0.46; percussive 0.42; groovy 0.42
Brame & Hamo,Hotshot,118.0,progressive house,groovy,progressive house 0.53; disco house 0.45; afro house 0.44; melodic house 0.38,groovy 0.40; raw 0.38; uplifting 0.38; driving 0.38
Braxton,Yoruba (Extended Club Mix),124.0,progressive house,rolling,progressive house 0.56; peak time techno 0.55; soulful house 0.50; afro house 0.49,rolling 0.52; dark 0.44; driving 0.43; uplifting 0.40
Breezy S,Sound Amplitude,120.0,progressive house,rolling,progressive house 0.49; afro house 0.42; melodic techno 0.41; melodic house 0.41,rolling 0.44; dark 0.42; driving 0.39; groovy 0.37
Breezy S,Synergy,129.0,progressive house,rolling,progressive house 0.57; afro house 0.52; disco house 0.50; peak time techno 0.46,rolling 0.44; percussive 0.36; driving 0.35; groovy 0.35
"Brent Faiyaz, &friends, JOSEPH (CH)",Jackie B (Extended),120.0,progressive house,rolling,progressive house 0.49; disco house 0.43; electronica 0.41; afro house 0.40,rolling 0.52; raw 0.49; driving 0.48; percussive 0.46
Brian Cid,Symbiosis (Original Mix),121.0,progressive house,rolling,progressive house 0.61; peak time techno 0.56; afro house 0.56; deep house 0.53,rolling 0.56; dark 0.49; groovy 0.44; driving 0.43
Brick,Feel You,136.0,progressive house,rolling,progressive house 0.55; peak time techno 0.47; organic house 0.44; tribal house 0.43,rolling 0.43; percussive 0.36; driving 0.36; raw 0.32
Broken Hill,Rock It Like (Original Mix),126.0,progressive house,rolling,progressive house 0.57; peak time techno 0.52; minimal techno 0.46; breakbeat 0.45,rolling 0.51; dark 0.43; driving 0.40; groovy 0.36
Brokenears,Lost Day,125.0,progressive house,rolling,progressive house 0.63; afro house 0.54; disco house 0.52; organic house 0.49,rolling 0.46; percussive 0.41; groovy 0.37; driving 0.37
Brokenears,Let Me Tell (Original Mix),124.0,progressive house,percussive,progressive house 0.51; afro house 0.46; peak time techno 0.45; organic house 0.44,percussive 0.50; rolling 0.49; dark 0.40; raw 0.39
Brokenears,U Say (Extended Mix),126.0,progressive house,rolling,progressive house 0.61; disco house 0.52; afro house 0.51; peak time techno 0.51,rolling 0.48; dark 0.45; driving 0.39; raw 0.39
Bruce Leroys & Letícia Fialho,Maravilha Marginal (Aureum Dub Version),125.0,progressive house,rolling,progressive house 0.56; afro house 0.46; disco house 0.46; electronica 0.42,rolling 0.42; percussive 0.39; raw 0.39; dark 0.36
Bruce Trail,Bridgework (Original Mix),123.0,progressive house,raw,progressive house 0.48; disco house 0.43; afro house 0.41; electronica 0.35,raw 0.42; rolling 0.38; groovy 0.34; driving 0.34
Brunello,Known...Unknown... (Original Mix),130.0,progressive house,rolling,progressive house 0.64; peak time techno 0.56; afro house 0.56; tech house 0.55,rolling 0.49; dark 0.39; groovy 0.37; driving 0.37
Brunello,Ghost Dance (Original Mix),125.0,progressive house,rolling,progressive house 0.51; afro house 0.51; soulful house 0.47; melodic house 0.45,rolling 0.50; uplifting 0.43; groovy 0.42; driving 0.41
Brunello,Melted (Dusty Clown Mix),125.0,progressive house,rolling,progressive house 0.58; afro house 0.50; peak time techno 0.47; organic house 0.46,rolling 0.45; driving 0.38; groovy 0.36; uplifting 0.33
"Brunello, Hilel Lev",Apathy,127.0,progressive house,rolling,progressive house 0.62; peak time techno 0.52; afro house 0.48; organic house 0.48,rolling 0.44; percussive 0.40; dark 0.35; driving 0.35
Bruninho & DAVI,Lie Machine,121.0,progressive house,rolling,progressive house 0.52; soulful house 0.50; afro house 0.49; tribal house 0.48,rolling 0.55; driving 0.49; uplifting 0.47; percussive 0.44
Bruno Bona,Marcane,128.0,progressive house,percussive,progressive house 0.52; afro house 0.43; tribal house 0.42; disco house 0.39,percussive 0.42; rolling 0.37; groovy 0.28; raw 0.27
Bruno Furlan,NY to LA,129.0,progressive house,rolling,progressive house 0.49; disco house 0.43; afro house 0.43; breakbeat 0.41,rolling 0.35; groovy 0.34; driving 0.33; percussive 0.28
Bruno Mars & Missy Elliott,Work it Magic (Royal Funk Edit),112.0,progressive house,rolling,progressive house 0.45; breakbeat 0.43; disco house 0.41; afro house 0.36,rolling 0.41; driving 0.40; percussive 0.38; raw 0.37
Bruss,Essa mina e um perigo,131.0,progressive house,percussive,progressive house 0.52; tribal house 0.42; afro house 0.41; disco house 0.41,percussive 0.50; rolling 0.41; driving 0.32; raw 0.31
"Buba, Far&High",Control (Extended Mix),125.0,progressive house,rolling,progressive house 0.57; disco house 0.52; afro house 0.52; peak time techno 0.50,rolling 0.51; dark 0.45; groovy 0.45; driving 0.44
Budakid & Rromarin,Better O'be New (Roy Rosenfeld Extended Remix),122.0,progressive house,rolling,progressive house 0.55; peak time techno 0.54; afro house 0.50; soulful house 0.48,rolling 0.56; driving 0.44; percussive 0.44; dark 0.42
Bunny Sigler & Paisley Jensen,Way You Move (Extended Mix),126.0,progressive house,rolling,progressive house 0.51; afro house 0.44; disco house 0.44; breakbeat 0.39,rolling 0.44; percussive 0.42; driving 0.38; raw 0.37
Buogo,African Path (Original Mix),130.0,progressive house,rolling,progressive house 0.48; afro house 0.41; peak time techno 0.40; disco house 0.39,rolling 0.42; driving 0.41; dark 0.39; groovy 0.39
Byron The Aquarius,Is She Here,123.0,progressive house,rolling,progressive house 0.56; peak time techno 0.44; tribal house 0.42; organic house 0.42,rolling 0.46; driving 0.43; dark 0.41; uplifting 0.37
CASSIMM,Shined On Me,126.0,progressive house,rolling,progressive house 0.59; disco house 0.45; afro house 0.45; peak time techno 0.42,rolling 0.36; percussive 0.31; raw 0.29; groovy 0.28
CAYAM,No Stress (Version 2),125.0,progressive house,percussive,progressive house 0.58; tribal house 0.52; afro house 0.51; organic house 0.48,percussive 0.48; rolling 0.43; groovy 0.36; driving 0.33
CAYAM,No Stress (Version 1),125.0,progressive house,rolling,progressive house 0.61; afro house 0.53; disco house 0.51; tribal house 0.49,rolling 0.36; percussive 0.35; groovy 0.31; driving 0.24
CHRONOSONDER,Start Movin,125.0,progressive house,groovy,progressive house 0.61; afro house 0.58; disco house 0.54; organic house 0.49,groovy 0.46; rolling 0.45; uplifting 0.42; dreamy 0.39
CINTHIE,Mellifluous,127.0,progressive house,rolling,progressive house 0.56; afro house 0.49; disco house 0.49; melodic house 0.41,rolling 0.47; driving 0.41; dark 0.40; groovy 0.40
CRi,Lonely Romance (Original Mix),120.0,progressive house,rolling,progressive house 0.49; breakbeat 0.47; soulful house 0.43; electronica 0.41,rolling 0.52; driving 0.51; dark 0.46; uplifting 0.44
"Cajmere, Dajae",Brighter Days (Marco Lys Remix) [Wh0 Edit],126.0,progressive house,rolling,progressive house 0.58; afro house 0.44; disco house 0.44; tech house 0.43,rolling 0.39; driving 0.36; percussive 0.35; groovy 0.31
Calabasa,Who's The Blacksheep,123.0,progressive house,rolling,progressive house 0.58; afro house 0.53; disco house 0.52; organic house 0.51,rolling 0.46; groovy 0.45; driving 0.39; percussive 0.39
Calabasa,Adult Affairs,125.0,progressive house,rolling,progressive house 0.55; afro house 0.45; disco house 0.42; peak time techno 0.40,rolling 0.36; raw 0.34; groovy 0.32; percussive 0.31
Calabasa,Catching Wesley,123.0,progressive house,rolling,progressive house 0.57; disco house 0.52; afro house 0.49; organic house 0.44,rolling 0.38; groovy 0.35; driving 0.31; raw 0.29
Calcou,Closer (Extended Mix),125.0,progressive house,rolling,progressive house 0.50; peak time techno 0.44; breakbeat 0.43; soulful house 0.42,rolling 0.54; dark 0.48; driving 0.47; raw 0.44
Calvin Harris,I'm Not Alone (MPH Extended Remix),135.0,progressive house,rolling,progressive house 0.48; peak time techno 0.45; afro house 0.44; breakbeat 0.43,rolling 0.48; percussive 0.37; driving 0.37; dark 0.36
"Calvin Harris, 6LACK & Donae'o",Nothing More To Say,110.0,progressive house,driving,progressive house 0.45; disco house 0.41; breakbeat 0.40; electronica 0.36,driving 0.45; rolling 0.42; groovy 0.40; raw 0.39
"Calvin Harris, Clementine Douglas",Blessings (Original Mix),130.01,progressive house,rolling,progressive house 0.52; disco house 0.42; afro house 0.42; breakbeat 0.41,rolling 0.46; driving 0.43; dark 0.40; raw 0.40
"Calvin Harris, Clementine Douglas",Blessings (Max Styler Extended Remix),130.0,progressive house,rolling,progressive house 0.50; peak time techno 0.47; afro house 0.45; breakbeat 0.43,rolling 0.47; driving 0.42; dark 0.41; percussive 0.39
CamelPhat,Hangin' Out With Charlie (Original Mix),123.0,progressive house,groovy,progressive house 0.52; afro house 0.46; disco house 0.45; peak time techno 0.39,groovy 0.38; percussive 0.36; rolling 0.35; driving 0.33
CamelPhat & Cari Golden,Temperament Of The Beat (Original Mix),120.38,progressive house,percussive,progressive house 0.57; afro house 0.57; organic house 0.54; tech house 0.52,percussive 0.48; rolling 0.40; groovy 0.36; raw 0.31
CamelPhat & Jake Bugg,Be Someone (Extended Mix),122.0,progressive house,rolling,progressive house 0.53; peak time techno 0.47; tech house 0.46; afro house 0.45,rolling 0.50; dark 0.43; driving 0.43; raw 0.43
CamelPhat feat. Josh Gigante,Your Mind,127.0,progressive house,rolling,progressive house 0.58; peak time techno 0.54; afro house 0.52; minimal techno 0.51,rolling 0.47; dark 0.39; groovy 0.37; driving 0.36
"CamelPhat, Massano, David ODowda",Glowing (Extended Mix),124.0,progressive house,rolling,progressive house 0.49; peak time techno 0.45; soulful house 0.42; afro house 0.41,rolling 0.46; dark 0.44; driving 0.42; uplifting 0.42
"CamelPhat, Rafael Cerato & Amarha",Don't Stop (Extended Mix),128.0,progressive house,rolling,progressive house 0.53; peak time techno 0.50; breakbeat 0.46; minimal techno 0.44,rolling 0.46; dark 0.42; driving 0.39; groovy 0.32
Camelphat,NYP2,124.0,progressive house,rolling,progressive house 0.50; melodic techno 0.45; peak time techno 0.45; soulful house 0.44,rolling 0.55; dark 0.50; driving 0.42; raw 0.40
"Camelphat, Elderbrook",Cola (Astrality Remix),129.0,progressive house,rolling,progressive house 0.55; afro house 0.49; disco house 0.47; tech house 0.45,rolling 0.43; percussive 0.43; driving 0.36; groovy 0.36
Cameo Blush,Essa,135.97,progressive house,rolling,progressive house 0.49; afro house 0.39; tribal house 0.39; tech house 0.38,rolling 0.39; percussive 0.38; raw 0.32; driving 0.28
Camiel Daamen,Todo Claro (Original Mix),125.7,progressive house,rolling,progressive house 0.56; disco house 0.54; afro house 0.54; organic house 0.46,rolling 0.39; groovy 0.39; dark 0.32; uplifting 0.32
Camilo Montezuma,Reborn (Flaminik Remix),123.0,progressive house,rolling,progressive house 0.49; afro house 0.48; tribal house 0.48; soulful house 0.48,rolling 0.58; percussive 0.49; driving 0.48; uplifting 0.48
"Canu, Nu, DAVI, Alejandro Castelli",Mariposa (DAVI Remix),121.0,progressive house,rolling,progressive house 0.56; afro house 0.50; melodic house 0.48; soulful house 0.47,rolling 0.47; groovy 0.43; dreamy 0.43; driving 0.42
Capron,909 (Oh Oh),129.0,progressive house,rolling,progressive house 0.66; peak time techno 0.55; afro house 0.54; organic house 0.53,rolling 0.48; dark 0.44; groovy 0.42; driving 0.41
"Captain Mustache, Chicks On Speed",Shifting Basslines (Whitesquare Mix),127.0,progressive house,rolling,progressive house 0.53; peak time techno 0.47; breakbeat 0.45; afro house 0.44,rolling 0.51; dark 0.41; driving 0.41; groovy 0.37
Caribou,Climbing (Solomun Club Edit),128.0,progressive house,rolling,progressive house 0.54; disco house 0.49; breakbeat 0.47; afro house 0.47,rolling 0.53; driving 0.49; dark 0.47; uplifting 0.44
Caribou,Climbing (Solomun Remix),128.0,progressive house,rolling,progressive house 0.53; breakbeat 0.49; disco house 0.47; tribal house 0.46,rolling 0.54; driving 0.49; dark 0.46; percussive 0.42
Carl Bee,Sinfonia,126.0,progressive house,rolling,progressive house 0.47; electronica 0.42; tribal house 0.42; breakbeat 0.41,rolling 0.55; euphoric 0.43; driving 0.43; dark 0.42
Carl Cox,Want You (Forever) (Josh Butler Remix),126.0,progressive house,rolling,progressive house 0.48; tribal house 0.39; afro house 0.38; disco house 0.37,rolling 0.43; raw 0.37; percussive 0.36; dark 0.35
"Carl Cox, Fatboy Slim, Dan Diamond",Speed Trials On Acid (LF SYSTEM Remix Extended),130.16,progressive house,rolling,progressive house 0.52; peak time techno 0.49; afro house 0.49; organic house 0.45,rolling 0.48; dark 0.41; percussive 0.40; driving 0.40
"Carl Craig, Bicep",Vision Of Love (C2 Edit),123.0,progressive house,percussive,progressive house 0.58; disco house 0.50; afro house 0.47; tribal house 0.39,percussive 0.38; rolling 0.36; groovy 0.34; raw 0.32
Carlita,Bon Trip,119.0,progressive house,rolling,progressive house 0.52; afro house 0.51; melodic house 0.49; peak time techno 0.48,rolling 0.51; groovy 0.41; dark 0.40; uplifting 0.39
Carlita,Planet Blue (feat. Cleo Simone),129.0,progressive house,rolling,progressive house 0.46; electronica 0.43; breakbeat 0.39; disco house 0.38,rolling 0.48; driving 0.43; raw 0.43; dark 0.41
Carlita,Cash For Love (Extended Mix),125.0,progressive house,percussive,progressive house 0.53; tribal house 0.47; afro house 0.45; disco house 0.44,percussive 0.45; rolling 0.40; groovy 0.32; driving 0.30
Carlo,Tengo (Bisiesto Mix),124.0,progressive house,rolling,progressive house 0.57; afro house 0.46; peak time techno 0.46; organic house 0.46,rolling 0.43; percussive 0.40; groovy 0.37; driving 0.36
Carlo,Anais,124.0,progressive house,rolling,progressive house 0.53; organic house 0.44; peak time techno 0.44; afro house 0.43,rolling 0.40; dark 0.34; groovy 0.34; driving 0.32
Carlo,Starting Tomorrow (Original Mix),124.0,progressive house,driving,progressive house 0.54; disco house 0.48; afro house 0.44; breakbeat 0.43,driving 0.50; rolling 0.47; groovy 0.47; dark 0.43
Carlo,Agua,124.0,progressive house,rolling,progressive house 0.62; organic house 0.50; afro house 0.48; peak time techno 0.48,rolling 0.45; dark 0.38; groovy 0.38; driving 0.37
Carlos Pineda,Sabrosito,130.0,progressive house,rolling,progressive house 0.60; afro house 0.52; disco house 0.51; organic house 0.48,rolling 0.47; percussive 0.42; groovy 0.40; driving 0.38
"Carlos Vives, Wakyin",Beso (Fruta Fresca) (Extended Mix),124.0,progressive house,percussive,progressive house 0.44; tribal house 0.43; afro house 0.35; disco house 0.33,percussive 0.40; rolling 0.37; raw 0.30; driving 0.25
Carola,Sujeito De Sorte,125.0,progressive house,rolling,progressive house 0.51; peak time techno 0.49; afro house 0.47; disco house 0.45,rolling 0.47; driving 0.42; groovy 0.41; percussive 0.40
Cassian,SOS (Extended Mix),128.0,progressive house,rolling,progressive house 0.52; breakbeat 0.46; disco house 0.42; afro house 0.41,rolling 0.46; dark 0.41; driving 0.41; raw 0.34
"Cassian, Matt Ryder",Feeling I Miss (SAMA Remix),125.0,progressive house,rolling,progressive house 0.51; peak time techno 0.47; electronica 0.45; afro house 0.44,rolling 0.54; dark 0.45; percussive 0.44; driving 0.42
Cassimm,Dances with Wolves (Shus & Seballos Remix),124.0,progressive house,rolling,progressive house 0.54; peak time techno 0.48; afro house 0.43; minimal techno 0.42,rolling 0.47; dark 0.40; driving 0.37; uplifting 0.31
Cassimm,Love Desire,126.0,progressive house,rolling,progressive house 0.55; afro house 0.49; peak time techno 0.46; disco house 0.44,rolling 0.46; dark 0.36; driving 0.35; groovy 0.35
"Catz 'n Dogz feat. Zensofly, Maxville",Wave (Kassian Remix),126.0,progressive house,rolling,progressive house 0.57; tribal house 0.48; disco house 0.47; afro house 0.47,rolling 0.49; driving 0.45; groovy 0.42; uplifting 0.42
Cesar De Melero pres. D.O.D.,1 2 3 4 (David Penn Remix),125.0,progressive house,rolling,progressive house 0.62; disco house 0.55; afro house 0.53; peak time techno 0.47,rolling 0.50; percussive 0.46; groovy 0.44; driving 0.43
Cesar De Melero pres. D.O.D.,1 2 3 4 (De Pompidou Mix),131.0,progressive house,rolling,progressive house 0.58; disco house 0.57; afro house 0.52; organic house 0.42,rolling 0.39; groovy 0.38; raw 0.35; driving 0.33
Chab,My Memory (Romanian Edit),123.99,progressive house,rolling,progressive house 0.61; peak time techno 0.59; tech house 0.54; organic house 0.53,rolling 0.49; dark 0.38; driving 0.37; groovy 0.37
Chambord,Mamentia (Original Mix),119.0,progressive house,rolling,progressive house 0.49; tribal house 0.46; afro house 0.44; electronica 0.42,rolling 0.47; percussive 0.45; driving 0.39; uplifting 0.37
Chambord,Wonderland (Original Mix),116.0,progressive house,rolling,progressive house 0.63; afro house 0.57; disco house 0.54; tribal house 0.53,rolling 0.46; groovy 0.42; percussive 0.37; driving 0.37
Chambord,Wonderland (Carlita Remix),120.0,progressive house,rolling,progressive house 0.59; afro house 0.53; peak time techno 0.52; tribal house 0.51,rolling 0.55; dark 0.42; groovy 0.41; driving 0.41
Chambord & Jaguar Jaguar,Born In Blue (Original Mix),118.0,progressive house,rolling,progressive house 0.49; breakbeat 0.48; electronica 0.47; soulful house 0.44,rolling 0.58; dark 0.54; driving 0.52; euphoric 0.41
Channel Tres,Topdown,120.0,progressive house,rolling,progressive house 0.58; disco house 0.47; afro house 0.43; breakbeat 0.41,rolling 0.43; driving 0.42; dark 0.40; groovy 0.38
Channel Tres,All My Friends,124.0,progressive house,rolling,progressive house 0.54; afro house 0.49; disco house 0.46; melodic house 0.43,rolling 0.45; groovy 0.42; driving 0.39; uplifting 0.39
Chaos In The CBD,Girl Like You (Original Mix),122.0,progressive house,rolling,progressive house 0.58; disco house 0.49; afro house 0.48; tribal house 0.41,rolling 0.40; driving 0.38; groovy 0.38; dark 0.33
Chaos In The CBD,Dusty Sundays,120.0,progressive house,rolling,progressive house 0.60; afro house 0.54; disco house 0.51; organic house 0.47,rolling 0.42; groovy 0.38; driving 0.35; uplifting 0.33
"Chaos In The CBD, Urulu",Between Us (Original Mix),120.0,progressive house,rolling,progressive house 0.59; afro house 0.56; organic house 0.53; disco house 0.50,rolling 0.43; groovy 0.39; uplifting 0.34; dark 0.32
Chaos In the CBD,Marlboro Sounds,124.0,progressive house,rolling,progressive house 0.59; afro house 0.57; organic house 0.53; tribal house 0.52,rolling 0.48; percussive 0.43; groovy 0.43; uplifting 0.36
"Chaos In the CBD, Isaac Aesili",78 To Stanley Bay,119.0,progressive house,rolling,progressive house 0.48; disco house 0.46; melodic house 0.45; electronica 0.44,rolling 0.48; groovy 0.47; driving 0.43; dark 0.43
Charlie Powell,Act A Fool (Extended Mix),129.0,progressive house,rolling,progressive house 0.59; peak time techno 0.45; disco house 0.45; afro house 0.43,rolling 0.45; driving 0.42; dark 0.40; percussive 0.38
Cherub,DOSES & MIMOSAS (ZERKY 2K23 REMIX),127.0,progressive house,rolling,progressive house 0.55; disco house 0.44; afro house 0.44; peak time techno 0.42,rolling 0.40; driving 0.39; dark 0.38; raw 0.37
Cherub,"Doses & Mimosas (Vintage Culture, Zerky Remix)",122.0,progressive house,rolling,progressive house 0.47; disco house 0.42; afro house 0.40; breakbeat 0.39,rolling 0.42; driving 0.39; raw 0.38; dark 0.38
Chesster,Sunriser (Original Mix),128.0,progressive house,rolling,progressive house 0.55; afro house 0.49; disco house 0.44; organic house 0.43,rolling 0.44; groovy 0.38; driving 0.36; uplifting 0.35
Chevals,My Love My Kisses,123.0,progressive house,driving,progressive house 0.52; disco house 0.48; afro house 0.45; breakbeat 0.42,driving 0.47; rolling 0.46; groovy 0.43; raw 0.40
Chez Damier,Can You Feel It - MK New York Dub,124.0,progressive house,rolling,progressive house 0.59; afro house 0.47; disco house 0.44; peak time techno 0.44,rolling 0.38; groovy 0.36; driving 0.34; dark 0.32
Chicken Lips,He Not In,126.02,progressive house,rolling,progressive house 0.52; disco house 0.42; afro house 0.42; deep house 0.40,rolling 0.45; groovy 0.34; driving 0.34; dark 0.33
Chinese American Bear,Magic Number (魔法数字),118.58,progressive house,groovy,progressive house 0.45; disco house 0.45; breakbeat 0.37; electronica 0.36,groovy 0.42; rolling 0.38; driving 0.38; raw 0.38
Chinonegro,Groove Theory (Extended Mix),128.0,progressive house,rolling,progressive house 0.56; peak time techno 0.49; afro house 0.49; tech house 0.46,rolling 0.44; percussive 0.35; groovy 0.35; dark 0.35
Chopstick & Johnjon,Roots (Cornucopia Remix) (feat. Signaljacker),119.0,progressive house,rolling,progressive house 0.50; soulful house 0.49; melodic house 0.47; melodic techno 0.46,rolling 0.50; driving 0.48; dark 0.46; uplifting 0.46
Chris Lake & Ragie Ban,Toxic (Zoey808 Remix),136.0,progressive house,rolling,progressive house 0.48; disco house 0.42; breakbeat 0.40; afro house 0.40,rolling 0.41; percussive 0.40; driving 0.39; raw 0.36
Chris Lake x Abel Balder,Ease My Mind (Odd Mob Extended Remix),130.0,progressive house,rolling,progressive house 0.50; afro house 0.45; breakbeat 0.43; disco house 0.42,rolling 0.45; percussive 0.39; driving 0.37; dark 0.37
"Chris Lake, Ragie Ban",Toxic (Extended Mix),129.0,progressive house,rolling,progressive house 0.50; disco house 0.44; breakbeat 0.42; afro house 0.42,rolling 0.44; driving 0.40; groovy 0.40; dark 0.40
"Chris Lake, Skrillex, ANITA B QUEEN",LA NOCHE (Extended Mix),127.0,progressive house,rolling,progressive house 0.48; peak time techno 0.44; breakbeat 0.42; disco house 0.34,rolling 0.42; dark 0.38; driving 0.35; raw 0.32
Chris Llopis,Fubic,126.0,progressive house,rolling,progressive house 0.66; afro house 0.65; disco house 0.63; organic house 0.61,rolling 0.47; groovy 0.47; percussive 0.38; driving 0.35
Chris Llopis,Mod Squad,127.0,progressive house,rolling,progressive house 0.62; afro house 0.54; disco house 0.51; peak time techno 0.49,rolling 0.45; groovy 0.39; driving 0.38; dark 0.36
Chris Llopis,Ministrone,125.0,progressive house,rolling,progressive house 0.60; afro house 0.54; peak time techno 0.50; organic house 0.49,rolling 0.45; groovy 0.37; uplifting 0.35; dark 0.35
Chris Luno,Bid Batch,124.49,progressive house,rolling,progressive house 0.54; disco house 0.44; afro house 0.42; organic house 0.39,rolling 0.42; percussive 0.40; raw 0.36; driving 0.35
Chris Luno,Calmy (Extended Mix),123.0,progressive house,rolling,progressive house 0.53; melodic house 0.53; afro house 0.51; soulful house 0.51,rolling 0.48; groovy 0.48; uplifting 0.47; dreamy 0.47
Chris Luno,Mamba,125.0,progressive house,rolling,progressive house 0.59; afro house 0.48; tribal house 0.47; disco house 0.46,rolling 0.51; driving 0.43; dark 0.41; percussive 0.40
Chris Luno,The Ride,123.0,progressive house,rolling,progressive house 0.55; afro house 0.48; soulful house 0.46; melodic house 0.45,rolling 0.47; dreamy 0.41; driving 0.41; uplifting 0.41
Chris Luno,See You Again (Original Mix),123.5,progressive house,rolling,progressive house 0.52; soulful house 0.46; afro house 0.45; disco house 0.44,rolling 0.52; driving 0.48; uplifting 0.45; dark 0.43
Chris Luno,Between This (Extended Mix),128.0,progressive house,rolling,progressive house 0.56; peak time techno 0.49; afro house 0.47; disco house 0.46,rolling 0.53; dark 0.47; driving 0.46; groovy 0.43
Chris Luno,Beam Up,129.0,progressive house,rolling,progressive house 0.56; peak time techno 0.49; tribal house 0.44; organic house 0.43,rolling 0.47; percussive 0.47; driving 0.38; dark 0.37
"Chris Robin, Jonas Saalbach",Metope (Original Mix),120.0,progressive house,rolling,progressive house 0.53; melodic techno 0.53; melodic house 0.52; soulful house 0.52,rolling 0.56; dark 0.51; uplifting 0.47; driving 0.46
Chris Stussy,Never Tell Me,121.0,progressive house,groovy,progressive house 0.57; disco house 0.47; afro house 0.44; organic house 0.43,groovy 0.47; rolling 0.46; driving 0.46; dark 0.41
Christian Löffler,Beirut,120.0,progressive house,rolling,progressive house 0.60; deep house 0.47; disco house 0.45; melodic techno 0.45,rolling 0.50; dark 0.46; driving 0.46; groovy 0.40
Christian Smith,Golden Point,124.0,progressive house,rolling,progressive house 0.54; afro house 0.53; peak time techno 0.49; tech house 0.47,rolling 0.48; uplifting 0.37; dark 0.36; groovy 0.35
"Chus & Ceballos, Danny Serrano, Solo Tamas",Down For It (Original Mix),124.0,progressive house,rolling,progressive house 0.54; peak time techno 0.47; afro house 0.47; disco house 0.46,rolling 0.41; percussive 0.36; groovy 0.36; dark 0.35
"Chus & Ceballos, Dj Chus, Pablo Ceballos & Supernova",The Prophet (Andrew Meller Extended Remix),124.0,progressive house,rolling,progressive house 0.52; peak time techno 0.46; afro house 0.44; tech house 0.41,rolling 0.44; dark 0.34; driving 0.33; percussive 0.31
"Chus & Ceballos, Tedd Patterson",In Stereo (Nick Curly Remix),124.0,progressive house,rolling,progressive house 0.58; afro house 0.53; disco house 0.49; tribal house 0.48,rolling 0.42; groovy 0.38; percussive 0.38; uplifting 0.34
Circulation,Mauve (Mix A),126.98,progressive house,rolling,progressive house 0.60; peak time techno 0.56; soulful house 0.53; afro house 0.53,rolling 0.61; dark 0.48; groovy 0.48; driving 0.47
Claptone,Beautiful (feat. lau.ra) (Monkey Safari Remix),125.0,progressive house,rolling,progressive house 0.59; afro house 0.54; disco house 0.53; tribal house 0.45,rolling 0.40; groovy 0.36; driving 0.35; uplifting 0.35
Claptone feat. Dizzy,Queen of Ice (Nora En Pure Extended Club Mix),123.0,progressive house,rolling,progressive house 0.53; soulful house 0.46; electronica 0.45; peak time techno 0.44,rolling 0.51; driving 0.48; dark 0.47; raw 0.44
Claude VonStroke,All My People In The House (Original Mix),125.0,progressive house,rolling,progressive house 0.54; peak time techno 0.50; breakbeat 0.43; disco house 0.42,rolling 0.47; percussive 0.44; dark 0.40; driving 0.40
"Clover Ray, Sam Dexter, Mallin",Thick Of It (Extended Mix),124.0,progressive house,rolling,progressive house 0.55; disco house 0.47; afro house 0.46; organic house 0.38,rolling 0.41; groovy 0.40; driving 0.38; raw 0.37
Club Angel,Stylin',140.0,progressive house,rolling,progressive house 0.52; peak time techno 0.47; disco house 0.45; afro house 0.44,rolling 0.44; percussive 0.41; driving 0.36; dark 0.33
Clüb De Combat,House Anthem,130.0,progressive house,percussive,progressive house 0.54; disco house 0.49; afro house 0.48; tech house 0.47,percussive 0.47; rolling 0.45; driving 0.40; raw 0.39
Cocho,D.A.N. (Original Mix),122.0,progressive house,percussive,progressive house 0.47; electronica 0.45; tribal house 0.45; peak time techno 0.43,percussive 0.46; rolling 0.45; driving 0.42; raw 0.40
Cody Currie,Beer Machine,117.0,progressive house,percussive,progressive house 0.44; disco house 0.39; electronica 0.35; tribal house 0.35,percussive 0.38; rolling 0.35; raw 0.34; driving 0.29
Cody Currie,Better (Original Mix),129.0,progressive house,groovy,progressive house 0.57; afro house 0.54; disco house 0.53; organic house 0.46,groovy 0.42; rolling 0.38; uplifting 0.36; driving 0.35
Coeo,Like It Is (Original Mix),119.0,progressive house,driving,progressive house 0.41; disco house 0.41; breakbeat 0.39; electronica 0.39,driving 0.45; groovy 0.42; rolling 0.42; raw 0.39
Coeo,Nostalgia (Stump Valley Remix),128.0,progressive house,rolling,progressive house 0.57; afro house 0.53; disco house 0.49; peak time techno 0.44,rolling 0.43; groovy 0.37; percussive 0.32; driving 0.31
Colau,That's New (Saison Extended Remix),124.0,progressive house,rolling,progressive house 0.53; disco house 0.43; afro house 0.40; organic house 0.36,rolling 0.42; driving 0.38; raw 0.38; percussive 0.36
Colyn,Martian (Original Mix),123.0,progressive house,rolling,progressive house 0.46; afro house 0.46; soulful house 0.45; peak time techno 0.44,rolling 0.48; uplifting 0.43; driving 0.43; groovy 0.42
Compuphonic,Dolce,118.0,progressive house,dreamy,progressive house 0.49; afro house 0.48; melodic house 0.45; disco house 0.44,dreamy 0.45; uplifting 0.44; rolling 0.43; groovy 0.40
Computer Data,Alles,123.5,progressive house,rolling,progressive house 0.57; disco house 0.55; afro house 0.54; organic house 0.53,rolling 0.56; groovy 0.49; percussive 0.47; driving 0.45
Confidence Man,Luvin U Is Easy (TEED Remix),125.0,progressive house,rolling,progressive house 0.37; electronica 0.37; breakbeat 0.34; tribal house 0.31,rolling 0.42; driving 0.41; percussive 0.40; euphoric 0.34
Conrad Taylor,boys (expressing their feelings),125.0,progressive house,percussive,progressive house 0.44; breakbeat 0.38; afro house 0.38; disco house 0.37,percussive 0.46; rolling 0.43; driving 0.41; raw 0.38
Constratti,Menton,126.0,progressive house,rolling,progressive house 0.62; afro house 0.55; tech house 0.53; minimal techno 0.53,rolling 0.44; groovy 0.38; driving 0.34; uplifting 0.33
Contrecoeur,Ducks In Da Club,124.0,progressive house,rolling,progressive house 0.52; disco house 0.51; afro house 0.48; breakbeat 0.40,rolling 0.47; driving 0.43; groovy 0.43; raw 0.42
Corsica One,Trying (Miguel Migs Salty Love Dub Mix),123.0,progressive house,driving,progressive house 0.50; disco house 0.41; afro house 0.40; soulful house 0.37,driving 0.42; rolling 0.42; raw 0.40; groovy 0.39
Cosmonection,Talamanca,124.0,progressive house,rolling,progressive house 0.54; afro house 0.50; disco house 0.47; peak time techno 0.44,rolling 0.45; groovy 0.37; driving 0.36; uplifting 0.36
"Cosmonection, Tour-Maubourg",La Selva,122.0,progressive house,rolling,progressive house 0.55; afro house 0.51; melodic house 0.47; disco house 0.46,rolling 0.45; uplifting 0.43; groovy 0.42; driving 0.41
Cour T.,TRiiiBAILE,130.0,progressive house,percussive,progressive house 0.55; tribal house 0.49; disco house 0.42; afro house 0.42,percussive 0.47; rolling 0.38; raw 0.31; driving 0.26
Coyu & Edu Imbernon,El Baile Aleman (Original Mix),126.0,progressive house,rolling,progressive house 0.65; organic house 0.51; tribal house 0.50; afro house 0.48,rolling 0.44; percussive 0.38; dark 0.33; driving 0.29
Crackazat,Coffee Time,117.0,progressive house,rolling,progressive house 0.52; disco house 0.42; afro house 0.39; peak time techno 0.37,rolling 0.43; raw 0.40; driving 0.37; dark 0.34
Craig Richards,Sleeping Rough,120.0,progressive house,rolling,progressive house 0.61; afro house 0.53; disco house 0.52; organic house 0.50,rolling 0.39; groovy 0.36; dark 0.30; driving 0.29
Cratebug,Melondrop (Chicago Mix),126.0,progressive house,rolling,progressive house 0.67; disco house 0.57; afro house 0.51; organic house 0.45,rolling 0.41; driving 0.38; groovy 0.37; percussive 0.34
Crazibiza,Fresh (House Of Prayers Poolside Edit),123.0,progressive house,rolling,progressive house 0.46; disco house 0.42; tribal house 0.38; electronica 0.38,rolling 0.45; driving 0.44; percussive 0.43; raw 0.41
"Crew Deep, T.Markakis",Location (T.Markakis Remix),122.0,progressive house,rolling,progressive house 0.54; soulful house 0.50; afro house 0.50; disco house 0.49,rolling 0.53; dark 0.50; driving 0.49; uplifting 0.47
Cristina Lazic & Sinca,Un Monde,124.0,progressive house,rolling,progressive house 0.51; electronica 0.45; disco house 0.44; afro house 0.43,rolling 0.49; driving 0.47; percussive 0.45; raw 0.44
Cristoph & Jem Cooke,Rushing (Extended Mix),125.0,progressive house,rolling,progressive house 0.49; peak time techno 0.44; afro house 0.42; tech house 0.38,rolling 0.46; percussive 0.41; driving 0.33; dark 0.33
CrossCross,Yougetwhatyougive,130.0,progressive house,rolling,progressive house 0.51; disco house 0.43; afro house 0.43; tech house 0.36,rolling 0.41; driving 0.38; raw 0.35; uplifting 0.35
"Cuartero, German Brigante",El Gringo,125.0,progressive house,percussive,progressive house 0.52; tribal house 0.51; afro house 0.47; organic house 0.42,percussive 0.43; rolling 0.41; groovy 0.28; driving 0.27
CurlyHeads x VelcroCompanion,SAVE ME,126.0,progressive house,rolling,progressive house 0.51; peak time techno 0.48; breakbeat 0.46; soulful house 0.43,rolling 0.54; dark 0.47; driving 0.46; uplifting 0.39
D Stone,Resonant Dreams (Original Mix),132.0,progressive house,rolling,progressive house 0.52; afro house 0.48; disco house 0.46; breakbeat 0.40,rolling 0.43; driving 0.35; percussive 0.35; groovy 0.34
D.O.D,So Much In Love (Armin van Buuren Extended Remix),132.0,progressive house,rolling,progressive house 0.50; peak time techno 0.46; breakbeat 0.44; afro house 0.43,rolling 0.52; dark 0.44; driving 0.44; uplifting 0.39
"D3llano, Ralphie Choo, rusowsky",Hugo Gloss,120.0,progressive house,rolling,progressive house 0.49; disco house 0.42; afro house 0.40; breakbeat 0.32,rolling 0.39; raw 0.35; driving 0.34; dark 0.33
DAVI,Self CNTRL (Original Mix),125.0,progressive house,rolling,progressive house 0.53; afro house 0.45; peak time techno 0.45; disco house 0.42,rolling 0.44; driving 0.36; dark 0.36; groovy 0.34
DAVI,Self R3B00T (Original Mix),124.0,progressive house,rolling,progressive house 0.54; peak time techno 0.49; afro house 0.43; tech house 0.41,rolling 0.50; dark 0.41; driving 0.37; percussive 0.36
"DAVI, Definition",Désolé,122.0,progressive house,rolling,progressive house 0.59; peak time techno 0.51; soulful house 0.51; organic house 0.50,rolling 0.50; driving 0.45; dark 0.45; groovy 0.43
DELACOUR,Tell Me,126.0,progressive house,rolling,progressive house 0.56; afro house 0.49; disco house 0.47; organic house 0.42,rolling 0.42; groovy 0.37; driving 0.36; raw 0.35
DHAF,Last Journey (Dulus Remix),123.0,progressive house,rolling,progressive house 0.59; afro house 0.53; tribal house 0.48; disco house 0.47,rolling 0.49; groovy 0.40; driving 0.38; dark 0.38
DJ Boris,The Mamba (Original Mix),125.0,progressive house,rolling,progressive house 0.56; peak time techno 0.45; afro house 0.44; tribal house 0.44,rolling 0.42; percussive 0.33; driving 0.32; dark 0.30
DJ CARPET,Berlin (Extended),130.0,progressive house,rolling,progressive house 0.60; afro house 0.59; disco house 0.53; minimal techno 0.45,rolling 0.39; groovy 0.38; uplifting 0.34; dreamy 0.32
DJ Carpet,Torino,130.0,progressive house,rolling,progressive house 0.62; afro house 0.56; disco house 0.50; organic house 0.50,rolling 0.42; groovy 0.37; driving 0.33; dark 0.33
DJ Carpets,Underlay,120.0,progressive house,groovy,progressive house 0.62; afro house 0.61; disco house 0.58; organic house 0.49,groovy 0.48; rolling 0.46; uplifting 0.41; driving 0.37
"DJ Chus, Dennis Cruz",The Sun,122.0,progressive house,rolling,progressive house 0.56; peak time techno 0.50; soulful house 0.49; afro house 0.49,rolling 0.52; driving 0.45; dark 0.44; groovy 0.41
"DJ Chus, Pablo Ceballos",La Colombiana (David Herrero Extended Remix),125.0,progressive house,rolling,progressive house 0.61; afro house 0.50; disco house 0.49; tech house 0.47,rolling 0.44; driving 0.34; groovy 0.34; dark 0.32
DJ Cotty,Deep Sensations Episode 1,127.0,progressive house,percussive,progressive house 0.58; afro house 0.52; disco house 0.51; organic house 0.45,percussive 0.43; rolling 0.43; groovy 0.37; driving 0.35
DJ Disciple,"The Beat, The Scene, The Sound (N.W.N Remix)",123.0,progressive house,rolling,progressive house 0.65; afro house 0.56; disco house 0.55; organic house 0.49,rolling 0.46; groovy 0.39; driving 0.38; uplifting 0.35
DJ Flume,Agolele (Chus & Ceballos Remix),126.0,progressive house,rolling,progressive house 0.54; peak time techno 0.46; afro house 0.39; tech house 0.39,rolling 0.46; dark 0.39; percussive 0.39; driving 0.37
DJ Honesty,Schillerkiez (Burnski Remix),127.0,progressive house,rolling,progressive house 0.66; afro house 0.55; disco house 0.51; organic house 0.51,rolling 0.41; groovy 0.36; driving 0.33; dark 0.32
DJ Honesty,Camarque,128.0,progressive house,rolling,progressive house 0.52; peak time techno 0.49; minimal techno 0.42; deep house 0.38,rolling 0.43; dark 0.36; driving 0.27; percussive 0.25
DJ Josh Blackwell & Miss Babayaga DJ,Dreamcatcher,126.0,progressive house,rolling,progressive house 0.60; peak time techno 0.58; soulful house 0.55; afro house 0.55,rolling 0.61; dark 0.52; percussive 0.45; driving 0.45
"DJ Josh Blackwell, Miss Babayaga DJ",Journey (Original Mix),123.0,progressive house,rolling,progressive house 0.59; disco house 0.55; afro house 0.54; organic house 0.52,rolling 0.53; groovy 0.48; driving 0.47; dark 0.45
DJ Koze,Buschtaxi,120.0,progressive house,rolling,progressive house 0.62; afro house 0.58; tribal house 0.57; organic house 0.54,rolling 0.50; percussive 0.46; groovy 0.42; driving 0.39
DJ Mes,Hot Tub Time Machine,125.0,progressive house,rolling,progressive house 0.54; peak time techno 0.49; afro house 0.45; disco house 0.43,rolling 0.40; dark 0.35; percussive 0.32; driving 0.31
DJ Planet Express,More Than You'd Ever Wanna Know,125.0,progressive house,percussive,progressive house 0.51; disco house 0.36; tribal house 0.34; afro house 0.34,percussive 0.41; raw 0.38; rolling 0.36; dark 0.30
DJ Steaw,Picpus,123.0,progressive house,rolling,progressive house 0.60; afro house 0.52; disco house 0.50; peak time techno 0.48,rolling 0.41; percussive 0.36; groovy 0.32; driving 0.31
DJ T feat Cari Golden,City Life (Maceo Plex Remix),121.0,progressive house,rolling,progressive house 0.61; afro house 0.53; peak time techno 0.53; organic house 0.51,rolling 0.56; driving 0.48; groovy 0.46; dark 0.44
DJ Tennis,Atlanta (Original Mix),128.0,progressive house,rolling,progressive house 0.43; electronica 0.42; melodic house 0.39; afro house 0.38,rolling 0.53; driving 0.44; dark 0.42; euphoric 0.41
DJ Tennis,Gordon (Original Mix),124.0,progressive house,rolling,progressive house 0.51; peak time techno 0.51; afro house 0.49; melodic house 0.47,rolling 0.51; groovy 0.41; driving 0.39; dark 0.38
DJ Tennis,Hello Hello (Extended Mix),130.0,progressive house,rolling,progressive house 0.52; afro house 0.48; peak time techno 0.47; disco house 0.44,rolling 0.49; dark 0.42; driving 0.40; groovy 0.39
"DJ Tennis, Eliza Rose",Playa Paradiso (Original Mix),124.0,progressive house,rolling,progressive house 0.49; tech house 0.39; afro house 0.39; peak time techno 0.38,rolling 0.43; percussive 0.40; driving 0.36; raw 0.36
DJ Tonka feat. Lara McAllen,Get Back,126.12,progressive house,rolling,progressive house 0.45; electronica 0.41; disco house 0.41; breakbeat 0.40,rolling 0.44; driving 0.43; raw 0.39; percussive 0.38
"DJ VM 22, KLWCI",Make You Wanna,91.77,progressive house,driving,progressive house 0.45; disco house 0.40; breakbeat 0.40; electronica 0.33,driving 0.40; rolling 0.36; percussive 0.35; groovy 0.35
DJ Wady & Patrick M,Hulk (Camelphat 2017 Re-Fix),126.0,progressive house,rolling,progressive house 0.54; peak time techno 0.53; afro house 0.49; organic house 0.43,rolling 0.44; dark 0.36; percussive 0.34; uplifting 0.34
DJ Zombi,Disco Boy (Bonafique Remix),125.43,progressive house,rolling,progressive house 0.58; afro house 0.55; peak time techno 0.51; tech house 0.51,rolling 0.45; percussive 0.39; groovy 0.39; driving 0.37
"DJ Zombi, Guy Davidov",Disco Boy (Audio Junkies Radio Edit),122.0,progressive house,rolling,progressive house 0.57; afro house 0.54; disco house 0.53; organic house 0.43,rolling 0.48; groovy 0.43; driving 0.41; uplifting 0.38
DJacuzzi,Tell Me,125.0,progressive house,rolling,progressive house 0.59; afro house 0.52; minimal techno 0.50; peak time techno 0.49,rolling 0.47; groovy 0.44; driving 0.43; dark 0.40
DJacuzzi,Give You Up,128.0,progressive house,percussive,progressive house 0.60; disco house 0.55; organic house 0.53; afro house 0.52,percussive 0.50; rolling 0.49; groovy 0.45; raw 0.41
DJacuzzi,In Your Vicinity,128.0,progressive house,rolling,progressive house 0.62; disco house 0.51; afro house 0.49; tribal house 0.45,rolling 0.39; percussive 0.38; groovy 0.34; driving 0.32
DOECHII,THE BOMB VS. ANXIETY (LXRENZ REMIX),128.0,progressive house,rolling,progressive house 0.53; afro house 0.44; disco house 0.43; tribal house 0.37,rolling 0.40; percussive 0.36; driving 0.35; raw 0.35
DOT (BR) & Rachel Reis,Eu Vou Pra Bahia (Extended Mix),124.0,progressive house,rolling,progressive house 0.51; afro house 0.46; peak time techno 0.42; tribal house 0.41,rolling 0.50; percussive 0.45; driving 0.41; uplifting 0.40
DRAMA,Dollar $hort - Blank Sense Remix - Extended,126.0,progressive house,rolling,progressive house 0.54; afro house 0.45; disco house 0.43; tech house 0.40,rolling 0.41; percussive 0.35; raw 0.35; driving 0.35
"Da Fonk Panda, Sebb Junior",Beautiful (Extended Mix),126.0,progressive house,rolling,progressive house 0.56; disco house 0.50; afro house 0.49; tribal house 0.41,rolling 0.36; percussive 0.34; groovy 0.30; raw 0.28
Da Sunlounge,Skin Tight,125.0,progressive house,rolling,progressive house 0.61; disco house 0.56; afro house 0.53; organic house 0.48,rolling 0.44; percussive 0.40; groovy 0.38; driving 0.35
Da Sunlounge,Baby How Long (Original Mix),124.94,progressive house,rolling,progressive house 0.62; disco house 0.53; afro house 0.50; organic house 0.44,rolling 0.39; groovy 0.37; percussive 0.34; driving 0.33
Da Sunlounge,One Step (Original Mix),125.0,progressive house,rolling,progressive house 0.60; disco house 0.56; afro house 0.50; breakbeat 0.41,rolling 0.46; groovy 0.44; driving 0.43; raw 0.38
"Da Sunlounge, Mikey V",Never Get Enough (Miguel Migs All Night Rub),123.0,progressive house,rolling,progressive house 0.55; afro house 0.44; disco house 0.42; tribal house 0.41,rolling 0.41; groovy 0.34; dark 0.34; driving 0.34
Dachshund,Ganja,121.0,progressive house,rolling,progressive house 0.63; disco house 0.53; afro house 0.51; organic house 0.45,rolling 0.38; groovy 0.34; driving 0.31; dark 0.27
Dachshund,Phase Two,124.0,progressive house,rolling,progressive house 0.57; afro house 0.54; peak time techno 0.49; tech house 0.49,rolling 0.47; groovy 0.43; driving 0.40; uplifting 0.38
Dachshund,Speechless (Original Mix),124.0,progressive house,rolling,progressive house 0.58; afro house 0.56; peak time techno 0.50; tech house 0.50,rolling 0.46; groovy 0.38; percussive 0.34; driving 0.33
Dachshund,Alone With You,123.0,progressive house,rolling,progressive house 0.64; peak time techno 0.54; minimal techno 0.53; afro house 0.52,rolling 0.48; dark 0.35; driving 0.33; groovy 0.32
Dachshund,Only,123.0,progressive house,rolling,progressive house 0.51; afro house 0.48; disco house 0.44; peak time techno 0.43,rolling 0.46; groovy 0.40; driving 0.38; uplifting 0.36
Dachshund,Steam,125.0,progressive house,rolling,progressive house 0.57; afro house 0.56; minimal techno 0.51; peak time techno 0.50,rolling 0.49; groovy 0.43; uplifting 0.42; dark 0.39
Dachshund,Mysterious,123.0,progressive house,rolling,progressive house 0.56; peak time techno 0.56; afro house 0.56; soulful house 0.50,rolling 0.54; groovy 0.44; dark 0.44; driving 0.41
Daft Punk,Around the World,121.29,progressive house,rolling,progressive house 0.56; afro house 0.51; disco house 0.50; peak time techno 0.41,rolling 0.38; groovy 0.35; raw 0.33; percussive 0.32
Daft Punk,One More Time,122.88,progressive house,uplifting,progressive house 0.44; afro house 0.41; electronica 0.40; disco house 0.40,uplifting 0.42; raw 0.40; dreamy 0.37; rolling 0.36
Daft Punk,Around the World (Westend Edit),128.0,progressive house,rolling,progressive house 0.54; afro house 0.47; disco house 0.45; peak time techno 0.43,rolling 0.41; raw 0.36; driving 0.35; dark 0.33
Daft Punk,Voyager,119.88,progressive house,rolling,progressive house 0.55; afro house 0.53; disco house 0.52; melodic house 0.52,rolling 0.53; groovy 0.51; uplifting 0.49; driving 0.47
Daft Punk,Burnin' (Ian Pooley Cut Up Mix),127.4,progressive house,rolling,progressive house 0.56; disco house 0.48; afro house 0.48; peak time techno 0.45,rolling 0.39; groovy 0.34; driving 0.32; percussive 0.32
Daft Punk,Revolution 909,126.48,progressive house,rolling,progressive house 0.54; disco house 0.51; afro house 0.45; deep house 0.41,rolling 0.44; dark 0.43; driving 0.38; raw 0.36
Daft Punk x Marvin Gaye,One More Time x Ain't No Mountain High Enough,122.88,progressive house,raw,progressive house 0.41; electronica 0.37; afro house 0.36; disco house 0.35,raw 0.38; uplifting 0.37; dreamy 0.33; driving 0.30
Dan Ghenacia & Shonky,Close To The Edge,124.0,progressive house,groovy,progressive house 0.58; disco house 0.53; afro house 0.52; organic house 0.48,groovy 0.47; rolling 0.45; driving 0.43; uplifting 0.40
Dandara ft. Anissa Damali,Pororoca (Mollono.Bass Remix),119.0,progressive house,rolling,progressive house 0.58; disco house 0.46; afro house 0.46; tribal house 0.42,rolling 0.48; dark 0.43; driving 0.42; groovy 0.40
Danell Dixon,Dance Dance - DJ Pierre's Wild PItch Mix,124.97,progressive house,rolling,progressive house 0.55; afro house 0.46; disco house 0.46; organic house 0.44,rolling 0.45; groovy 0.40; driving 0.36; percussive 0.36
Daniel Bortz,Holding You (Original Mix),125.0,progressive house,rolling,progressive house 0.57; afro house 0.50; peak time techno 0.47; disco house 0.45,rolling 0.44; groovy 0.38; driving 0.37; raw 0.36
Daniel Haze,Acid Nights (Don't Let Me Go),129.0,progressive house,rolling,progressive house 0.56; afro house 0.52; disco house 0.49; peak time techno 0.44,rolling 0.47; groovy 0.43; driving 0.40; dark 0.40
"Daniel Insogna, AJK",Hold On Fuck That,130.0,progressive house,percussive,progressive house 0.49; afro house 0.45; disco house 0.43; organic house 0.40,percussive 0.47; rolling 0.41; groovy 0.40; driving 0.33
"Daniel Meister, Rose Moncado",Slow (Extended Mix),125.0,progressive house,rolling,progressive house 0.62; afro house 0.53; disco house 0.50; tech house 0.48,rolling 0.46; groovy 0.40; driving 0.40; uplifting 0.36
"Daniel Rateuke, AWEN",Gold,122.0,progressive house,percussive,progressive house 0.54; tribal house 0.49; disco house 0.48; afro house 0.47,percussive 0.49; rolling 0.43; raw 0.32; groovy 0.30
"Daniel Watts, Terr",Disko Axiom (Extended Mix),125.0,progressive house,rolling,progressive house 0.65; minimal techno 0.60; afro house 0.60; peak time techno 0.59,rolling 0.50; groovy 0.44; dark 0.40; driving 0.38
Danjo (ITA),Believe In Me,123.0,progressive house,rolling,progressive house 0.57; peak time techno 0.52; afro house 0.52; tech house 0.48,rolling 0.51; driving 0.42; uplifting 0.41; dark 0.40
Danny Serrano,Ravey,126.0,progressive house,rolling,progressive house 0.59; afro house 0.49; disco house 0.48; organic house 0.41,rolling 0.42; driving 0.36; dark 0.34; groovy 0.33
"Dario Nunez, Javi Colina",Madan 2025 (Original Mix),125.0,progressive house,rolling,progressive house 0.59; afro house 0.48; disco house 0.46; tech house 0.45,rolling 0.46; percussive 0.42; dark 0.36; driving 0.35
"Dario Nunez, Javi Colina",Baiana 2024 (Original Mix),125.0,progressive house,rolling,progressive house 0.58; afro house 0.45; disco house 0.43; peak time techno 0.43,rolling 0.41; percussive 0.38; dark 0.31; driving 0.31
Darius Syrossian,Moon Buggy,125.0,progressive house,rolling,progressive house 0.61; afro house 0.50; disco house 0.49; tribal house 0.45,rolling 0.40; groovy 0.36; driving 0.35; dark 0.30
Darius Syrossian,Danzer (Original Mix),126.0,progressive house,rolling,progressive house 0.59; peak time techno 0.46; tech house 0.46; disco house 0.44,rolling 0.46; driving 0.40; dark 0.40; groovy 0.35
"Darius Syrossian, Olive F, Fountain Sound",Cereal Groover (Extended Mix),127.0,progressive house,percussive,progressive house 0.52; disco house 0.45; afro house 0.40; tribal house 0.39,percussive 0.41; rolling 0.39; groovy 0.35; driving 0.34
Dateless,Geekin,128.0,progressive house,percussive,progressive house 0.62; disco house 0.55; afro house 0.53; organic house 0.45,percussive 0.37; rolling 0.37; groovy 0.35; driving 0.30
Dave Allison,Soda Poppin',109.0,progressive house,groovy,progressive house 0.59; disco house 0.51; afro house 0.48; organic house 0.45,groovy 0.47; rolling 0.43; driving 0.42; uplifting 0.36
"Dave Lee, Jakatta",Ride the Storm,128.04,progressive house,driving,progressive house 0.54; disco house 0.46; breakbeat 0.45; afro house 0.42,driving 0.46; rolling 0.45; groovy 0.42; dark 0.41
"David Amo, Julio Navas, Gustavo Bravetti",Raw (Tony Romera Extended Mix),128.0,progressive house,rolling,progressive house 0.60; peak time techno 0.54; minimal techno 0.49; afro house 0.47,rolling 0.43; driving 0.35; percussive 0.33; dark 0.32
David Herrero,Palote,125.0,progressive house,rolling,progressive house 0.56; breakbeat 0.45; disco house 0.43; peak time techno 0.42,rolling 0.45; driving 0.44; dark 0.39; groovy 0.36
De Dirigenten,Chicago Love,123.0,progressive house,rolling,progressive house 0.61; afro house 0.55; disco house 0.53; deep house 0.51,rolling 0.50; groovy 0.47; driving 0.44; dark 0.44
Dean Turnley,Actin' Tough (Original Mix),140.0,progressive house,rolling,progressive house 0.56; afro house 0.45; disco house 0.43; peak time techno 0.42,rolling 0.41; driving 0.35; raw 0.34; dark 0.34
Dean Turnley,Actin' Tough (A.B.C. Remix),136.0,progressive house,rolling,progressive house 0.58; afro house 0.49; tribal house 0.47; peak time techno 0.46,rolling 0.43; percussive 0.39; dark 0.37; groovy 0.36
Deep Active Sound,Pia (Original Mix),123.0,progressive house,rolling,progressive house 0.64; afro house 0.60; disco house 0.59; organic house 0.50,rolling 0.42; groovy 0.41; percussive 0.34; driving 0.34
Deep Active Sound,Departure,122.0,progressive house,rolling,progressive house 0.68; afro house 0.63; disco house 0.59; organic house 0.55,rolling 0.42; groovy 0.39; driving 0.31; percussive 0.30
Deep Dish,Flashdance (Shai T Remix),123.0,progressive house,rolling,progressive house 0.48; tribal house 0.47; electronica 0.40; soulful house 0.39,rolling 0.47; percussive 0.46; raw 0.35; dark 0.35
Deeper Purpose & GUZ,Don't Waste My Time (Extended Mix),128.0,progressive house,rolling,progressive house 0.56; peak time techno 0.45; afro house 0.45; disco house 0.42,rolling 0.46; dark 0.43; driving 0.42; raw 0.36
Deeplomatik,Deep Drop,124.0,progressive house,rolling,progressive house 0.53; disco house 0.51; afro house 0.47; organic house 0.37,rolling 0.41; groovy 0.36; raw 0.35; driving 0.34
Deeplomatik,Deep Revolution,125.0,progressive house,rolling,progressive house 0.56; afro house 0.51; peak time techno 0.48; disco house 0.46,rolling 0.46; groovy 0.36; dark 0.35; driving 0.35
Deeplomatik,Maitu (Original Mix),124.0,progressive house,rolling,progressive house 0.57; peak time techno 0.49; afro house 0.47; organic house 0.46,rolling 0.47; dark 0.40; driving 0.40; groovy 0.37
Deeplomatik,On Repeat (Original Mix),125.0,progressive house,rolling,progressive house 0.60; afro house 0.57; disco house 0.55; organic house 0.45,rolling 0.46; groovy 0.41; driving 0.38; uplifting 0.37
Deepment,Language (Dilby Remix),125.0,progressive house,rolling,progressive house 0.63; tech house 0.55; peak time techno 0.55; afro house 0.54,rolling 0.54; driving 0.44; dark 0.42; groovy 0.42
Deepment,Sweet Conversation (Mihai Popoviciu Remix),125.0,progressive house,rolling,progressive house 0.60; afro house 0.55; disco house 0.52; peak time techno 0.52,rolling 0.46; percussive 0.40; groovy 0.35; driving 0.33
Delacour,Dub City,126.0,progressive house,rolling,progressive house 0.56; afro house 0.56; peak time techno 0.52; soulful house 0.50,rolling 0.49; dark 0.44; groovy 0.42; uplifting 0.41
Delano Smith,Something for Myself,120.0,progressive house,rolling,progressive house 0.54; afro house 0.50; deep house 0.47; minimal techno 0.47,rolling 0.43; groovy 0.40; percussive 0.34; raw 0.34
Delilah,Get Up and Go,124.0,progressive house,rolling,progressive house 0.57; afro house 0.53; organic house 0.50; disco house 0.50,rolling 0.46; percussive 0.45; groovy 0.37; driving 0.33
Dem Boyz,Como Suena,129.0,progressive house,percussive,progressive house 0.53; afro house 0.45; tribal house 0.42; disco house 0.41,percussive 0.38; rolling 0.37; driving 0.25; groovy 0.25
Demarkus Lewis,Deeper Than Thou,127.0,progressive house,rolling,progressive house 0.55; disco house 0.45; afro house 0.45; tech house 0.42,rolling 0.41; driving 0.38; groovy 0.37; raw 0.36
Demarkus Lewis,Gruv Select,125.0,progressive house,rolling,progressive house 0.55; afro house 0.50; disco house 0.49; organic house 0.39,rolling 0.41; groovy 0.37; driving 0.36; raw 0.35
Demarkus Lewis,Revive The Groove (Original Mix),125.0,progressive house,rolling,progressive house 0.56; afro house 0.50; disco house 0.44; peak time techno 0.44,rolling 0.39; groovy 0.31; percussive 0.31; driving 0.30
Demarkus Lewis,Keep The Groove (Original Mix),125.0,progressive house,driving,progressive house 0.54; disco house 0.45; afro house 0.42; electronica 0.39,driving 0.41; rolling 0.41; raw 0.38; groovy 0.38
Demarzo,Tour De Funk,126.0,progressive house,rolling,progressive house 0.60; disco house 0.50; afro house 0.50; organic house 0.44,rolling 0.38; groovy 0.34; driving 0.31; percussive 0.29
"Demi Riquísimo, Luke Alessi",Yes Bby (Original Mix),129.71,progressive house,rolling,progressive house 0.53; peak time techno 0.50; tech house 0.44; afro house 0.41,rolling 0.44; percussive 0.41; dark 0.34; driving 0.34
Demi Riquísimo,Paroché,125.0,progressive house,rolling,progressive house 0.54; afro house 0.50; disco house 0.47; peak time techno 0.41,rolling 0.42; groovy 0.36; driving 0.35; raw 0.33
"Demm Deep, Junes UB",Brazilian Sky,126.0,progressive house,rolling,progressive house 0.58; disco house 0.51; afro house 0.51; organic house 0.45,rolling 0.48; groovy 0.42; driving 0.41; percussive 0.39
Demuir,You Must Pay,126.0,progressive house,percussive,progressive house 0.54; afro house 0.48; disco house 0.47; organic house 0.41,percussive 0.40; rolling 0.36; groovy 0.33; raw 0.31
Demuir,First Stroke,126.0,progressive house,rolling,progressive house 0.52; disco house 0.45; afro house 0.43; deep house 0.41,rolling 0.45; dark 0.42; driving 0.41; uplifting 0.38
Demuir,In N Out 'Steady Strokes' (Original Mix),128.0,progressive house,percussive,progressive house 0.52; tribal house 0.41; afro house 0.40; disco house 0.39,percussive 0.42; rolling 0.34; groovy 0.30; driving 0.28
Demuir,Yuh Chat Too Much,127.0,progressive house,rolling,progressive house 0.58; afro house 0.52; disco house 0.52; organic house 0.43,rolling 0.44; groovy 0.40; driving 0.37; uplifting 0.34
Demuir,Loco Seco,128.0,progressive house,rolling,progressive house 0.63; peak time techno 0.54; afro house 0.53; disco house 0.52,rolling 0.44; percussive 0.37; groovy 0.36; driving 0.32
"Demuir, Bluey Robinson",Lusting U (Original Mix),124.5,progressive house,rolling,progressive house 0.53; disco house 0.46; afro house 0.45; organic house 0.39,rolling 0.38; percussive 0.35; groovy 0.33; raw 0.33
Demuja,EMX JAM 1,124.0,progressive house,rolling,progressive house 0.60; deep house 0.52; afro house 0.51; disco house 0.48,rolling 0.44; dark 0.38; groovy 0.37; driving 0.34
Demuja,Get Away,130.0,progressive house,rolling,progressive house 0.62; disco house 0.54; afro house 0.53; organic house 0.45,rolling 0.40; groovy 0.37; driving 0.35; dark 0.31
Demuja,Speaking In Tongues,128.0,progressive house,rolling,progressive house 0.60; deep house 0.52; peak time techno 0.49; afro house 0.49,rolling 0.51; dark 0.44; driving 0.40; deep 0.38
Demuja,Stop Asking Me,130.0,progressive house,rolling,progressive house 0.65; peak time techno 0.59; afro house 0.57; tech house 0.53,rolling 0.45; groovy 0.38; driving 0.34; percussive 0.33
Demuja,All Hell Is Breaking Loose,126.0,progressive house,rolling,progressive house 0.53; melodic house 0.47; afro house 0.47; disco house 0.47,rolling 0.47; groovy 0.44; driving 0.44; uplifting 0.42
Dennis Cruz,La Vela,124.0,progressive house,percussive,progressive house 0.46; afro house 0.35; peak time techno 0.34; tribal house 0.33,percussive 0.38; rolling 0.33; raw 0.28; groovy 0.25
Dennis Cruz,Five,127.0,progressive house,rolling,progressive house 0.61; deep house 0.50; peak time techno 0.47; disco house 0.46,rolling 0.46; dark 0.40; driving 0.35; groovy 0.32
Dennis Cruz,Rolling Stone,122.0,progressive house,rolling,progressive house 0.50; disco house 0.40; afro house 0.39; organic house 0.35,rolling 0.36; groovy 0.34; raw 0.34; driving 0.31
Dennis Cruz,Cookies,122.0,progressive house,rolling,progressive house 0.56; peak time techno 0.50; afro house 0.46; tech house 0.45,rolling 0.45; driving 0.34; dark 0.33; groovy 0.30
Dennis Cruz,Bonito (Original Mix),123.0,progressive house,percussive,progressive house 0.50; disco house 0.44; tribal house 0.43; afro house 0.40,percussive 0.42; rolling 0.39; driving 0.33; groovy 0.32
Dennis Cruz,Ready For The Blues,128.0,progressive house,percussive,progressive house 0.50; tribal house 0.42; disco house 0.41; organic house 0.37,percussive 0.38; rolling 0.36; driving 0.36; groovy 0.33
Dennis Cruz,Mad (Original Mix),123.0,progressive house,rolling,progressive house 0.60; peak time techno 0.47; afro house 0.45; disco house 0.44,rolling 0.42; percussive 0.42; dark 0.32; driving 0.31
Dennis Cruz,El Sueño,124.0,progressive house,percussive,progressive house 0.52; tribal house 0.47; afro house 0.38; disco house 0.37,percussive 0.38; rolling 0.37; raw 0.29; groovy 0.27
Dennis Cruz feat. Pumpkin,Monochrome,128.0,progressive house,groovy,progressive house 0.57; disco house 0.49; afro house 0.48; organic house 0.44,groovy 0.46; rolling 0.46; driving 0.45; raw 0.39
"Dennis Cruz, Eddy M",Goldigger,127.0,progressive house,rolling,progressive house 0.61; disco house 0.51; afro house 0.46; organic house 0.41,rolling 0.32; percussive 0.29; groovy 0.28; driving 0.26
"Dennis Cruz, Iuliano Mambo",The Trip (Original Mix),125.0,progressive house,rolling,progressive house 0.54; afro house 0.47; disco house 0.45; organic house 0.41,rolling 0.41; groovy 0.35; uplifting 0.32; raw 0.32
Dennis De Laat,Night Rider,120.0,progressive house,rolling,progressive house 0.59; soulful house 0.58; peak time techno 0.58; afro house 0.56,rolling 0.58; dark 0.49; driving 0.45; uplifting 0.45
Dennis Ferrer,Son Of Raw (Loco Dice Remix) [Mixed],123.0,progressive house,rolling,progressive house 0.55; afro house 0.50; peak time techno 0.47; organic house 0.46,rolling 0.43; groovy 0.35; percussive 0.34; driving 0.32
Dennis Ferrer,Sinfonia Della Notte,126.0,progressive house,rolling,progressive house 0.57; afro house 0.50; peak time techno 0.47; tribal house 0.46,rolling 0.40; percussive 0.36; groovy 0.28; dark 0.27
Dennis Ferrer,Hey Hey (DF's Attention Vocal Mix),126.0,progressive house,percussive,progressive house 0.50; afro house 0.40; peak time techno 0.37; tribal house 0.36,percussive 0.38; rolling 0.35; raw 0.27; driving 0.22
Dennis Ferrer & Disciples with James Yuill,Whisper (John Summit Extended Remix),127.0,progressive house,rolling,progressive house 0.53; afro house 0.46; soulful house 0.46; disco house 0.44,rolling 0.49; driving 0.44; dark 0.44; uplifting 0.43
"Dennis Ferrer, Ben Westbeech",Right Thing,123.0,progressive house,rolling,progressive house 0.63; afro house 0.59; peak time techno 0.53; tech house 0.52,rolling 0.47; percussive 0.38; groovy 0.37; dark 0.33
Dense & Pika,Colt,125.0,progressive house,rolling,progressive house 0.57; disco house 0.48; afro house 0.47; breakbeat 0.42,rolling 0.46; driving 0.42; groovy 0.40; percussive 0.38
"Depeche Mode, Dixon",Cover Me,122.0,progressive house,driving,progressive house 0.50; melodic house 0.47; afro house 0.45; soulful house 0.45,driving 0.50; groovy 0.49; uplifting 0.49; dreamy 0.47
"DerAlinea, Florian Kruse",Reality,125.0,progressive house,rolling,progressive house 0.54; peak time techno 0.52; afro house 0.51; melodic techno 0.48,rolling 0.51; dark 0.45; driving 0.41; groovy 0.41
Derek Carr,Acid Bath,128.0,progressive house,rolling,progressive house 0.61; afro house 0.61; tech house 0.53; disco house 0.53,rolling 0.39; groovy 0.36; uplifting 0.31; driving 0.27
Derrick May,Nude Photo,123.4,progressive house,rolling,progressive house 0.56; afro house 0.53; peak time techno 0.47; disco house 0.47,rolling 0.41; percussive 0.38; groovy 0.36; driving 0.29
Derrick May,Nude Photo,126.74,progressive house,rolling,progressive house 0.56; afro house 0.53; peak time techno 0.47; disco house 0.47,rolling 0.41; percussive 0.38; groovy 0.36; driving 0.29
Detroit Swindle & Jitwam,Coffee In The Morning (Original Mix),126.0,progressive house,rolling,progressive house 0.54; disco house 0.47; afro house 0.46; organic house 0.41,rolling 0.46; driving 0.40; groovy 0.40; dark 0.40
Detroit's Filthiest,Horizontal Bop,140.0,progressive house,groovy,progressive house 0.45; breakbeat 0.45; disco house 0.44; deep house 0.44,groovy 0.47; rolling 0.47; driving 0.46; dark 0.43
Devv & Soundopamine,Running (Janeret Deep Remix),126.0,progressive house,rolling,progressive house 0.58; afro house 0.54; disco house 0.53; organic house 0.47,rolling 0.47; groovy 0.43; driving 0.39; uplifting 0.38
"Dew (FR), Triptyque",Kappa,128.0,progressive house,rolling,progressive house 0.58; peak time techno 0.52; tech house 0.49; organic house 0.48,rolling 0.43; dark 0.32; percussive 0.31; driving 0.30
DiRTY RADiO X Sam Gellaitry,Waiting So Long (Vocal Remix),121.0,progressive house,percussive,progressive house 0.42; disco house 0.37; afro house 0.36; tribal house 0.34,percussive 0.44; rolling 0.35; raw 0.35; driving 0.25
Diass,Karizma (Original Mix),120.0,progressive house,rolling,progressive house 0.57; afro house 0.50; tribal house 0.48; disco house 0.47,rolling 0.47; percussive 0.45; groovy 0.44; dreamy 0.41
Didier Sinclair,Lovely Flight (Terry Francis Remix),130.0,progressive house,rolling,progressive house 0.61; peak time techno 0.56; tribal house 0.53; organic house 0.51,rolling 0.45; percussive 0.45; dark 0.31; groovy 0.29
Diego Krause,This Is the Place,128.0,progressive house,rolling,progressive house 0.64; disco house 0.50; afro house 0.50; organic house 0.47,rolling 0.44; percussive 0.38; dark 0.27; groovy 0.26
"Diephuis, Eastar",Hoye Mama,124.0,progressive house,rolling,progressive house 0.47; afro house 0.45; disco house 0.41; tribal house 0.40,rolling 0.48; percussive 0.45; driving 0.37; groovy 0.35
Digitalism,Four Seasons,124.0,progressive house,dark,progressive house 0.49; soulful house 0.45; breakbeat 0.43; melodic techno 0.43,dark 0.52; driving 0.51; rolling 0.51; uplifting 0.49
Dilby,Under Your Skin,124.0,progressive house,rolling,progressive house 0.59; afro house 0.54; disco house 0.49; peak time techno 0.49,rolling 0.44; groovy 0.39; uplifting 0.37; driving 0.36
Dilby,Skydive,125.0,progressive house,rolling,progressive house 0.57; afro house 0.55; disco house 0.52; soulful house 0.48,rolling 0.51; groovy 0.44; uplifting 0.41; dark 0.41
Dilby,Without You,127.0,progressive house,rolling,progressive house 0.62; afro house 0.53; peak time techno 0.52; disco house 0.50,rolling 0.50; dark 0.41; driving 0.41; groovy 0.40
Dilby,Remember Me (Extended Mix),124.0,progressive house,rolling,progressive house 0.53; afro house 0.46; disco house 0.44; peak time techno 0.44,rolling 0.51; driving 0.46; groovy 0.43; percussive 0.42
Dilby,Rio Grande (Original Mix),123.0,progressive house,rolling,progressive house 0.55; peak time techno 0.47; afro house 0.42; breakbeat 0.42,rolling 0.49; dark 0.42; driving 0.40; percussive 0.39
Dilby feat. DNCN,The Station,125.0,progressive house,rolling,progressive house 0.63; afro house 0.55; tech house 0.52; peak time techno 0.52,rolling 0.48; groovy 0.38; dark 0.37; driving 0.36
Dillon Francis & Ship Wrek,Whole Lotta Drugs (Extended Mix),126.0,progressive house,rolling,progressive house 0.48; peak time techno 0.45; breakbeat 0.35; afro house 0.35,rolling 0.39; percussive 0.38; dark 0.38; raw 0.36
Dillon Nathaniel,Bacana (Extended Mix),128.0,progressive house,percussive,progressive house 0.59; afro house 0.52; disco house 0.48; tribal house 0.47,percussive 0.41; rolling 0.40; groovy 0.32; driving 0.27
Dimmish,Lunar (Original Mix),125.0,progressive house,rolling,progressive house 0.58; afro house 0.56; melodic house 0.50; organic house 0.50,rolling 0.53; groovy 0.47; driving 0.42; uplifting 0.40
Dimmish,Fever,128.0,progressive house,rolling,progressive house 0.55; peak time techno 0.49; tech house 0.46; afro house 0.46,rolling 0.43; percussive 0.41; dark 0.32; driving 0.32
Dino Lenny,Not About The Volume (Tiger Stripes Remix),127.0,progressive house,rolling,progressive house 0.47; disco house 0.37; afro house 0.37; organic house 0.37,rolling 0.42; driving 0.38; raw 0.38; groovy 0.37
Dino Soccio,Seyes,120.0,progressive house,driving,progressive house 0.47; electronica 0.40; soulful house 0.38; afro house 0.38,driving 0.47; rolling 0.43; uplifting 0.43; dreamy 0.43
Dino Soccio,Work,124.01,progressive house,rolling,progressive house 0.61; afro house 0.56; disco house 0.55; organic house 0.42,rolling 0.42; groovy 0.36; driving 0.33; dark 0.29
Dirty Vegas,Days Go By,127.0,progressive house,rolling,progressive house 0.49; afro house 0.45; disco house 0.42; organic house 0.41,rolling 0.39; percussive 0.35; dark 0.32; groovy 0.32
Dirty Vegas,Days Go By (Camelphat Remix),123.0,progressive house,rolling,progressive house 0.49; afro house 0.47; peak time techno 0.46; electronica 0.41,rolling 0.51; percussive 0.45; dark 0.40; driving 0.38
Dirtytwo,Time & Space (Enter The Void Remix),116.0,progressive house,groovy,progressive house 0.56; afro house 0.52; melodic house 0.49; disco house 0.49,groovy 0.48; rolling 0.47; driving 0.45; uplifting 0.43
Dirtytwo,Makossa,124.0,progressive house,rolling,progressive house 0.58; afro house 0.50; peak time techno 0.50; organic house 0.49,rolling 0.45; percussive 0.36; dark 0.36; groovy 0.35
Dirtytwo,Embrace (Original Mix),117.0,progressive house,rolling,progressive house 0.56; afro house 0.51; disco house 0.49; melodic house 0.48,rolling 0.49; groovy 0.47; raw 0.44; uplifting 0.43
Dirtytwo,Gone,121.6,progressive house,rolling,progressive house 0.52; disco house 0.46; afro house 0.44; organic house 0.36,rolling 0.36; percussive 0.35; groovy 0.34; driving 0.31
Dirtytwo,Rymden (Homero Espinosa's Moulton Extended Mix),123.0,progressive house,rolling,progressive house 0.58; peak time techno 0.51; afro house 0.46; organic house 0.46,rolling 0.49; dark 0.43; groovy 0.38; driving 0.38
Disclosure,"She's Gone, Dance On (Extended Mix)",134.0,progressive house,rolling,progressive house 0.37; electronica 0.37; breakbeat 0.36; disco house 0.32,rolling 0.38; driving 0.35; percussive 0.34; raw 0.34
Disclosure,Expressing What Matters,120.0,progressive house,percussive,progressive house 0.47; disco house 0.46; afro house 0.45; electronica 0.39,percussive 0.42; rolling 0.39; groovy 0.37; driving 0.34
Disclosure & Chris Lake,one2three (Extended Mix),130.0,progressive house,percussive,progressive house 0.47; afro house 0.39; disco house 0.38; tribal house 0.35,percussive 0.44; rolling 0.38; driving 0.32; raw 0.32
Disclosure feat. AlunaGeorge,White Noise,120.0,progressive house,rolling,progressive house 0.49; soulful house 0.44; electronica 0.44; peak time techno 0.44,rolling 0.51; percussive 0.44; driving 0.44; dark 0.44
Disclosure ft. AlunaGeorge,White Noise (Max Hurrell Remix),120.0,progressive house,rolling,progressive house 0.47; soulful house 0.44; electronica 0.43; afro house 0.41,rolling 0.51; driving 0.43; dark 0.43; uplifting 0.41
"Disclosure, Eko Roosevelt",Tondo,132.0,progressive house,rolling,progressive house 0.49; disco house 0.45; afro house 0.43; tribal house 0.43,rolling 0.50; percussive 0.43; driving 0.42; groovy 0.40
"Disclosure, Fatoumata Diawara",Douha (Mali Mali),124.0,progressive house,rolling,progressive house 0.43; afro house 0.39; disco house 0.38; tribal house 0.38,rolling 0.42; percussive 0.39; raw 0.36; driving 0.33
"Disco Lines, Ship Wreck",I Don't Trust A Soul (Extended Mix),132.0,progressive house,rolling,progressive house 0.51; disco house 0.45; afro house 0.45; organic house 0.37,rolling 0.39; percussive 0.37; groovy 0.37; driving 0.37
Discoplex,Secrets (T.Markakis Remix),125.0,progressive house,rolling,progressive house 0.53; disco house 0.50; afro house 0.49; melodic house 0.42,rolling 0.47; driving 0.41; groovy 0.41; uplifting 0.39
Disfreq,Essa Mina (Original Mix),130.0,progressive house,rolling,progressive house 0.49; peak time techno 0.41; tech house 0.39; minimal techno 0.34,rolling 0.35; raw 0.34; dark 0.32; driving 0.27
Disfreq,Gotta Be Big (Extended Mix),130.0,progressive house,rolling,progressive house 0.49; peak time techno 0.47; tech house 0.41; minimal techno 0.38,rolling 0.42; driving 0.38; dark 0.37; raw 0.33
Disfreq,Brotata,133.0,progressive house,rolling,progressive house 0.56; peak time techno 0.46; tech house 0.41; afro house 0.40,rolling 0.41; driving 0.35; percussive 0.35; raw 0.33
"Djamou Sangare, Idd Aziz",LuaA,117.0,progressive house,rolling,progressive house 0.50; tribal house 0.42; afro house 0.41; disco house 0.40,rolling 0.45; driving 0.42; uplifting 0.40; groovy 0.40
Djomood,All I Need,126.0,progressive house,groovy,progressive house 0.53; disco house 0.48; afro house 0.46; melodic house 0.43,groovy 0.45; rolling 0.42; driving 0.41; uplifting 0.39
Djomood,Dreamer,124.0,progressive house,groovy,progressive house 0.57; disco house 0.54; afro house 0.53; melodic house 0.49,groovy 0.50; rolling 0.47; driving 0.42; uplifting 0.40
Djomood,4you,126.0,progressive house,groovy,progressive house 0.54; afro house 0.48; disco house 0.46; organic house 0.43,groovy 0.41; rolling 0.40; driving 0.35; percussive 0.35
Djomood,When I Saw You,126.05,progressive house,rolling,progressive house 0.51; disco house 0.46; afro house 0.44; melodic house 0.39,rolling 0.44; raw 0.42; groovy 0.41; driving 0.39
"Doctors On Decks, Chris Luno",The Fog,123.0,progressive house,rolling,progressive house 0.58; afro house 0.52; disco house 0.50; soulful house 0.49,rolling 0.51; groovy 0.46; driving 0.45; uplifting 0.44
Dole & Kom,Samoja - Mollono.Bass Remix,118.0,progressive house,rolling,progressive house 0.54; tribal house 0.51; disco house 0.47; afro house 0.43,rolling 0.45; percussive 0.43; driving 0.40; raw 0.38
Dom Dolla with Nelly Furtado,Eat Your Man (Extended Mix),125.0,progressive house,rolling,progressive house 0.55; peak time techno 0.48; afro house 0.47; disco house 0.45,rolling 0.45; percussive 0.44; raw 0.40; driving 0.40
Dompe,Dynamic Move (Extended Mix),127.0,progressive house,percussive,progressive house 0.62; disco house 0.59; afro house 0.54; organic house 0.49,percussive 0.45; rolling 0.41; groovy 0.40; driving 0.32
Doorly,P&O (Original Mix),122.0,progressive house,rolling,progressive house 0.46; afro house 0.46; melodic house 0.43; disco house 0.42,rolling 0.48; groovy 0.45; uplifting 0.43; driving 0.42
Doorly feat. dAVOS,96 (Original Mix),122.0,progressive house,rolling,progressive house 0.59; afro house 0.49; disco house 0.48; peak time techno 0.46,rolling 0.41; percussive 0.32; driving 0.32; dark 0.31
"Dor Danino, Yamagucci",Seven Eleven (Adam Ten Remix),123.0,progressive house,rolling,progressive house 0.53; peak time techno 0.49; soulful house 0.45; afro house 0.45,rolling 0.47; dark 0.42; driving 0.39; percussive 0.38
"Dorian Craft, Baron (FR)",Paradigm (Extended),121.0,progressive house,rolling,progressive house 0.51; soulful house 0.49; melodic house 0.48; afro house 0.47,rolling 0.54; driving 0.44; dark 0.44; groovy 0.42
Dosem,Projection (Original Mix),124.0,progressive house,rolling,progressive house 0.55; peak time techno 0.46; breakbeat 0.42; tech house 0.41,rolling 0.45; percussive 0.41; driving 0.36; raw 0.35
Dosem,Externalizer (Original Mix),125.0,progressive house,rolling,progressive house 0.57; peak time techno 0.52; tech house 0.51; afro house 0.50,rolling 0.45; dark 0.36; driving 0.35; groovy 0.34
"Dosem, Prok & Fitch",Doors (Original Mix),124.0,progressive house,rolling,progressive house 0.54; breakbeat 0.48; peak time techno 0.44; disco house 0.39,rolling 0.51; dark 0.48; driving 0.48; raw 0.37
"Dosh, Martina Camargo",Guataqui (Dosh Extended Remix),124.0,progressive house,percussive,progressive house 0.49; tribal house 0.46; afro house 0.35; disco house 0.35,percussive 0.42; rolling 0.41; raw 0.31; driving 0.28
"Dr. Chaii, KARABA, Emily Apollo, KMNI",FOCUS,122.0,progressive house,rolling,progressive house 0.56; afro house 0.49; peak time techno 0.48; minimal techno 0.44,rolling 0.52; dark 0.39; driving 0.37; uplifting 0.35
Drake,Nice For What,93.5,progressive house,rolling,progressive house 0.45; breakbeat 0.42; disco house 0.34; peak time techno 0.33,rolling 0.42; percussive 0.39; driving 0.38; raw 0.33
Drake,God's Plan,154.4,progressive house,rolling,progressive house 0.50; disco house 0.41; breakbeat 0.41; afro house 0.38,rolling 0.43; driving 0.41; dark 0.37; percussive 0.37
Dualities & Solar State,Crazy In Love (Extended Mix),127.0,progressive house,rolling,progressive house 0.55; afro house 0.45; peak time techno 0.43; disco house 0.42,rolling 0.43; driving 0.37; dark 0.36; uplifting 0.35
Dub.Format,Fallen in Acid (Original Mix),123.0,progressive house,rolling,progressive house 0.62; afro house 0.59; disco house 0.58; peak time techno 0.47,rolling 0.45; groovy 0.40; driving 0.36; dark 0.35
"Dubdogz, Volkoder, Danne, Cantini",Toda Vez,127.0,progressive house,rolling,progressive house 0.55; afro house 0.45; disco house 0.44; peak time techno 0.42,rolling 0.44; driving 0.38; percussive 0.37; dark 0.36
Duck Sauce (A-Trak & Armand Van Helden),Ask Me (Extended Mix),124.0,progressive house,rolling,progressive house 0.53; disco house 0.45; afro house 0.45; organic house 0.37,rolling 0.38; percussive 0.38; groovy 0.37; driving 0.36
Duke Dumont,Won't Look Back,124.0,progressive house,rolling,progressive house 0.63; disco house 0.52; afro house 0.51; peak time techno 0.50,rolling 0.51; dark 0.45; driving 0.42; groovy 0.39
Duke Dumont,I Need You Now,132.0,progressive house,rolling,progressive house 0.51; peak time techno 0.43; breakbeat 0.42; afro house 0.40,rolling 0.48; driving 0.43; dark 0.43; percussive 0.38
"Dukwa, Mar G",Thoughts (Original Mix),128.0,progressive house,rolling,progressive house 0.55; disco house 0.47; afro house 0.46; electronica 0.38,rolling 0.44; raw 0.39; percussive 0.36; driving 0.35
Dundas,Days (Original Mix),124.0,progressive house,rolling,progressive house 0.53; disco house 0.51; afro house 0.49; soulful house 0.49,rolling 0.54; driving 0.50; dark 0.50; groovy 0.49
Durante,Never B Alone (Extended Mix),123.0,progressive house,rolling,progressive house 0.51; afro house 0.44; peak time techno 0.44; tribal house 0.43,rolling 0.45; percussive 0.42; dark 0.35; driving 0.31
Durante,Once Again (Edit),125.0,progressive house,rolling,progressive house 0.55; peak time techno 0.52; afro house 0.48; tech house 0.45,rolling 0.48; driving 0.41; dark 0.38; groovy 0.36
Dust Yard,Lux (Original Mix),125.0,progressive house,rolling,progressive house 0.66; afro house 0.57; organic house 0.54; tech house 0.52,rolling 0.47; groovy 0.38; dark 0.35; driving 0.34
Dusty Springfield,Spooky (Quinten 909 Remix),123.0,progressive house,groovy,progressive house 0.56; disco house 0.52; afro house 0.48; tribal house 0.47,groovy 0.50; rolling 0.48; driving 0.47; uplifting 0.45
"DvirNuns, Dox",Pecado (Extended Mix),127.0,progressive house,rolling,progressive house 0.53; afro house 0.47; disco house 0.46; breakbeat 0.42,rolling 0.47; driving 0.43; groovy 0.41; dark 0.38
Dylan Linde,More Amor Por Favor,125.0,progressive house,rolling,progressive house 0.45; electronica 0.43; peak time techno 0.42; soulful house 0.41,rolling 0.52; driving 0.45; dark 0.44; raw 0.43
EARTHGANG & Snakehips,GLIMMER.,125.0,progressive house,rolling,progressive house 0.52; disco house 0.45; afro house 0.43; tribal house 0.37,rolling 0.37; percussive 0.34; raw 0.33; driving 0.33
EMBRZ,Stay (Original Mix),122.0,progressive house,dreamy,progressive house 0.52; melodic house 0.51; afro house 0.48; soulful house 0.47,dreamy 0.49; rolling 0.47; groovy 0.45; uplifting 0.45
ESSE,Ghost,172.05,progressive house,driving,progressive house 0.42; soulful house 0.41; breakbeat 0.39; electronica 0.38,driving 0.47; dreamy 0.47; uplifting 0.45; groovy 0.45
ESSED,La Gente (Original Mix),130.0,progressive house,rolling,progressive house 0.53; peak time techno 0.49; afro house 0.45; tech house 0.42,rolling 0.40; percussive 0.36; dark 0.28; driving 0.28
"Earth, Wind & Fire",September,127.66,progressive house,rolling,progressive house 0.36; electronica 0.36; breakbeat 0.35; disco house 0.35,rolling 0.38; driving 0.36; percussive 0.34; dark 0.33
Easttown,Momentum (Original Mix),130.0,progressive house,rolling,progressive house 0.53; afro house 0.49; disco house 0.48; breakbeat 0.45,rolling 0.44; groovy 0.39; driving 0.38; dark 0.36
Easttown,Rocking To The Rhythm (Extended),130.0,progressive house,percussive,progressive house 0.56; tribal house 0.52; organic house 0.48; afro house 0.46,percussive 0.45; rolling 0.45; dark 0.32; groovy 0.30
Easttown,Heliconia (Original Mix),131.0,progressive house,rolling,progressive house 0.62; tribal house 0.56; afro house 0.54; organic house 0.51,rolling 0.45; percussive 0.42; groovy 0.31; driving 0.31
"Ecchi.mp4, Karri",Rather Be In Oakland,136.0,progressive house,percussive,progressive house 0.49; tribal house 0.41; disco house 0.39; afro house 0.39,percussive 0.47; rolling 0.37; raw 0.34; driving 0.30
"Ecchi.mp4, Kilu, Orlando",you're everywhere,141.0,progressive house,rolling,progressive house 0.44; afro house 0.36; disco house 0.35; breakbeat 0.33,rolling 0.41; driving 0.38; raw 0.38; percussive 0.37
"Ecchi.mp4, dj gummy bear",Jamie (Do you still love me?),140.0,progressive house,rolling,progressive house 0.51; afro house 0.40; tribal house 0.38; disco house 0.37,rolling 0.37; percussive 0.37; driving 0.30; raw 0.28
"Echonomist, Avangart Tabldot, Alexandros Miaris",Secret Places (Mano Le Tough Remix),126.0,progressive house,rolling,progressive house 0.66; afro house 0.55; peak time techno 0.52; disco house 0.52,rolling 0.51; dark 0.43; driving 0.42; groovy 0.38
Eddie Richards,Someday,128.0,progressive house,rolling,progressive house 0.61; tech house 0.50; afro house 0.50; minimal techno 0.50,rolling 0.40; groovy 0.34; percussive 0.31; dark 0.30
Eddie Richards,Mbaby,128.0,progressive house,rolling,progressive house 0.59; peak time techno 0.51; afro house 0.50; organic house 0.47,rolling 0.48; dark 0.39; driving 0.33; groovy 0.33
Ede,Down Down (Dixon Edit) ,128.0,progressive house,percussive,progressive house 0.49; tribal house 0.46; afro house 0.43; disco house 0.41,percussive 0.41; rolling 0.39; raw 0.33; driving 0.31
Eden Burns,Invercargirl,127.0,progressive house,rolling,progressive house 0.53; afro house 0.53; disco house 0.50; organic house 0.45,rolling 0.43; groovy 0.39; raw 0.33; percussive 0.33
Eden Burns,Big Bark Manifesto,132.0,progressive house,rolling,progressive house 0.56; peak time techno 0.55; afro house 0.51; organic house 0.46,rolling 0.44; dark 0.36; groovy 0.32; driving 0.32
Eden Burns,Free Your Mind,124.0,progressive house,rolling,progressive house 0.59; afro house 0.52; organic house 0.51; peak time techno 0.50,rolling 0.41; groovy 0.36; dark 0.34; percussive 0.33
Edmondson,Saturdays,121.01,progressive house,dreamy,progressive house 0.47; tribal house 0.43; melodic house 0.41; afro house 0.41,dreamy 0.46; driving 0.42; rolling 0.41; uplifting 0.40
Edmondson,Every Night I Dream Of Catching Trains,127.0,progressive house,rolling,progressive house 0.56; afro house 0.52; peak time techno 0.49; tech house 0.47,rolling 0.42; groovy 0.41; dreamy 0.38; driving 0.37
"Edu Imbernon, Duologue, Tuff City Kids",Underworld (Tuff City Kids Remix),123.0,progressive house,rolling,progressive house 0.56; disco house 0.50; afro house 0.49; minimal techno 0.41,rolling 0.51; dark 0.41; driving 0.41; raw 0.40
Eelke Kleijn,De Orde Van De Nacht (Extended Mix),120.03,progressive house,rolling,progressive house 0.61; soulful house 0.60; tribal house 0.57; melodic house 0.57,rolling 0.57; dreamy 0.51; groovy 0.49; uplifting 0.49
"El Mundo & Satori, Mihalis Safras",Spread The Word (Mihalis Safras Edit),124.0,progressive house,percussive,progressive house 0.50; afro house 0.47; peak time techno 0.43; disco house 0.43,percussive 0.39; rolling 0.39; groovy 0.32; driving 0.31
Elekfantz,Diggin' On You (Solomun Remix),120.0,progressive house,rolling,progressive house 0.56; peak time techno 0.54; afro house 0.48; melodic techno 0.48,rolling 0.50; driving 0.47; dark 0.46; groovy 0.44
Eli & Fur,Come Back Around (Maya Jane Coles Extended Mix),132.0,progressive house,rolling,progressive house 0.54; soulful house 0.49; afro house 0.48; peak time techno 0.46,rolling 0.51; uplifting 0.46; dark 0.45; driving 0.44
Eli & Fur,My Reflection (Hugo Cantarra Extended Remix),124.0,progressive house,rolling,progressive house 0.51; soulful house 0.50; peak time techno 0.47; electronica 0.47,rolling 0.54; driving 0.52; dark 0.52; uplifting 0.47
Eli & Fur,It Feels Different Now (Extended Mix),123.0,progressive house,rolling,progressive house 0.51; afro house 0.46; soulful house 0.44; disco house 0.43,rolling 0.47; driving 0.42; groovy 0.41; uplifting 0.39
Eli Brown x GeezLy,Papi (Extended Mix),140.0,progressive house,rolling,progressive house 0.46; peak time techno 0.43; breakbeat 0.38; afro house 0.36,rolling 0.42; percussive 0.39; driving 0.33; dark 0.33
Eli Brown x GeezLy,Me Gusta (Extended Mix),138.0,progressive house,rolling,progressive house 0.52; peak time techno 0.43; tech house 0.39; afro house 0.39,rolling 0.38; driving 0.33; percussive 0.32; raw 0.32
Eli Samuel,Clap To This (Original Mix),130.0,progressive house,rolling,progressive house 0.57; afro house 0.53; disco house 0.49; organic house 0.49,rolling 0.44; percussive 0.42; groovy 0.35; driving 0.33
Elia Y Elizabeth,Alegria (Yuksek Remix),111.0,progressive house,percussive,progressive house 0.47; disco house 0.47; breakbeat 0.39; afro house 0.38,percussive 0.43; rolling 0.42; driving 0.38; raw 0.37
"Elio Riso, Lucio Spain",Breaking Minds,123.0,progressive house,rolling,progressive house 0.50; peak time techno 0.44; organic house 0.40; tribal house 0.39,rolling 0.42; percussive 0.36; dark 0.33; driving 0.30
"Eliza Rose, Oppidan",TOO SLOW (All Night) (Extended Mix),132.0,progressive house,rolling,progressive house 0.51; peak time techno 0.45; afro house 0.43; disco house 0.40,rolling 0.42; dark 0.37; raw 0.36; driving 0.35
Elkka,Burnt Orange (Original Mix),122.0,progressive house,rolling,progressive house 0.60; afro house 0.53; tribal house 0.52; disco house 0.50,rolling 0.41; percussive 0.38; driving 0.33; groovy 0.32
Ellis Moss,The Shake (Extended Club Mix),124.0,progressive house,rolling,progressive house 0.51; peak time techno 0.40; tribal house 0.38; disco house 0.37,rolling 0.43; percussive 0.39; raw 0.34; driving 0.33
Ellis Moss,Calling (Extended Mix),130.0,progressive house,rolling,progressive house 0.53; peak time techno 0.48; tech house 0.42; soulful house 0.41,rolling 0.46; dark 0.44; driving 0.39; uplifting 0.37
Emanuel Satie,Give It All (Extended Mix),127.0,progressive house,rolling,progressive house 0.49; afro house 0.41; breakbeat 0.39; peak time techno 0.39,rolling 0.44; dark 0.35; percussive 0.35; driving 0.35
"Emanuel Satie, Maga",Flores (Meera NO Remix),120.0,progressive house,rolling,progressive house 0.63; afro house 0.55; tribal house 0.53; organic house 0.51,rolling 0.55; groovy 0.46; driving 0.44; dark 0.44
"Emanuel Satie, Tim Engelhardt, Maga, Sean Doron, Rosbeh",Set You Free (Original Mix),124.0,progressive house,rolling,progressive house 0.55; afro house 0.50; disco house 0.46; soulful house 0.46,rolling 0.53; driving 0.43; groovy 0.42; dark 0.42
Emery Warman,Mangonada,123.0,progressive house,rolling,progressive house 0.55; peak time techno 0.50; afro house 0.48; melodic techno 0.45,rolling 0.41; dark 0.36; uplifting 0.31; percussive 0.30
Emi Galvan,Supernova (Original Mix),123.0,progressive house,rolling,progressive house 0.56; peak time techno 0.55; afro house 0.53; tech house 0.49,rolling 0.52; dark 0.43; driving 0.41; uplifting 0.40
Emi Ömar,Chut Hello,130.0,progressive house,rolling,progressive house 0.63; afro house 0.58; disco house 0.56; organic house 0.54,rolling 0.47; groovy 0.41; percussive 0.39; driving 0.36
Eminem,Shake That (Acapella),107.0,progressive house,percussive,progressive house 0.25; tribal house 0.22; afro house 0.20; organic house 0.17,percussive 0.18; groovy 0.08; uplifting 0.06; rolling 0.05
Emmit Fenn,"HOLD UP, I'M DOING SOMETHING",132.0,progressive house,rolling,progressive house 0.50; peak time techno 0.48; melodic techno 0.47; soulful house 0.46,rolling 0.53; dark 0.49; driving 0.43; uplifting 0.41
Empire Of The Sun,Walking On A Dream (BLOND:ISH Remix),127.0,progressive house,rolling,progressive house 0.49; breakbeat 0.49; peak time techno 0.46; soulful house 0.44,rolling 0.54; dark 0.49; driving 0.49; groovy 0.42
Empire Of The Sun,We Are The People (Studio Acapella),123.0,progressive house,raw,progressive house 0.28; electronica 0.26; tribal house 0.21; afro house 0.20,raw 0.25; euphoric 0.23; percussive 0.20; dark 0.19
Empire Of The Sun,We Are The People,123.0,progressive house,driving,progressive house 0.42; electronica 0.40; breakbeat 0.40; disco house 0.36,driving 0.47; rolling 0.43; raw 0.43; dark 0.42
Enamour ft. Meliha,Say Hello (Extended Mix),121.0,progressive house,rolling,progressive house 0.49; electronica 0.45; soulful house 0.45; disco house 0.44,rolling 0.54; driving 0.51; uplifting 0.49; dark 0.46
"Enamour, Hydrah",Hypertrophy of Heart,122.0,progressive house,rolling,progressive house 0.61; afro house 0.52; tribal house 0.51; peak time techno 0.50,rolling 0.52; dark 0.45; driving 0.43; groovy 0.42
"Enamour, Mustafa Ismaeel",Nothingness,123.0,progressive house,rolling,progressive house 0.54; afro house 0.48; tribal house 0.48; peak time techno 0.45,rolling 0.46; percussive 0.43; driving 0.38; groovy 0.36
Enzo is Burning,Cap,130.0,progressive house,rolling,progressive house 0.55; afro house 0.47; disco house 0.45; peak time techno 0.45,rolling 0.44; percussive 0.43; raw 0.37; driving 0.36
Eric Lune,Junior (Original Mix),122.0,progressive house,percussive,progressive house 0.47; afro house 0.45; peak time techno 0.44; electronica 0.42,percussive 0.43; rolling 0.41; raw 0.37; driving 0.35
Eric Luttrell,LOVE,125.0,progressive house,rolling,progressive house 0.56; disco house 0.56; afro house 0.52; breakbeat 0.48,rolling 0.52; driving 0.48; groovy 0.47; dark 0.44
Eric Prydz,Pjanoo (Original Mix),126.0,progressive house,rolling,progressive house 0.56; afro house 0.54; breakbeat 0.53; peak time techno 0.51,rolling 0.62; dark 0.53; driving 0.52; groovy 0.51
Eric Prydz,Call on Me,126.31,progressive house,rolling,progressive house 0.55; electronica 0.51; soulful house 0.49; disco house 0.49,rolling 0.57; dark 0.53; driving 0.46; groovy 0.44
Erick Morillo,Colombiano (Original Mix),126.0,progressive house,rolling,progressive house 0.58; tribal house 0.49; afro house 0.45; disco house 0.44,rolling 0.40; percussive 0.38; driving 0.33; groovy 0.30
Eridu,Feelin Hi,129.0,progressive house,rolling,progressive house 0.58; afro house 0.51; disco house 0.49; soulful house 0.47,rolling 0.47; groovy 0.43; dark 0.42; raw 0.42
Eridu,How I Feel (Extended Mix),128.0,progressive house,rolling,progressive house 0.62; afro house 0.50; disco house 0.49; tech house 0.45,rolling 0.39; driving 0.32; raw 0.32; groovy 0.32
Eskuche,Passion (Extended Mix),126.0,progressive house,rolling,progressive house 0.60; afro house 0.53; disco house 0.50; peak time techno 0.47,rolling 0.42; groovy 0.32; percussive 0.30; raw 0.29
Estiva,Parlez-Vous (Extended Mix),124.0,progressive house,rolling,progressive house 0.51; peak time techno 0.45; afro house 0.41; breakbeat 0.41,rolling 0.44; driving 0.34; dark 0.33; percussive 0.33
"Ethan Gray, Brutha Basil",I Get Lost (Extended Mix),124.0,progressive house,rolling,progressive house 0.54; disco house 0.47; afro house 0.47; breakbeat 0.43,rolling 0.47; driving 0.45; groovy 0.43; uplifting 0.41
"Evelynka, Jean Vayat, Artaria",Sun Is Setting (Original Mix),124.0,progressive house,rolling,progressive house 0.61; afro house 0.54; peak time techno 0.53; tech house 0.51,rolling 0.49; dark 0.40; driving 0.39; groovy 0.39
"Everything Is Art, WhoMadeWho",All The Love (WhoMadeWho & Samm Remix),120.0,progressive house,rolling,progressive house 0.53; peak time techno 0.48; afro house 0.47; soulful house 0.46,rolling 0.56; dark 0.44; driving 0.43; percussive 0.41
Evren Furtuna,Surfing Above the Clouds (Original Mix),118.0,progressive house,rolling,progressive house 0.58; soulful house 0.57; melodic house 0.51; organic house 0.51,rolling 0.57; driving 0.50; dark 0.49; dreamy 0.47
Exchpoptrue,Discoteca,120.0,progressive house,rolling,progressive house 0.60; peak time techno 0.53; afro house 0.50; organic house 0.46,rolling 0.42; percussive 0.35; dark 0.32; driving 0.31
"Eynka, Adriatique",Beyond Us (Hatshepsut Extended Version),126.02,progressive house,rolling,progressive house 0.53; peak time techno 0.52; afro house 0.50; breakbeat 0.48,rolling 0.57; dark 0.46; driving 0.43; warm 0.42
Ezequiel Arias,Delirio (Extended Mix),125.0,progressive house,rolling,progressive house 0.57; peak time techno 0.55; afro house 0.50; tech house 0.48,rolling 0.49; dark 0.41; driving 0.40; uplifting 0.36
Ezequiel Arias,Psychodelia (Extended Mix),125.0,progressive house,rolling,progressive house 0.48; peak time techno 0.46; breakbeat 0.43; tech house 0.41,rolling 0.48; driving 0.47; dark 0.43; percussive 0.42
"Ezequiel Arias, Durante",Prisma (Extended Mix),124.0,progressive house,rolling,progressive house 0.53; peak time techno 0.50; afro house 0.49; minimal techno 0.44,rolling 0.48; dark 0.38; driving 0.37; uplifting 0.36
F.I.D.,Naunte (T.Markakis Remix),125.0,progressive house,rolling,progressive house 0.53; disco house 0.50; afro house 0.48; melodic house 0.46,rolling 0.47; groovy 0.47; driving 0.45; uplifting 0.45
F3LIX A.,Swinging,124.0,progressive house,rolling,progressive house 0.61; afro house 0.54; organic house 0.51; peak time techno 0.50,rolling 0.48; groovy 0.40; dark 0.38; uplifting 0.38
F3LIX A.,Like A Blow,124.0,progressive house,rolling,progressive house 0.54; afro house 0.51; peak time techno 0.47; tech house 0.46,rolling 0.41; groovy 0.32; percussive 0.30; uplifting 0.30
F3LIX A.,Pearl,126.0,progressive house,rolling,progressive house 0.62; disco house 0.50; afro house 0.49; peak time techno 0.44,rolling 0.43; raw 0.34; percussive 0.34; driving 0.34
FDF (Italy),Sway On Me (Original Mix),125.0,progressive house,rolling,progressive house 0.59; soulful house 0.53; melodic techno 0.49; afro house 0.49,rolling 0.51; dark 0.49; driving 0.45; dreamy 0.44
FLAUSEN ft Ben Cocks,Fly Away For A Summer (Achtabahn Mix),120.0,progressive house,rolling,progressive house 0.47; disco house 0.44; electronica 0.40; afro house 0.38,rolling 0.45; raw 0.45; driving 0.44; percussive 0.40
FLETCH,Scratch One,128.0,progressive house,rolling,progressive house 0.60; afro house 0.48; disco house 0.48; peak time techno 0.47,rolling 0.45; driving 0.40; groovy 0.40; dark 0.39
Fairtone,Don't This,122.0,progressive house,rolling,progressive house 0.56; afro house 0.53; organic house 0.48; tribal house 0.47,rolling 0.44; groovy 0.35; percussive 0.35; driving 0.33
Faithless,God Is a DJ,130.49,progressive house,rolling,progressive house 0.53; peak time techno 0.49; soulful house 0.46; electronica 0.46,rolling 0.52; driving 0.47; dark 0.47; groovy 0.43
Faithless,Insomnia,126.87,progressive house,rolling,progressive house 0.52; peak time techno 0.45; breakbeat 0.45; afro house 0.41,rolling 0.49; dark 0.43; driving 0.43; groovy 0.37
Fantastic Plastic Machine,Todos Os Desejos,120.0,progressive house,rolling,progressive house 0.46; breakbeat 0.43; disco house 0.42; electronica 0.40,rolling 0.46; driving 0.42; raw 0.38; groovy 0.38
"Farley Jackmaster Funk, Giorgio Moroder, Jamie Lewis",I Wanna Rock You (Denis Naidanow Mix),123.0,progressive house,rolling,progressive house 0.54; afro house 0.50; disco house 0.48; melodic house 0.42,rolling 0.43; groovy 0.39; driving 0.37; raw 0.36
Fatboy Slim,"Right Here, Right Now (Camelphat Remix)",123.0,progressive house,rolling,progressive house 0.49; peak time techno 0.43; breakbeat 0.39; tribal house 0.37,rolling 0.46; percussive 0.40; dark 0.37; driving 0.35
Fatima Yamaha,What's A Girl To Do (RUZE Edit),133.0,progressive house,rolling,progressive house 0.54; peak time techno 0.49; afro house 0.49; organic house 0.48,rolling 0.52; percussive 0.50; groovy 0.39; driving 0.39
Fcukers,L.U.C.K.Y.,125.0,progressive house,rolling,progressive house 0.52; peak time techno 0.43; afro house 0.41; disco house 0.40,rolling 0.42; raw 0.39; driving 0.38; dark 0.37
Fedde Le Grand,Rude Boy (Extended Mix),125.0,progressive house,rolling,progressive house 0.54; afro house 0.44; tribal house 0.43; disco house 0.43,rolling 0.45; percussive 0.43; driving 0.39; raw 0.36
Fedde Le Grand,Put Your Hands Up For Detroit (Club Mix),128.0,progressive house,rolling,progressive house 0.52; peak time techno 0.50; breakbeat 0.41; afro house 0.38,rolling 0.49; dark 0.39; percussive 0.36; driving 0.33
Feint Young Son,Jazz Weapon (Extended),125.0,progressive house,rolling,progressive house 0.60; afro house 0.51; tribal house 0.48; organic house 0.47,rolling 0.45; percussive 0.42; groovy 0.38; driving 0.37
Felipe Gordon,The Semimodular Bird of Jazz (Original Mix),120.0,progressive house,rolling,progressive house 0.53; disco house 0.44; melodic house 0.44; afro house 0.44,rolling 0.50; driving 0.45; groovy 0.45; dark 0.42
Fennec,Message to Earth,126.0,progressive house,rolling,progressive house 0.50; tribal house 0.38; disco house 0.38; afro house 0.34,rolling 0.40; driving 0.38; groovy 0.35; percussive 0.34
Fioretti,Vice (Original Mix),126.0,progressive house,rolling,progressive house 0.48; peak time techno 0.44; breakbeat 0.40; tech house 0.39,rolling 0.46; dark 0.40; driving 0.38; percussive 0.36
Fioretti,San Pol (Original Mix),124.0,progressive house,rolling,progressive house 0.59; peak time techno 0.56; organic house 0.51; tech house 0.50,rolling 0.52; dark 0.44; driving 0.42; percussive 0.42
Fioretti,Philly,126.0,progressive house,rolling,progressive house 0.55; peak time techno 0.51; breakbeat 0.45; organic house 0.43,rolling 0.50; dark 0.47; driving 0.42; percussive 0.42
Flaminik,Amargo He (Original Mix),125.0,progressive house,rolling,progressive house 0.55; disco house 0.48; afro house 0.48; tribal house 0.41,rolling 0.41; percussive 0.40; groovy 0.34; driving 0.32
Flaminik,Poor (Original Mix),125.0,progressive house,percussive,progressive house 0.52; tribal house 0.44; afro house 0.41; disco house 0.38,percussive 0.36; rolling 0.34; groovy 0.22; driving 0.21
Flaminik,You Need,120.0,progressive house,rolling,progressive house 0.55; peak time techno 0.55; afro house 0.50; tech house 0.50,rolling 0.50; percussive 0.46; dark 0.40; groovy 0.39
Flashmob,The Lone Brazilian,124.0,progressive house,rolling,progressive house 0.63; peak time techno 0.51; deep house 0.50; disco house 0.50,rolling 0.48; dark 0.43; groovy 0.42; driving 0.41
Flashmob,Wildest,123.0,progressive house,rolling,progressive house 0.41; peak time techno 0.38; breakbeat 0.24; minimal techno 0.24,rolling 0.25; dark 0.20; percussive 0.19; driving 0.19
Flight Facilities,Crave You (Hush Hush Bootleg),120.0,progressive house,raw,progressive house 0.50; disco house 0.40; afro house 0.36; electronica 0.34,raw 0.42; rolling 0.36; driving 0.33; dark 0.32
"Flo.Von, Max Metzinger, Tim Klein, Jade LauriAni",Flying High,128.0,progressive house,rolling,progressive house 0.56; afro house 0.46; disco house 0.46; peak time techno 0.45,rolling 0.43; driving 0.38; groovy 0.36; dark 0.36
Floating Points,Vacuum Boogie (Original Mix)I,116.0,progressive house,rolling,progressive house 0.47; melodic house 0.46; disco house 0.45; melodic techno 0.45,rolling 0.52; dark 0.46; driving 0.44; groovy 0.42
"Florian Kruse, Hendrik Burkhard",We Own the Night,123.0,progressive house,rolling,progressive house 0.61; afro house 0.55; peak time techno 0.50; organic house 0.49,rolling 0.51; groovy 0.43; dark 0.41; driving 0.40
Foals,Late Night (Solomun Remix),122.0,progressive house,uplifting,progressive house 0.43; electronica 0.35; soulful house 0.35; afro house 0.34,uplifting 0.38; raw 0.36; rolling 0.36; dark 0.35
Folamour,Pressure Makes Diamonds,124.0,progressive house,rolling,progressive house 0.56; afro house 0.54; disco house 0.52; melodic house 0.48,rolling 0.50; groovy 0.46; driving 0.44; uplifting 0.43
Folamour,Naarm's Sunset,125.0,progressive house,rolling,progressive house 0.49; afro house 0.45; electronica 0.42; tribal house 0.40,rolling 0.56; percussive 0.47; driving 0.42; euphoric 0.41
Fort Romeau,Secrets & Lies,120.0,progressive house,rolling,progressive house 0.50; soulful house 0.47; melodic techno 0.45; melodic house 0.45,rolling 0.56; driving 0.48; dark 0.47; uplifting 0.45
Foster The People,Pumped Up Kicks (Bonafique Edit) M230824-2,125.0,progressive house,rolling,progressive house 0.63; afro house 0.57; peak time techno 0.56; organic house 0.52,rolling 0.52; dark 0.43; driving 0.41; groovy 0.41
Fouk,Ken Sent Me,118.0,progressive house,rolling,progressive house 0.55; tribal house 0.46; disco house 0.45; melodic house 0.45,rolling 0.44; groovy 0.43; driving 0.39; dreamy 0.38
Fouk,Lefty's Bar,120.0,progressive house,raw,progressive house 0.43; disco house 0.37; melodic house 0.34; electronica 0.34,raw 0.40; rolling 0.39; groovy 0.38; driving 0.37
Fouk,Kill Frenzy,120.0,progressive house,groovy,progressive house 0.51; disco house 0.42; afro house 0.39; breakbeat 0.39,groovy 0.44; rolling 0.44; driving 0.43; dark 0.39
"Fouk, Capyac, Slim Jeff, Annabelle Maginnis",Sanctuary (Fouk Remix),125.0,progressive house,rolling,progressive house 0.51; disco house 0.42; afro house 0.41; tribal house 0.36,rolling 0.38; percussive 0.36; raw 0.35; driving 0.34
Four Tet,Baby (Original Mix),127.0,progressive house,rolling,progressive house 0.50; tribal house 0.41; electronica 0.40; soulful house 0.40,rolling 0.44; dreamy 0.42; raw 0.40; driving 0.40
Four Tet,Daydream Repeat,128.39,progressive house,rolling,progressive house 0.49; peak time techno 0.47; tribal house 0.45; electronica 0.42,rolling 0.53; percussive 0.48; driving 0.43; dark 0.41
Four Tet,31 Bloom,127.0,progressive house,rolling,progressive house 0.51; afro house 0.49; melodic house 0.45; organic house 0.41,rolling 0.36; dreamy 0.33; groovy 0.32; uplifting 0.31
Foynez,Hit The Drums,130.0,progressive house,rolling,progressive house 0.56; disco house 0.49; afro house 0.45; organic house 0.43,rolling 0.45; percussive 0.43; groovy 0.42; driving 0.40
Foynez,Break It Up,130.0,progressive house,rolling,progressive house 0.55; peak time techno 0.48; afro house 0.45; disco house 0.44,rolling 0.44; percussive 0.40; driving 0.37; groovy 0.35
Franc Moody,Dopamine,125.0,progressive house,rolling,progressive house 0.53; disco house 0.50; afro house 0.44; electronica 0.38,rolling 0.43; groovy 0.41; driving 0.41; raw 0.39
"Francis Mercier, Nitefreak, Lenny Auguste",Ayibobo (Extended Mix),122.0,progressive house,rolling,progressive house 0.42; electronica 0.36; breakbeat 0.35; tribal house 0.32,rolling 0.46; driving 0.41; dark 0.38; raw 0.37
Frank Nitty,La Fluta de Habana (Extended Mix),126.0,progressive house,rolling,progressive house 0.56; peak time techno 0.46; soulful house 0.43; minimal techno 0.43,rolling 0.51; dark 0.45; driving 0.44; uplifting 0.38
Frank Ocean,Lost (Gabss & Vintage Culture Edit),128.0,progressive house,rolling,progressive house 0.48; disco house 0.46; afro house 0.44; breakbeat 0.36,rolling 0.40; raw 0.36; driving 0.36; groovy 0.36
Frankey & Sandrino,Please,123.0,progressive house,rolling,progressive house 0.55; disco house 0.48; afro house 0.44; tribal house 0.39,rolling 0.44; driving 0.39; groovy 0.37; dark 0.36
Frankey and Sandrino,Please (Echonomist Remix),128.0,progressive house,rolling,progressive house 0.54; peak time techno 0.54; minimal techno 0.47; melodic techno 0.46,rolling 0.54; dark 0.50; driving 0.43; raw 0.43
Frankie Flowerz,"It's Funk, It's House",120.0,progressive house,groovy,progressive house 0.56; disco house 0.51; afro house 0.46; tribal house 0.37,groovy 0.37; rolling 0.34; driving 0.34; raw 0.31
Franky Rizardo,Shinjuku (Extended Mix),129.0,progressive house,rolling,progressive house 0.61; peak time techno 0.53; afro house 0.53; organic house 0.51,rolling 0.55; driving 0.48; groovy 0.48; dark 0.47
"Franky Rizardo, Ros T feat. Eunice Collins",Out The Fire (At The Hotel),128.0,progressive house,rolling,progressive house 0.49; disco house 0.36; afro house 0.36; tribal house 0.33,rolling 0.35; raw 0.33; percussive 0.31; driving 0.30
Fred Again x Skepta x Plaqueboy Max,Victory Lap (BIJOU Remix),130.0,progressive house,rolling,progressive house 0.57; afro house 0.55; disco house 0.54; organic house 0.50,rolling 0.48; groovy 0.44; percussive 0.41; driving 0.38
Fred Again..,Homies (feat. Henry Wu),120.0,progressive house,percussive,progressive house 0.46; tribal house 0.39; afro house 0.36; disco house 0.35,percussive 0.42; rolling 0.33; raw 0.31; driving 0.30
Fred Again..,Clara (The Night Is Dark),125.0,progressive house,rolling,progressive house 0.49; electronica 0.43; disco house 0.39; tribal house 0.39,rolling 0.45; dark 0.40; driving 0.40; percussive 0.39
Fred Again..,Danielle (Smile On My Face),130.0,progressive house,rolling,progressive house 0.49; peak time techno 0.42; soulful house 0.40; afro house 0.37,rolling 0.41; dark 0.40; driving 0.40; raw 0.38
Fred Again..,Delilah (Pull Me Out Of This),138.89,progressive house,raw,progressive house 0.47; electronica 0.43; afro house 0.41; soulful house 0.39,raw 0.44; rolling 0.40; percussive 0.39; driving 0.38
Fred Again..,Marea (We've Lost Dancing),123.0,progressive house,rolling,progressive house 0.48; soulful house 0.38; peak time techno 0.38; breakbeat 0.37,rolling 0.45; driving 0.42; dark 0.38; raw 0.37
Fred again..,Kyle (i found you),112.0,progressive house,raw,progressive house 0.51; disco house 0.38; electronica 0.37; afro house 0.36,raw 0.44; rolling 0.41; driving 0.39; dark 0.38
Fred again.. & Gesaffelstein,BerwynGesaffNeighbours (feat. BERWYN),102.0,progressive house,rolling,progressive house 0.56; peak time techno 0.45; deep house 0.42; disco house 0.41,rolling 0.45; dark 0.42; driving 0.38; raw 0.34
Fred again.. x Skrillex x Four Tet,Baby again..,127.0,progressive house,rolling,progressive house 0.53; disco house 0.44; afro house 0.44; tribal house 0.40,rolling 0.38; driving 0.34; groovy 0.33; raw 0.31
"Fred again.., Skepta, PlaqueBoyMax",Victory Lap,140.0,progressive house,rolling,progressive house 0.44; breakbeat 0.37; disco house 0.36; afro house 0.36,rolling 0.40; driving 0.37; dark 0.34; groovy 0.32
Freddie Frampton,When You're Alone (Original Mix),123.0,progressive house,rolling,progressive house 0.63; afro house 0.58; organic house 0.54; disco house 0.52,rolling 0.45; groovy 0.41; percussive 0.41; raw 0.33
Freenzy Music; Ric Jay,Baile In Braza (Original Mix),130.0,progressive house,rolling,progressive house 0.53; afro house 0.44; tribal house 0.44; disco house 0.42,rolling 0.44; percussive 0.42; driving 0.35; groovy 0.33
"French Horn Rebellion, Marcy Chin",Soy Bonita (Delacour Remix),119.0,progressive house,rolling,progressive house 0.50; afro house 0.44; disco house 0.42; tribal house 0.37,rolling 0.40; groovy 0.36; driving 0.36; raw 0.35
Fresh & Low,New Life,125.0,progressive house,rolling,progressive house 0.62; afro house 0.55; disco house 0.52; organic house 0.52,rolling 0.48; groovy 0.44; driving 0.37; dark 0.36
Frida Carlos & Daniel Meister,Perception (Daniel Meister Remix),125.0,progressive house,rolling,progressive house 0.64; afro house 0.59; organic house 0.57; peak time techno 0.55,rolling 0.48; groovy 0.41; driving 0.37; uplifting 0.36
Fringe Society,Disco Di Morte Lenta - Mode Alone's Lonely Workout Remix,123.0,progressive house,rolling,progressive house 0.50; afro house 0.47; peak time techno 0.47; minimal techno 0.41,rolling 0.46; driving 0.40; dark 0.36; groovy 0.36
Frits Wentink,Theme 03,120.0,progressive house,rolling,progressive house 0.58; disco house 0.57; afro house 0.55; melodic house 0.45,rolling 0.43; groovy 0.37; dark 0.33; driving 0.32
"Frits Wentink, Malin Genie",Blood Meal,135.0,progressive house,rolling,progressive house 0.59; peak time techno 0.53; organic house 0.48; disco house 0.46,rolling 0.47; dark 0.42; driving 0.40; groovy 0.33
Fritz Kalkbrenner,Can We Find A Way (Ede Club Remix),122.0,progressive house,rolling,progressive house 0.58; afro house 0.50; melodic house 0.48; disco house 0.47,rolling 0.48; dreamy 0.47; driving 0.46; uplifting 0.45
Funkin Matt,Joi (Extended Mix),125.0,progressive house,rolling,progressive house 0.54; peak time techno 0.53; breakbeat 0.46; deep house 0.45,rolling 0.52; dark 0.45; driving 0.43; uplifting 0.37
Funky Connection,Funky Idea (Ma Quale Idea),111.0,progressive house,rolling,progressive house 0.50; disco house 0.41; afro house 0.37; tribal house 0.36,rolling 0.35; percussive 0.35; driving 0.33; groovy 0.30
Funky Green Dogs,Fired Up (Twilo Anthem Edit),122.93,progressive house,rolling,progressive house 0.48; tribal house 0.46; disco house 0.35; breakbeat 0.35,rolling 0.46; percussive 0.40; driving 0.34; dark 0.34
Fusion Groove Orchestra feat. Steve Lucas,If Only I Could,126.0,progressive house,rolling,progressive house 0.59; disco house 0.45; afro house 0.45; peak time techno 0.42,rolling 0.43; dark 0.39; driving 0.38; raw 0.37
GEN.KLOUD,VIRUS (Odd Mob Remix),126.0,progressive house,driving,progressive house 0.52; peak time techno 0.42; breakbeat 0.41; disco house 0.41,driving 0.47; rolling 0.47; dark 0.44; raw 0.43
GENNARO,My Jam,129.0,progressive house,rolling,progressive house 0.65; disco house 0.53; afro house 0.51; peak time techno 0.48,rolling 0.45; groovy 0.36; driving 0.36; percussive 0.35
GENNARO,Te Conoci,127.0,progressive house,rolling,progressive house 0.51; afro house 0.49; tribal house 0.45; disco house 0.44,rolling 0.46; percussive 0.43; groovy 0.37; driving 0.36
GEOTHEORY,YUR LUV,125.0,progressive house,percussive,progressive house 0.55; tribal house 0.46; disco house 0.46; organic house 0.44,percussive 0.53; rolling 0.51; raw 0.49; driving 0.41
GEOTHEORY,YUR LUV (BOOM ROOM MIXXX),123.0,progressive house,rolling,progressive house 0.53; breakbeat 0.41; peak time techno 0.40; disco house 0.39,rolling 0.40; driving 0.35; raw 0.34; dark 0.32
GEOTHEORY,YUR LUV (DARK NUBIAN DUB),124.0,progressive house,rolling,progressive house 0.61; afro house 0.45; peak time techno 0.45; disco house 0.45,rolling 0.43; driving 0.35; raw 0.34; dark 0.33
GHEIST,Everything,124.0,progressive house,rolling,progressive house 0.56; afro house 0.54; soulful house 0.53; peak time techno 0.53,rolling 0.51; uplifting 0.45; dark 0.45; driving 0.42
"GUDFELLA, Disco Lines",Sunny (Extended Mix),126.0,progressive house,rolling,progressive house 0.57; disco house 0.51; afro house 0.51; melodic house 0.44,rolling 0.49; groovy 0.46; driving 0.44; uplifting 0.40
"GUDFELLA, Jitwam",Morning Coffee (Extended Mix),128.0,progressive house,rolling,progressive house 0.51; afro house 0.47; disco house 0.47; breakbeat 0.42,rolling 0.42; percussive 0.38; driving 0.36; groovy 0.36
Gab Rhome,The Stalker,127.0,progressive house,rolling,progressive house 0.58; disco house 0.52; afro house 0.51; breakbeat 0.47,rolling 0.53; driving 0.49; groovy 0.46; dark 0.45
Gabriel Ananda,Doppelwhipper,126.0,progressive house,rolling,progressive house 0.58; peak time techno 0.52; afro house 0.48; tech house 0.48,rolling 0.50; driving 0.40; dark 0.39; groovy 0.37
"Gabriel Ananda, John Digweed, Nick Muir",Tachyon Dream,125.0,progressive house,rolling,progressive house 0.57; afro house 0.54; peak time techno 0.51; minimal techno 0.49,rolling 0.53; groovy 0.48; driving 0.45; uplifting 0.44
"Gabriel Ananda, Maceo Plex",Solitary Daze,125.0,progressive house,rolling,progressive house 0.48; melodic techno 0.46; deep house 0.44; peak time techno 0.43,rolling 0.53; dark 0.50; driving 0.45; uplifting 0.39
"Gabriel Rocha, DJ PP",Coyhaique (Extended Mix),124.0,progressive house,rolling,progressive house 0.52; afro house 0.45; disco house 0.43; peak time techno 0.37,rolling 0.39; uplifting 0.37; driving 0.36; groovy 0.36
"Gai Barone, Cary Crank",You Are Becoming (Extended Mix),122.0,progressive house,rolling,progressive house 0.59; organic house 0.58; peak time techno 0.57; afro house 0.56,rolling 0.56; percussive 0.47; groovy 0.42; dark 0.41
"Garden City Movement, Mita Gami",Untouchable (Original Mix),123.0,progressive house,driving,progressive house 0.53; breakbeat 0.50; disco house 0.49; afro house 0.46,driving 0.54; rolling 0.51; groovy 0.48; uplifting 0.47
Gaston Lopez,Red Lips,121.0,progressive house,groovy,progressive house 0.56; afro house 0.55; organic house 0.54; disco house 0.53,groovy 0.53; rolling 0.49; driving 0.43; uplifting 0.42
Gat Decor,Passion - Naked Edit,124.85,progressive house,rolling,progressive house 0.59; afro house 0.57; peak time techno 0.57; tech house 0.54,rolling 0.49; groovy 0.44; uplifting 0.40; dark 0.39
Gathaspar,op. 20,127.0,progressive house,rolling,progressive house 0.59; organic house 0.49; disco house 0.47; melodic house 0.46,rolling 0.48; groovy 0.43; driving 0.42; raw 0.41
Genius Of Time,Sunswell,124.0,progressive house,rolling,progressive house 0.52; afro house 0.50; melodic house 0.48; soulful house 0.47,rolling 0.47; groovy 0.44; dreamy 0.43; uplifting 0.43
"George Kelly, Vaudafunk",Just Call My Name,125.0,progressive house,rolling,progressive house 0.55; disco house 0.52; afro house 0.47; breakbeat 0.42,rolling 0.51; driving 0.46; groovy 0.44; dark 0.43
Giovanni Agugiaro,Hard Times (Dennis Cruz Remix),123.0,progressive house,percussive,progressive house 0.58; disco house 0.48; afro house 0.46; organic house 0.43,percussive 0.39; rolling 0.39; groovy 0.35; driving 0.33
Giovanni Damico,Italians In A Line (Original Mix),122.0,progressive house,percussive,progressive house 0.51; disco house 0.50; afro house 0.44; electronica 0.44,percussive 0.44; rolling 0.43; groovy 0.42; driving 0.38
Giriu Dvasios,Dausa,120.0,progressive house,rolling,progressive house 0.63; afro house 0.57; disco house 0.54; deep house 0.51,rolling 0.52; groovy 0.47; driving 0.45; dark 0.43
"Glass Animals, Denzel Curry",Tokyo Drifting,129.0,progressive house,driving,progressive house 0.48; breakbeat 0.46; disco house 0.41; electronica 0.39,driving 0.47; rolling 0.47; dark 0.42; groovy 0.39
Glenn Underground,Colouration,125.79,progressive house,rolling,progressive house 0.61; disco house 0.55; afro house 0.54; organic house 0.49,rolling 0.52; percussive 0.42; groovy 0.42; dark 0.38
"Glimpse, Martin Dawson",No One Belongs Here More Than You (Original Mix),125.0,progressive house,rolling,progressive house 0.56; afro house 0.52; disco house 0.52; melodic house 0.46,rolling 0.47; groovy 0.43; driving 0.41; uplifting 0.40
"Glonti.Mak, Lipelis",Apaya - Lipelis Remix,112.0,progressive house,rolling,progressive house 0.44; electronica 0.42; disco house 0.40; afro house 0.38,rolling 0.47; percussive 0.42; raw 0.39; driving 0.39
"Glowfield, 16BL",Calling New York (Original Mix),125.0,progressive house,rolling,progressive house 0.55; peak time techno 0.51; afro house 0.51; soulful house 0.51,rolling 0.55; dark 0.50; uplifting 0.47; driving 0.46
Gold Panda,Plain Sailing,124.0,progressive house,driving,progressive house 0.47; melodic house 0.45; downtempo 0.45; melodic techno 0.44,driving 0.53; groovy 0.49; rolling 0.49; dark 0.47
Gonçalo,Mental Help (Original Mix),122.0,progressive house,rolling,progressive house 0.54; afro house 0.50; peak time techno 0.50; soulful house 0.46,rolling 0.50; dark 0.41; uplifting 0.40; driving 0.38
Goosey,Reachup,128.0,progressive house,rolling,progressive house 0.59; afro house 0.51; disco house 0.49; peak time techno 0.46,rolling 0.36; percussive 0.30; groovy 0.27; driving 0.26
Gordo,Sideways (Feat. Drake),122.0,progressive house,rolling,progressive house 0.53; soulful house 0.50; afro house 0.49; melodic house 0.47,rolling 0.55; dark 0.47; driving 0.45; groovy 0.44
Gorge,Never Stop,124.0,progressive house,rolling,progressive house 0.63; afro house 0.54; disco house 0.53; soulful house 0.49,rolling 0.53; dark 0.46; driving 0.45; groovy 0.44
Gorge,Higher (Club Mix),122.0,progressive house,rolling,progressive house 0.50; soulful house 0.49; afro house 0.47; melodic house 0.45,rolling 0.52; driving 0.48; uplifting 0.48; dark 0.45
Gorge,Touch The Sky (Extended Mix),122.0,progressive house,rolling,progressive house 0.50; afro house 0.50; melodic house 0.49; soulful house 0.48,rolling 0.52; groovy 0.45; driving 0.44; uplifting 0.43
Gorge,Intensity,125.0,progressive house,rolling,progressive house 0.56; afro house 0.44; disco house 0.44; breakbeat 0.43,rolling 0.50; driving 0.42; dark 0.39; percussive 0.37
Gorge,Take U,124.0,progressive house,rolling,progressive house 0.63; afro house 0.54; disco house 0.54; organic house 0.45,rolling 0.42; groovy 0.35; driving 0.32; uplifting 0.31
Gorge,Tiago,124.0,progressive house,rolling,progressive house 0.51; afro house 0.50; soulful house 0.47; peak time techno 0.47,rolling 0.50; dark 0.40; uplifting 0.40; driving 0.39
Gorge,Three,125.0,progressive house,rolling,progressive house 0.60; peak time techno 0.57; afro house 0.56; disco house 0.52,rolling 0.54; dark 0.44; groovy 0.40; driving 0.39
Gorge & DÉ SAINT.,Hear Me (Original Mix),126.0,progressive house,rolling,progressive house 0.56; afro house 0.54; disco house 0.49; peak time techno 0.47,rolling 0.49; groovy 0.43; uplifting 0.41; driving 0.40
"Gorge, DÉ SAINT., Sambora, Sharn Te Pou",Let It Go feat. Sharn Te Pou (Gorge & DÉ SAINT. Extended Remix),125.0,progressive house,rolling,progressive house 0.57; afro house 0.53; organic house 0.48; tech house 0.48,rolling 0.47; percussive 0.42; groovy 0.40; driving 0.38
"Gorge, Greater Than Us feat. DÉ SAINT.",Wasted Time (DÉ SAINT. Extended Remix),124.0,progressive house,rolling,progressive house 0.58; peak time techno 0.49; afro house 0.49; tech house 0.47,rolling 0.49; dark 0.43; driving 0.41; uplifting 0.41
"Gorge, Oliver Schories",Maru,124.0,progressive house,rolling,progressive house 0.58; afro house 0.56; disco house 0.49; tech house 0.48,rolling 0.47; groovy 0.41; uplifting 0.38; driving 0.36
Gorkiz & Yan Niklas feat. Mila Belini,Clouds and Flowers (RIGOONI Remix),121.0,progressive house,rolling,progressive house 0.53; soulful house 0.50; melodic house 0.48; afro house 0.47,rolling 0.47; dreamy 0.46; groovy 0.43; uplifting 0.42
"Gotye, SIDEPIECE",Somebody I Used To Know,130.0,progressive house,rolling,progressive house 0.42; breakbeat 0.41; peak time techno 0.40; electronica 0.38,rolling 0.46; dark 0.42; driving 0.41; percussive 0.40
Gramophonedzie,Why Don't You,125.0,progressive house,rolling,progressive house 0.51; disco house 0.45; breakbeat 0.39; afro house 0.38,rolling 0.38; driving 0.37; raw 0.36; groovy 0.34
Gramophonedzie,Why Don't You,125.0,progressive house,rolling,progressive house 0.51; disco house 0.45; breakbeat 0.39; afro house 0.38,rolling 0.38; driving 0.37; raw 0.36; groovy 0.34
Grand Soleil,Sables Mouvants,124.0,progressive house,rolling,progressive house 0.61; peak time techno 0.57; afro house 0.53; organic house 0.53,rolling 0.47; percussive 0.42; groovy 0.38; dark 0.38
Grand Soleil,Réalité,116.0,progressive house,rolling,progressive house 0.55; peak time techno 0.47; afro house 0.42; organic house 0.41,rolling 0.51; dark 0.42; driving 0.40; groovy 0.35
"Green Velvet, Carl Craig",Party,124.95,progressive house,rolling,progressive house 0.61; disco house 0.59; afro house 0.56; organic house 0.47,rolling 0.44; groovy 0.40; driving 0.36; dark 0.34
"Green Velvet, Craig Williams",Paradise (Original Mix),126.0,progressive house,rolling,progressive house 0.62; afro house 0.53; disco house 0.50; peak time techno 0.48,rolling 0.44; groovy 0.37; dark 0.35; driving 0.34
"Green Velvet, Doorly",Money (Original Mix),123.0,progressive house,percussive,progressive house 0.59; peak time techno 0.51; organic house 0.45; afro house 0.44,percussive 0.42; rolling 0.41; dark 0.33; driving 0.28
"Green Velvet, Prok & Fitch",Sheeple (Original Mix)T,124.0,progressive house,percussive,progressive house 0.51; peak time techno 0.41; afro house 0.40; disco house 0.40,percussive 0.41; rolling 0.35; driving 0.30; raw 0.30
Greg Di Mano,New York To Paris (Jerome De Palma Remix),127.92,progressive house,rolling,progressive house 0.49; peak time techno 0.46; disco house 0.44; afro house 0.44,rolling 0.46; percussive 0.43; groovy 0.37; dark 0.37
Groove Armada feat. Gramma Funk,I See You Baby (Austin Ato Extended Remix),128.0,progressive house,rolling,progressive house 0.50; tribal house 0.41; peak time techno 0.37; afro house 0.37,rolling 0.41; percussive 0.40; driving 0.33; dark 0.31
Groove Cocktail,Deep Touch (Karol XVII and MB Valence Loco Mix),123.0,progressive house,rolling,progressive house 0.59; afro house 0.55; disco house 0.51; minimal techno 0.44,rolling 0.42; groovy 0.39; uplifting 0.37; driving 0.35
Groove P,Are They Real (Extended Mix),124.0,progressive house,rolling,progressive house 0.55; peak time techno 0.45; disco house 0.41; organic house 0.40,rolling 0.47; percussive 0.40; dark 0.36; driving 0.35
Groove P,Are They Real (MYOB Remix) [Extended Mix],126.0,progressive house,rolling,progressive house 0.56; tribal house 0.49; afro house 0.47; organic house 0.47,rolling 0.50; percussive 0.45; driving 0.40; dark 0.39
Gruuve & Shar,Teller,125.0,progressive house,rolling,progressive house 0.54; afro house 0.43; disco house 0.40; tech house 0.40,rolling 0.45; driving 0.43; uplifting 0.37; groovy 0.37
Guillaume Michaud,Play Your Love,125.0,progressive house,rolling,progressive house 0.57; afro house 0.50; disco house 0.47; peak time techno 0.45,rolling 0.44; dark 0.39; driving 0.37; uplifting 0.37
Gunnter,Jupitos,124.0,progressive house,rolling,progressive house 0.58; afro house 0.54; disco house 0.51; deep house 0.49,rolling 0.43; groovy 0.40; dark 0.38; driving 0.36
Guti,El Solitario (Carl Craig Remix),126.0,progressive house,rolling,progressive house 0.51; afro house 0.45; peak time techno 0.44; minimal techno 0.40,rolling 0.43; percussive 0.33; groovy 0.32; dark 0.31
Guti & Dubshape,Keep (Original Mix),127.0,progressive house,rolling,progressive house 0.60; afro house 0.53; peak time techno 0.51; organic house 0.50,rolling 0.47; dark 0.37; groovy 0.37; driving 0.35
Gux Jimenez & Dastan,High Priestess (Extended Mix),120.0,progressive house,rolling,progressive house 0.56; afro house 0.53; peak time techno 0.52; tech house 0.45,rolling 0.47; uplifting 0.37; dark 0.36; driving 0.35
"Guy Gerber, Dixon",No Distance (Original Mix),122.0,progressive house,rolling,progressive house 0.58; peak time techno 0.56; soulful house 0.52; afro house 0.51,rolling 0.55; dark 0.47; driving 0.46; uplifting 0.43
Guy J,Worlds Apart,122.0,progressive house,rolling,progressive house 0.54; peak time techno 0.54; afro house 0.49; tech house 0.45,rolling 0.52; dark 0.42; percussive 0.40; driving 0.39
Guy J,Small Alarms,120.0,progressive house,rolling,progressive house 0.47; peak time techno 0.46; soulful house 0.44; afro house 0.43,rolling 0.49; dark 0.40; driving 0.37; uplifting 0.36
Guy J,Illusions (Original Mix),122.0,progressive house,rolling,progressive house 0.52; afro house 0.51; peak time techno 0.51; tech house 0.45,rolling 0.43; percussive 0.35; uplifting 0.34; groovy 0.34
Guy J,Metal Dreams,124.0,progressive house,rolling,progressive house 0.59; peak time techno 0.55; minimal techno 0.49; afro house 0.47,rolling 0.54; dark 0.48; driving 0.45; groovy 0.39
Guy Mantzur,Tremolo Man,120.0,progressive house,rolling,progressive house 0.56; tribal house 0.49; afro house 0.47; peak time techno 0.45,rolling 0.42; percussive 0.38; driving 0.30; groovy 0.28
"Guy Mantzur, Roy Rosenfeld",Epika,120.0,progressive house,rolling,progressive house 0.52; melodic house 0.50; melodic techno 0.49; afro house 0.49,rolling 0.54; groovy 0.50; driving 0.49; uplifting 0.48
H.K.,First Summer,128.0,progressive house,groovy,progressive house 0.61; afro house 0.57; disco house 0.54; melodic house 0.50,groovy 0.45; rolling 0.44; uplifting 0.42; dreamy 0.41
HAVEN,I Run,138.0,progressive house,rolling,progressive house 0.45; afro house 0.42; breakbeat 0.42; disco house 0.41,rolling 0.46; driving 0.44; uplifting 0.43; dark 0.42
HNNY,Most Really Pretty Girls Have Pretty Ugly Feet,119.92,progressive house,groovy,progressive house 0.52; afro house 0.48; disco house 0.47; melodic house 0.44,groovy 0.44; rolling 0.42; dreamy 0.41; driving 0.40
HOSH feat. Jalja,Tighter (CamelPhat Extended Remix),125.0,progressive house,rolling,progressive house 0.52; peak time techno 0.49; afro house 0.48; soulful house 0.47,rolling 0.53; driving 0.46; dark 0.44; uplifting 0.43
"HP Vince, Chuck Roberts",Jack Had A Groove (Sinner & James Extended Mix),124.0,progressive house,percussive,progressive house 0.52; disco house 0.39; afro house 0.39; tribal house 0.39,percussive 0.38; rolling 0.33; raw 0.28; groovy 0.24
HUGEL & Topic feat. Arash & Daecolm,I Adore You (ARTBAT Remix),125.0,progressive house,rolling,progressive house 0.42; electronica 0.41; tribal house 0.36; breakbeat 0.36,rolling 0.46; driving 0.44; dark 0.43; uplifting 0.40
HUGEL & Westend,Aguila (Feat. Cumbiafrica) (Original Mix),125.0,progressive house,percussive,progressive house 0.47; tribal house 0.41; afro house 0.38; disco house 0.37,percussive 0.44; rolling 0.42; driving 0.34; raw 0.34
"HUGEL, Cumbiafrica",Morenita,124.0,progressive house,rolling,progressive house 0.53; peak time techno 0.43; afro house 0.42; disco house 0.42,rolling 0.48; driving 0.41; percussive 0.40; dark 0.38
"HUGEL, Cumbiafrica",El Sueno,126.0,progressive house,rolling,progressive house 0.50; afro house 0.38; disco house 0.38; tribal house 0.38,rolling 0.46; driving 0.40; raw 0.39; percussive 0.39
"HUGEL, Cumbiafrica",Morenita (Marco Generani Extended Remix),125.0,progressive house,rolling,progressive house 0.46; peak time techno 0.44; breakbeat 0.42; electronica 0.39,rolling 0.51; percussive 0.46; driving 0.42; dark 0.40
"HUGEL, J Balvin & Ellie Goulding feat. Topic, Arash & Daecolm",I Adore You,120.0,progressive house,rolling,progressive house 0.44; afro house 0.37; disco house 0.36; electronica 0.36,rolling 0.42; raw 0.39; driving 0.38; percussive 0.37
"HUGEL, Totó La Momposina",La Verdolaga (Extended Mix),124.0,progressive house,rolling,progressive house 0.48; afro house 0.41; peak time techno 0.40; tribal house 0.38,rolling 0.45; percussive 0.41; dark 0.34; raw 0.34
HWLS,No More,132.0,progressive house,rolling,progressive house 0.51; peak time techno 0.47; breakbeat 0.41; afro house 0.38,rolling 0.40; dark 0.33; percussive 0.31; driving 0.30
Haddaway,What is Love,123.87,progressive house,rolling,progressive house 0.44; peak time techno 0.37; electronica 0.36; afro house 0.34,rolling 0.43; percussive 0.36; driving 0.34; dark 0.33
Halo,Keep Reaching - Instrumental ,123.92,progressive house,rolling,progressive house 0.52; afro house 0.49; disco house 0.47; melodic house 0.44,rolling 0.45; groovy 0.42; driving 0.39; uplifting 0.35
Hamdi,Counting (P Money Vocal Dub),140.0,progressive house,rolling,progressive house 0.42; peak time techno 0.42; breakbeat 0.37; afro house 0.35,rolling 0.37; percussive 0.34; driving 0.34; dark 0.33
Hanayo,Joe Le Taxi (Extended Mix),125.99,progressive house,rolling,progressive house 0.54; peak time techno 0.47; afro house 0.42; disco house 0.42,rolling 0.41; driving 0.35; dark 0.35; raw 0.32
Hanfry Martinez And Terence Terry,Sunday Gathering (Dyed Soundorom Remix),123.0,progressive house,groovy,progressive house 0.65; afro house 0.59; organic house 0.56; disco house 0.56,groovy 0.45; rolling 0.45; driving 0.39; percussive 0.38
Hank,FunkYa,126.0,progressive house,rolling,progressive house 0.54; afro house 0.49; disco house 0.49; breakbeat 0.44,rolling 0.45; groovy 0.42; driving 0.40; uplifting 0.38
Hank,Control,127.0,progressive house,percussive,progressive house 0.52; tribal house 0.44; afro house 0.43; disco house 0.41,percussive 0.44; rolling 0.40; groovy 0.32; driving 0.31
Hank,Control (Gorge & Nick Curly Remix),126.0,progressive house,rolling,progressive house 0.59; tribal house 0.48; peak time techno 0.48; afro house 0.48,rolling 0.47; percussive 0.38; groovy 0.35; dark 0.35
Hardsoul,Deep Inside (CASSIMM Extended Remix),125.0,progressive house,rolling,progressive house 0.56; afro house 0.47; peak time techno 0.46; disco house 0.45,rolling 0.46; driving 0.40; groovy 0.39; dark 0.38
Hardsoul Ft. Fierce Ruling Diva,Self Religion (Believe In Me) (CASSIMM Extended Remix),125.0,progressive house,rolling,progressive house 0.51; peak time techno 0.47; tech house 0.42; breakbeat 0.42,rolling 0.48; percussive 0.39; driving 0.38; dark 0.36
Harry Romero,Say Yeah!,124.0,progressive house,rolling,progressive house 0.57; peak time techno 0.48; breakbeat 0.47; afro house 0.46,rolling 0.53; dark 0.45; driving 0.45; groovy 0.42
Harry Romero,Hot Music,124.0,progressive house,rolling,progressive house 0.57; disco house 0.47; electronica 0.42; afro house 0.42,rolling 0.45; driving 0.44; dark 0.43; groovy 0.43
Harunhuba,Elena,125.0,progressive house,rolling,progressive house 0.60; afro house 0.56; disco house 0.53; organic house 0.49,rolling 0.48; groovy 0.41; percussive 0.40; driving 0.37
Harvey Sutherland,Bamboo (Original Mix),115.35,progressive house,rolling,progressive house 0.49; melodic house 0.47; afro house 0.47; disco house 0.44,rolling 0.45; groovy 0.43; driving 0.40; uplifting 0.39
Harvey Sutherland,Superego,126.0,progressive house,driving,progressive house 0.55; disco house 0.54; afro house 0.49; melodic house 0.47,driving 0.50; groovy 0.50; rolling 0.49; dark 0.45
Hatiras,Bad Mon Sound,127.0,progressive house,rolling,progressive house 0.53; peak time techno 0.44; breakbeat 0.41; electronica 0.40,rolling 0.49; dark 0.42; percussive 0.41; driving 0.40
Hatiras,Miamimita (Low Steppa & Nolek Remix),127.0,progressive house,rolling,progressive house 0.52; breakbeat 0.44; afro house 0.43; disco house 0.42,rolling 0.50; percussive 0.40; driving 0.39; dark 0.35
Hatiras,Hypnotized (Extended Mix),127.0,progressive house,percussive,progressive house 0.45; peak time techno 0.44; breakbeat 0.33; electronica 0.31,percussive 0.43; rolling 0.39; dark 0.35; raw 0.35
Hatiras & Sebb Junior,Let It Flow (Extended Mix),126.0,progressive house,rolling,progressive house 0.45; electronica 0.40; disco house 0.38; afro house 0.38,rolling 0.43; percussive 0.42; raw 0.41; driving 0.38
"Hauswerks, Doorly",Ayahuasca,123.0,progressive house,rolling,progressive house 0.48; tribal house 0.41; peak time techno 0.38; organic house 0.37,rolling 0.44; percussive 0.43; driving 0.38; dark 0.33
Havantepe,Breeze,127.0,progressive house,groovy,progressive house 0.66; afro house 0.59; disco house 0.55; organic house 0.55,groovy 0.41; rolling 0.40; driving 0.33; dark 0.31
Hector,Hide (Delano Smith Remix),126.0,progressive house,rolling,progressive house 0.56; peak time techno 0.55; afro house 0.53; minimal techno 0.51,rolling 0.47; uplifting 0.36; groovy 0.35; percussive 0.34
Hector Couto,Salimo,126.0,progressive house,rolling,progressive house 0.61; peak time techno 0.46; disco house 0.45; afro house 0.44,rolling 0.44; driving 0.39; dark 0.37; groovy 0.34
Hector Couto & KiRiK,I Want Magic,128.0,progressive house,rolling,progressive house 0.55; disco house 0.47; afro house 0.43; tribal house 0.41,rolling 0.46; percussive 0.42; raw 0.37; driving 0.37
"Hector Couto, KiRiK",Day By Day,129.0,progressive house,rolling,progressive house 0.56; peak time techno 0.49; afro house 0.49; disco house 0.47,rolling 0.42; dark 0.37; groovy 0.36; driving 0.35
Henrik Villard,It's Just Love,120.09,progressive house,rolling,progressive house 0.54; disco house 0.51; afro house 0.49; melodic house 0.45,rolling 0.46; groovy 0.43; driving 0.43; raw 0.41
Henrik Villard,What We Feel,120.0,progressive house,rolling,progressive house 0.60; disco house 0.50; afro house 0.48; deep house 0.44,rolling 0.50; driving 0.43; groovy 0.41; dark 0.40
Henrik Villard,Tredve Grader På Balkongen,118.0,progressive house,rolling,progressive house 0.55; afro house 0.46; disco house 0.45; deep house 0.45,rolling 0.46; dark 0.39; driving 0.37; uplifting 0.36
Henrik Villard,Find A Certain Way,121.0,progressive house,rolling,progressive house 0.61; disco house 0.52; afro house 0.52; organic house 0.46,rolling 0.48; groovy 0.43; driving 0.42; dark 0.40
Henrik Villard,It Could Be Us,123.0,progressive house,rolling,progressive house 0.54; disco house 0.51; afro house 0.49; melodic house 0.45,rolling 0.46; groovy 0.43; driving 0.43; raw 0.41
Henrik Villard,It Could Be Us,123.0,progressive house,rolling,progressive house 0.55; disco house 0.47; afro house 0.45; organic house 0.38,rolling 0.42; driving 0.35; groovy 0.35; raw 0.35
Henry Saiz,Lucero Del Alba,119.0,progressive house,rolling,progressive house 0.56; peak time techno 0.53; afro house 0.52; minimal techno 0.50,rolling 0.54; groovy 0.44; dark 0.42; uplifting 0.41
Hidden Spheres,Waiting,120.0,progressive house,rolling,progressive house 0.51; melodic house 0.44; disco house 0.44; afro house 0.44,rolling 0.47; groovy 0.46; driving 0.42; uplifting 0.41
Hidden Spheres,Upsn Down,120.0,progressive house,groovy,progressive house 0.50; afro house 0.42; disco house 0.41; melodic house 0.40,groovy 0.41; rolling 0.40; raw 0.40; driving 0.37
High Beam,Just What I Said (Everything In Its Right Place),124.0,progressive house,rolling,progressive house 0.50; afro house 0.46; disco house 0.46; deep house 0.43,rolling 0.49; dark 0.44; driving 0.43; uplifting 0.43
Hikaru Utada,Somewhere Near Marseilles,114.0,progressive house,rolling,progressive house 0.58; afro house 0.50; organic house 0.50; tribal house 0.49,rolling 0.52; groovy 0.43; driving 0.43; uplifting 0.41
"HoneyLuv, Roland Clark",This Is My Life (Bontan Extended Mix),128.0,progressive house,percussive,progressive house 0.50; tribal house 0.44; disco house 0.37; afro house 0.37,percussive 0.48; rolling 0.35; raw 0.25; groovy 0.21
Honeydripper,All About You,124.0,progressive house,driving,progressive house 0.50; afro house 0.41; disco house 0.40; melodic house 0.37,driving 0.42; dreamy 0.41; rolling 0.40; groovy 0.39
Honne,Warm On A Cold Night (Embody Remix),113.0,progressive house,rolling,progressive house 0.50; disco house 0.40; afro house 0.36; electronica 0.35,rolling 0.37; driving 0.36; raw 0.36; dark 0.32
Hosse,Ready For This (Raffa FL Mix),122.0,progressive house,percussive,progressive house 0.48; peak time techno 0.46; breakbeat 0.36; organic house 0.34,percussive 0.43; rolling 0.40; dark 0.35; raw 0.31
Hot Since 82 & Us Two feat. Paige Cavell,Never Enough,128.0,progressive house,rolling,progressive house 0.51; peak time techno 0.48; afro house 0.44; tech house 0.44,rolling 0.47; percussive 0.40; dark 0.38; driving 0.37
"Hot Since 82, Tomaz, Filterheadz",Sunshine 2025 (Original Mix),125.0,progressive house,rolling,progressive house 0.54; peak time techno 0.52; afro house 0.48; breakbeat 0.46,rolling 0.55; dark 0.43; driving 0.43; percussive 0.40
Hotmood,My Love Is 4U (Original Mix),124.0,progressive house,rolling,progressive house 0.52; disco house 0.47; afro house 0.43; breakbeat 0.37,rolling 0.42; driving 0.38; groovy 0.36; raw 0.36
Hotmood,Funk Party,124.0,progressive house,percussive,progressive house 0.46; disco house 0.43; electronica 0.40; afro house 0.37,percussive 0.41; rolling 0.41; raw 0.39; driving 0.37
Hotswing,Work It (Extended Mix),128.0,progressive house,percussive,progressive house 0.55; disco house 0.42; afro house 0.42; tribal house 0.38,percussive 0.37; rolling 0.35; groovy 0.26; raw 0.26
Hotswing,Sunshine (Extended Mix),125.0,progressive house,rolling,progressive house 0.58; afro house 0.45; disco house 0.44; peak time techno 0.43,rolling 0.40; driving 0.35; dark 0.32; groovy 0.31
Hotswing,You & I (Extended Mix),128.0,progressive house,rolling,progressive house 0.58; afro house 0.45; disco house 0.45; tech house 0.40,rolling 0.40; driving 0.34; raw 0.32; percussive 0.31
Hotswing,Sensation (Extended Mix),130.0,progressive house,rolling,progressive house 0.54; peak time techno 0.49; afro house 0.47; disco house 0.41,rolling 0.41; dark 0.36; percussive 0.31; driving 0.30
Hotswing,Body Moving,126.0,progressive house,rolling,progressive house 0.62; afro house 0.50; disco house 0.50; peak time techno 0.48,rolling 0.44; dark 0.37; groovy 0.37; driving 0.37
House Rulez,High School Disco (Night),130.0,progressive house,percussive,progressive house 0.47; breakbeat 0.44; electronica 0.44; peak time techno 0.41,percussive 0.58; rolling 0.47; raw 0.39; driving 0.39
"Hugel, Kurd Maverick",PYHU (Put Your Hands Up) (Extended Mix),123.0,progressive house,rolling,progressive house 0.55; afro house 0.46; disco house 0.45; tribal house 0.41,rolling 0.45; percussive 0.40; driving 0.39; groovy 0.37
"Hugel, Maesic, Omada",Dubai Shit,126.0,progressive house,percussive,progressive house 0.51; afro house 0.46; disco house 0.44; tribal house 0.42,percussive 0.46; rolling 0.42; groovy 0.36; driving 0.33
Huminal,A Place Within (Extended Mix),124.0,progressive house,rolling,progressive house 0.55; afro house 0.51; soulful house 0.49; peak time techno 0.49,rolling 0.53; dark 0.47; driving 0.43; uplifting 0.42
Hunter/Game,Sirens,127.0,progressive house,rolling,progressive house 0.61; afro house 0.54; peak time techno 0.52; disco house 0.49,rolling 0.51; groovy 0.41; driving 0.41; uplifting 0.39
Hush Hush,Justify My Love,121.0,progressive house,rolling,progressive house 0.45; melodic techno 0.40; soulful house 0.40; afro house 0.39,rolling 0.41; uplifting 0.41; dreamy 0.40; dark 0.39
Huxley,M%ND,125.0,progressive house,driving,progressive house 0.51; disco house 0.46; breakbeat 0.45; melodic house 0.45,driving 0.47; rolling 0.47; dark 0.45; groovy 0.44
Huxley,ANY1 (Original Mix),127.0,progressive house,percussive,progressive house 0.55; disco house 0.45; afro house 0.45; tribal house 0.43,percussive 0.44; rolling 0.37; driving 0.31; groovy 0.29
Huxley,Day Tripper,126.0,progressive house,rolling,progressive house 0.59; afro house 0.55; peak time techno 0.53; organic house 0.53,rolling 0.44; groovy 0.38; percussive 0.37; driving 0.34
IAMNOBODI,COMPASS,115.0,progressive house,rolling,progressive house 0.57; afro house 0.46; disco house 0.46; organic house 0.43,rolling 0.39; groovy 0.35; driving 0.34; raw 0.33
IAMNOBODI,SIX DISCS IN A CHANGER,118.0,progressive house,rolling,progressive house 0.61; afro house 0.53; disco house 0.51; organic house 0.46,rolling 0.35; percussive 0.29; groovy 0.27; raw 0.27
IAMNOBODI,DANCE WIMME,118.0,progressive house,rolling,progressive house 0.52; afro house 0.45; disco house 0.45; melodic house 0.41,rolling 0.43; groovy 0.41; raw 0.39; uplifting 0.37
IAMNOBODI,Dollaz,115.0,progressive house,rolling,progressive house 0.52; disco house 0.42; breakbeat 0.42; afro house 0.37,rolling 0.48; driving 0.47; dark 0.44; raw 0.43
IAMNOBODI,FEVER DREAM,120.0,progressive house,rolling,progressive house 0.56; melodic house 0.52; afro house 0.50; disco house 0.50,rolling 0.47; groovy 0.46; driving 0.43; dark 0.41
INJI,THE ONE (Lee Foss & MK Remix),127.0,progressive house,rolling,progressive house 0.50; afro house 0.41; disco house 0.40; tech house 0.36,rolling 0.41; raw 0.38; driving 0.35; dark 0.32
INJI,GASLIGHT,120.0,progressive house,percussive,progressive house 0.40; electronica 0.40; disco house 0.37; afro house 0.36,percussive 0.46; raw 0.43; rolling 0.42; driving 0.36
Ian Pooley,Venasque,96.7,progressive house,groovy,progressive house 0.49; disco house 0.48; afro house 0.40; tribal house 0.39,groovy 0.46; driving 0.43; rolling 0.40; uplifting 0.38
Ian Pooley,Cold Wait (Bicep Dub),126.0,progressive house,rolling,progressive house 0.58; afro house 0.52; disco house 0.49; organic house 0.47,rolling 0.40; groovy 0.33; percussive 0.31; dark 0.30
Ian Pooley & Spencer Parker,Kinderteller,124.0,progressive house,rolling,progressive house 0.57; disco house 0.47; afro house 0.46; tribal house 0.42,rolling 0.39; driving 0.38; percussive 0.37; groovy 0.36
"Iban Montoro, Jazzman Wax",I Believe,125.0,progressive house,driving,progressive house 0.50; disco house 0.39; breakbeat 0.38; afro house 0.36,driving 0.37; rolling 0.37; groovy 0.35; raw 0.35
"Icarus, GotSome & Arielle Free",Levitate (Extended Mix),124.0,progressive house,rolling,progressive house 0.55; afro house 0.48; disco house 0.48; tribal house 0.43,rolling 0.49; driving 0.44; groovy 0.42; percussive 0.42
"Idris Elba, Eliza Legzdina",Fudge,126.0,progressive house,percussive,progressive house 0.53; electronica 0.44; disco house 0.43; peak time techno 0.42,percussive 0.50; rolling 0.46; raw 0.41; driving 0.39
Igor Gonya,Just Like Ice Cream,120.0,progressive house,percussive,progressive house 0.44; disco house 0.36; afro house 0.35; tribal house 0.35,percussive 0.44; raw 0.37; rolling 0.37; driving 0.35
Imad,By Your Side (Notre Dame Remix),120.0,progressive house,rolling,progressive house 0.53; disco house 0.45; melodic house 0.44; breakbeat 0.43,rolling 0.50; driving 0.49; dark 0.47; groovy 0.45
"Imad, clubhouse, Peace Control, Anton Khabbaz, Dylan Lee, Jardin Du Son",Smoke (Extended),120.0,progressive house,rolling,progressive house 0.48; peak time techno 0.44; soulful house 0.44; breakbeat 0.43,rolling 0.51; percussive 0.43; dark 0.42; driving 0.42
Immersif,Le Jazz est la Solution,123.0,progressive house,rolling,progressive house 0.51; afro house 0.47; disco house 0.45; melodic house 0.43,rolling 0.47; groovy 0.45; driving 0.43; uplifting 0.43
In Deep We Trust,Ba:sen (Pool Party Dub Mix),120.0,progressive house,rolling,progressive house 0.56; disco house 0.51; breakbeat 0.44; afro house 0.43,rolling 0.48; driving 0.44; dark 0.39; raw 0.38
Indeep,Last Night a D.J. Saved My Life (Smeddles More Ass Mix),126.0,progressive house,groovy,progressive house 0.58; disco house 0.55; afro house 0.49; organic house 0.43,groovy 0.42; percussive 0.38; rolling 0.38; raw 0.35
Inflair,Ikigai (Original Mix),126.0,progressive house,rolling,progressive house 0.54; afro house 0.48; disco house 0.45; organic house 0.42,rolling 0.41; uplifting 0.37; groovy 0.37; driving 0.35
Inland Knights,Walk On,121.0,progressive house,rolling,progressive house 0.60; afro house 0.54; disco house 0.52; organic house 0.46,rolling 0.45; groovy 0.41; driving 0.38; dark 0.36
International Dateline,Acidisco - Make a Dance Desert Dub,122.0,progressive house,driving,progressive house 0.54; disco house 0.47; breakbeat 0.45; afro house 0.43,driving 0.51; rolling 0.47; groovy 0.46; dark 0.44
International Dateline,Acidisco,122.0,progressive house,rolling,progressive house 0.60; disco house 0.50; afro house 0.49; breakbeat 0.45,rolling 0.52; driving 0.44; groovy 0.42; dark 0.41
Intr0beatz,Brazilian Dreamz,122.0,progressive house,rolling,progressive house 0.60; disco house 0.55; afro house 0.52; organic house 0.49,rolling 0.44; groovy 0.42; driving 0.38; percussive 0.36
Isol馥,Pardon My French,121.0,progressive house,rolling,progressive house 0.51; peak time techno 0.48; afro house 0.45; deep house 0.45,rolling 0.45; driving 0.41; dark 0.40; groovy 0.38
"It's Murph, Arlo, Emi Grace",Through My System (Extended Mix),132.0,progressive house,rolling,progressive house 0.47; breakbeat 0.43; peak time techno 0.41; electronica 0.40,rolling 0.51; driving 0.45; dark 0.44; raw 0.41
Italoboyz feat. Fadila,Don't Talk (The Glitz Remix),125.0,progressive house,rolling,progressive house 0.59; tribal house 0.46; afro house 0.44; organic house 0.43,rolling 0.42; groovy 0.36; percussive 0.36; driving 0.34
Italobros,Dilan (Extended Mix),127.0,progressive house,rolling,progressive house 0.53; peak time techno 0.49; tech house 0.44; afro house 0.42,rolling 0.43; percussive 0.38; dark 0.34; driving 0.32
Italobros,Deseo (Extended Mix),129.0,progressive house,rolling,progressive house 0.57; afro house 0.50; disco house 0.49; peak time techno 0.47,rolling 0.52; driving 0.42; dark 0.41; groovy 0.40
Ivory (IT),You (Original Mix),123.0,progressive house,rolling,progressive house 0.50; electronica 0.48; peak time techno 0.47; melodic techno 0.44,rolling 0.52; raw 0.48; driving 0.47; uplifting 0.44
"Ivory (IT), Solique",Burn Through,122.0,progressive house,rolling,progressive house 0.52; breakbeat 0.45; peak time techno 0.45; afro house 0.44,rolling 0.55; percussive 0.47; driving 0.46; dark 0.45
J.Axel,Piano Madness (Original),120.0,progressive house,dreamy,progressive house 0.51; melodic house 0.50; soulful house 0.47; disco house 0.46,dreamy 0.50; driving 0.47; uplifting 0.46; groovy 0.46
"JAW, Luciano",7direction(s) (Dennis Ferrer Remix),123.0,progressive house,rolling,progressive house 0.59; peak time techno 0.53; afro house 0.52; minimal techno 0.47,rolling 0.49; dark 0.42; driving 0.42; uplifting 0.41
JEND,Show Me (Original Mix),126.0,progressive house,groovy,progressive house 0.56; afro house 0.52; disco house 0.48; organic house 0.42,groovy 0.40; rolling 0.37; uplifting 0.33; driving 0.32
JIM,Starting All Over,140.0,progressive house,rolling,progressive house 0.61; peak time techno 0.54; afro house 0.52; organic house 0.50,rolling 0.43; percussive 0.38; dark 0.31; groovy 0.30
Jacana People,Tahara,129.0,progressive house,percussive,progressive house 0.52; tribal house 0.45; afro house 0.44; disco house 0.44,percussive 0.47; rolling 0.43; driving 0.40; raw 0.36
"Jackson Homer, Saïna",Movie,115.0,progressive house,rolling,progressive house 0.45; disco house 0.39; tribal house 0.38; afro house 0.38,rolling 0.41; raw 0.39; uplifting 0.35; driving 0.34
"Jacky (UK), Holmes John",Mumma,126.0,progressive house,rolling,progressive house 0.49; breakbeat 0.44; peak time techno 0.43; disco house 0.37,rolling 0.51; percussive 0.45; dark 0.41; euphoric 0.36
Jacob (IL) & Danor,Close Up (Original Mix),126.0,progressive house,rolling,progressive house 0.55; afro house 0.52; disco house 0.49; peak time techno 0.47,rolling 0.45; groovy 0.38; driving 0.37; dark 0.35
Jacques Renault,Faith (Borrowed Identity Remix),124.0,progressive house,groovy,progressive house 0.62; afro house 0.55; disco house 0.55; organic house 0.50,groovy 0.42; rolling 0.41; driving 0.36; percussive 0.36
"Jaguar Jaguar, Grigoré, Serve Cold",Dancing (Extended Mix),121.0,progressive house,rolling,progressive house 0.51; electronica 0.42; peak time techno 0.41; soulful house 0.41,rolling 0.49; dark 0.43; driving 0.40; raw 0.40
Jakatta,American Dream (Different Gear Remix),130.64,progressive house,rolling,progressive house 0.56; soulful house 0.52; peak time techno 0.51; organic house 0.51,rolling 0.56; driving 0.50; groovy 0.48; dark 0.47
Jamback,Positive (Extended Mix),130.0,progressive house,rolling,progressive house 0.54; afro house 0.54; peak time techno 0.53; tech house 0.48,rolling 0.46; groovy 0.40; uplifting 0.39; dark 0.38
James Cole,Khumba,125.0,progressive house,rolling,progressive house 0.59; afro house 0.56; deep house 0.53; melodic house 0.51,rolling 0.57; dark 0.46; groovy 0.45; uplifting 0.43
James Hype,Don't Wake Me Up (Mathame Extended Remix),132.0,progressive house,rolling,progressive house 0.50; peak time techno 0.49; breakbeat 0.45; afro house 0.43,rolling 0.50; dark 0.48; driving 0.46; uplifting 0.41
Jamie Antonelli,Divine,120.0,progressive house,rolling,progressive house 0.51; disco house 0.44; afro house 0.40; breakbeat 0.37,rolling 0.41; driving 0.40; groovy 0.37; raw 0.35
"Jamie Coins, Paco Wegmann",Still Flexin',130.0,progressive house,rolling,progressive house 0.54; tribal house 0.40; disco house 0.39; organic house 0.38,rolling 0.40; percussive 0.36; driving 0.31; dark 0.31
Jamie Jones & AMÉMÉ,Pliva (Extended Version),123.0,progressive house,rolling,progressive house 0.51; afro house 0.48; peak time techno 0.47; organic house 0.44,rolling 0.45; groovy 0.40; percussive 0.38; driving 0.38
Jamie Stevens,Rivers (Mike Rish Remix),124.0,progressive house,rolling,progressive house 0.58; peak time techno 0.52; soulful house 0.51; afro house 0.49,rolling 0.57; dark 0.48; driving 0.47; uplifting 0.43
Jamie Stevens & Ivan Aliaga,Catalano,122.0,progressive house,rolling,progressive house 0.60; peak time techno 0.53; tribal house 0.52; afro house 0.52,rolling 0.57; dark 0.47; driving 0.45; groovy 0.41
"Jamie Stevens, Danny Bonnici",Bells,124.0,progressive house,rolling,progressive house 0.56; peak time techno 0.52; tribal house 0.51; soulful house 0.50,rolling 0.56; driving 0.47; percussive 0.45; dark 0.45
Jamie xx,Still Summer,126.0,progressive house,rolling,progressive house 0.51; afro house 0.43; disco house 0.43; electronica 0.41,rolling 0.48; driving 0.44; dark 0.42; uplifting 0.40
Jamie xx feat. Oona Doherty,Falling Together,123.0,progressive house,rolling,progressive house 0.48; electronica 0.42; breakbeat 0.42; disco house 0.41,rolling 0.47; driving 0.44; dark 0.42; raw 0.40
"Jamie xx, Honey Dijon",Baddy On The Floor,124.0,progressive house,percussive,progressive house 0.51; breakbeat 0.45; disco house 0.44; afro house 0.41,percussive 0.45; rolling 0.45; driving 0.40; dark 0.34
Jamiroquai,Space Cowboy (Damaskus Edit),129.0,progressive house,percussive,progressive house 0.54; disco house 0.48; afro house 0.47; tribal house 0.40,percussive 0.43; rolling 0.39; raw 0.34; driving 0.31
Jamiroquai,Space Cowboy (David Morales Mix),118.76,progressive house,rolling,progressive house 0.37; disco house 0.32; tribal house 0.31; afro house 0.29,rolling 0.35; driving 0.29; percussive 0.29; raw 0.28
Jan Kost,Rekidzz (Original Mix),125.0,progressive house,percussive,progressive house 0.48; disco house 0.40; afro house 0.39; breakbeat 0.39,percussive 0.32; rolling 0.31; driving 0.26; groovy 0.23
Janeret,Scape,127.0,progressive house,rolling,progressive house 0.65; afro house 0.56; peak time techno 0.54; organic house 0.54,rolling 0.47; dark 0.37; driving 0.35; groovy 0.35
Janeret,Echoes,125.0,progressive house,rolling,progressive house 0.56; peak time techno 0.49; afro house 0.48; organic house 0.45,rolling 0.42; driving 0.39; dark 0.37; groovy 0.36
Jansen,High On The Low,120.0,progressive house,groovy,progressive house 0.56; afro house 0.53; disco house 0.52; melodic house 0.52,groovy 0.52; rolling 0.48; uplifting 0.45; driving 0.45
Jason Hersco,Sad Girls Luv Pizza,123.0,progressive house,groovy,progressive house 0.56; disco house 0.51; afro house 0.50; melodic house 0.46,groovy 0.45; rolling 0.44; driving 0.41; uplifting 0.40
Jason Hersco,Everytime,126.0,progressive house,dreamy,progressive house 0.44; melodic house 0.43; melodic techno 0.40; afro house 0.38,dreamy 0.45; rolling 0.43; groovy 0.43; driving 0.42
Jay Crusoe,spontaneous combustion! (Original Mix),129.0,progressive house,rolling,progressive house 0.47; disco house 0.36; afro house 0.36; peak time techno 0.35,rolling 0.40; driving 0.39; raw 0.38; dark 0.38
Jay De Lys,Loaded Clipz (Extended Mix),130.0,progressive house,rolling,progressive house 0.54; disco house 0.45; afro house 0.45; tribal house 0.43,rolling 0.42; percussive 0.42; driving 0.34; groovy 0.33
"Jazzy, KILIMANJARO",No Bad Vibes (Extended Mix),120.0,progressive house,rolling,progressive house 0.46; afro house 0.44; disco house 0.43; electronica 0.42,rolling 0.48; percussive 0.44; uplifting 0.43; driving 0.43
Jeff The Fool,Valentina,123.0,progressive house,driving,progressive house 0.41; melodic house 0.37; disco house 0.36; afro house 0.36,driving 0.47; groovy 0.43; dreamy 0.41; uplifting 0.40
Jeff The Fool,I'm Not Jeff (Crowd Control Remix),120.0,progressive house,rolling,progressive house 0.60; disco house 0.54; afro house 0.54; organic house 0.43,rolling 0.49; groovy 0.46; driving 0.44; dark 0.40
Jeremy Olander,Shedsdrums,125.0,progressive house,rolling,progressive house 0.57; peak time techno 0.56; tech house 0.48; minimal techno 0.48,rolling 0.48; dark 0.38; driving 0.36; groovy 0.31
Jeremy Olander,Kameleon,129.0,progressive house,rolling,progressive house 0.53; afro house 0.51; disco house 0.48; peak time techno 0.46,rolling 0.49; driving 0.42; groovy 0.41; dark 0.39
Jeremy Olander,Control (Original Club Mix),126.0,progressive house,rolling,progressive house 0.51; afro house 0.47; disco house 0.42; soulful house 0.42,rolling 0.45; driving 0.37; groovy 0.36; uplifting 0.36
Jeremy Olander,Panorama,123.0,progressive house,rolling,progressive house 0.51; afro house 0.49; melodic house 0.46; peak time techno 0.46,rolling 0.46; groovy 0.40; dreamy 0.39; driving 0.38
Jeremy Olander,Araoz,123.0,progressive house,rolling,progressive house 0.49; peak time techno 0.48; soulful house 0.47; melodic techno 0.46,rolling 0.48; uplifting 0.43; driving 0.43; dark 0.42
"Jeremy Olander, Kamaliza",Zanzibar (Sthlm Edit),122.0,progressive house,rolling,progressive house 0.51; afro house 0.47; soulful house 0.47; peak time techno 0.46,rolling 0.53; dark 0.48; driving 0.47; groovy 0.45
Jerry Ropero & Mijangos & Jesus Fernandez & HUGEL,CORAÇAO (20th Anniversary Mix),126.0,progressive house,percussive,progressive house 0.53; disco house 0.42; tribal house 0.41; afro house 0.40,percussive 0.45; rolling 0.43; raw 0.37; driving 0.35
Jesper Ryom,Apolune - Taron-Trekka Remix,119.0,progressive house,raw,progressive house 0.48; tribal house 0.44; electronica 0.43; disco house 0.42,raw 0.44; rolling 0.43; percussive 0.43; driving 0.43
Jesse Bru,The Promise Of Things To Come,124.0,progressive house,rolling,progressive house 0.47; breakbeat 0.45; electronica 0.45; disco house 0.42,rolling 0.52; driving 0.48; percussive 0.47; raw 0.46
"Jesse Perez, DJ Mind-X",Never Talk To Aliens (Original Mix),126.0,progressive house,rolling,progressive house 0.50; afro house 0.50; tribal house 0.49; disco house 0.46,rolling 0.49; percussive 0.48; driving 0.43; groovy 0.43
"Jesse Rose, Avon Stringer",Pressure (Original Mix),120.0,progressive house,rolling,progressive house 0.56; tribal house 0.49; disco house 0.43; afro house 0.42,rolling 0.43; percussive 0.41; driving 0.38; groovy 0.33
Jesús Fernández,La Samba (Extended Mix),126.0,progressive house,percussive,progressive house 0.50; tribal house 0.50; afro house 0.38; disco house 0.36,percussive 0.43; rolling 0.34; euphoric 0.22; raw 0.21
Jimi Jules,My City's On Fire (Club Edit),119.0,progressive house,raw,progressive house 0.49; disco house 0.37; electronica 0.36; afro house 0.36,raw 0.38; rolling 0.37; dark 0.35; groovy 0.31
Jimi Jules,My City's On Fire (Anyma & Cassian Extended Remix),126.0,progressive house,rolling,progressive house 0.50; peak time techno 0.46; soulful house 0.44; melodic techno 0.44,rolling 0.52; dark 0.50; driving 0.45; uplifting 0.42
"Jimpster, OVEOUS",FLO (Original Mix),123.0,progressive house,rolling,progressive house 0.61; afro house 0.50; disco house 0.49; organic house 0.47,rolling 0.42; percussive 0.38; groovy 0.37; driving 0.36
Jody Wisternoff feat. Hendrik Burkhard,For All Time (Extended Mix),120.03,progressive house,rolling,progressive house 0.52; soulful house 0.49; melodic techno 0.44; afro house 0.44,rolling 0.53; driving 0.49; uplifting 0.47; dark 0.46
Joe Corti,Home,122.0,progressive house,rolling,progressive house 0.47; disco house 0.46; electronica 0.41; melodic house 0.41,rolling 0.49; driving 0.48; groovy 0.47; uplifting 0.44
Joep Mencke,Asiri,117.0,progressive house,rolling,progressive house 0.56; tribal house 0.56; afro house 0.51; soulful house 0.51,rolling 0.56; driving 0.45; dreamy 0.45; uplifting 0.44
Joeski,Un Congo (Extended Mix),125.0,progressive house,rolling,progressive house 0.53; tribal house 0.45; peak time techno 0.44; afro house 0.43,rolling 0.42; percussive 0.38; driving 0.30; dark 0.30
Johan S,Bah Bah (Extended Mix),127.0,progressive house,rolling,progressive house 0.55; peak time techno 0.46; disco house 0.41; afro house 0.41,rolling 0.40; percussive 0.40; dark 0.32; driving 0.32
Johannes Brecht,All We Got (Radio Edit),128.0,progressive house,rolling,progressive house 0.52; disco house 0.42; afro house 0.42; peak time techno 0.39,rolling 0.39; raw 0.38; driving 0.36; groovy 0.34
John Julius Knight,Find A Friend (Fimiani Extended Remix),127.0,progressive house,rolling,progressive house 0.52; disco house 0.46; afro house 0.43; breakbeat 0.41,rolling 0.46; driving 0.42; percussive 0.40; groovy 0.40
John Summit,Deep End,126.0,progressive house,rolling,progressive house 0.55; afro house 0.48; disco house 0.45; tech house 0.43,rolling 0.41; groovy 0.39; driving 0.35; percussive 0.34
John Summit,La Danza (Extended Mix),126.0,progressive house,rolling,progressive house 0.47; disco house 0.39; breakbeat 0.38; afro house 0.38,rolling 0.44; percussive 0.37; raw 0.36; driving 0.36
"Jon Dixon feat. Moodymann, Kasan Belgrave",On My Own,127.0,progressive house,rolling,progressive house 0.57; tribal house 0.57; disco house 0.52; afro house 0.52,rolling 0.50; percussive 0.46; groovy 0.41; driving 0.39
Jonas Blue & Malive,Edge Of Desire (Extended Mix),123.0,progressive house,rolling,progressive house 0.51; disco house 0.49; afro house 0.45; breakbeat 0.44,rolling 0.50; driving 0.47; groovy 0.43; dark 0.41
Jorhav,Sunset,127.0,progressive house,rolling,progressive house 0.56; afro house 0.50; peak time techno 0.48; tribal house 0.48,rolling 0.50; percussive 0.43; groovy 0.39; driving 0.38
Joris Delacroix,This Place Is Cool,120.0,progressive house,rolling,progressive house 0.51; afro house 0.48; soulful house 0.47; melodic techno 0.47,rolling 0.46; uplifting 0.42; dark 0.42; dreamy 0.39
Joris Voorn,Sweep The Floor,125.0,progressive house,rolling,progressive house 0.60; disco house 0.46; tribal house 0.43; afro house 0.42,rolling 0.39; percussive 0.33; groovy 0.30; driving 0.29
Jose Galvis,Camawe (Original Mix),122.0,progressive house,rolling,progressive house 0.54; peak time techno 0.51; melodic techno 0.50; afro house 0.49,rolling 0.55; dark 0.49; driving 0.48; uplifting 0.45
Josh Butler,Get Up,125.0,progressive house,rolling,progressive house 0.53; soulful house 0.50; disco house 0.50; afro house 0.49,rolling 0.51; warm 0.49; driving 0.46; groovy 0.44
Josh Butler,Baobab,125.0,progressive house,rolling,progressive house 0.59; afro house 0.46; tribal house 0.45; organic house 0.44,rolling 0.36; groovy 0.29; dark 0.28; percussive 0.28
Josh Butler,Be True (Original Mix),124.0,progressive house,rolling,progressive house 0.60; afro house 0.53; disco house 0.49; organic house 0.46,rolling 0.40; groovy 0.35; percussive 0.34; driving 0.30
Josh Butler,Fuck The Regs (Extended Mix),124.0,progressive house,percussive,progressive house 0.54; tribal house 0.45; peak time techno 0.39; afro house 0.38,percussive 0.42; rolling 0.34; dark 0.20; raw 0.18
Josh Butler,Got A Feeling,124.0,progressive house,rolling,progressive house 0.62; afro house 0.54; peak time techno 0.51; minimal techno 0.48,rolling 0.44; groovy 0.35; dark 0.34; driving 0.33
Josh Butler,Infinite (Original Mix),127.0,progressive house,rolling,progressive house 0.60; organic house 0.47; tribal house 0.47; peak time techno 0.47,rolling 0.46; driving 0.41; dark 0.38; groovy 0.38
Josh Butler,Right Time,127.0,progressive house,rolling,progressive house 0.59; disco house 0.47; afro house 0.47; peak time techno 0.45,rolling 0.40; driving 0.38; groovy 0.37; percussive 0.36
Josh Butler,Stratagem,125.0,progressive house,rolling,progressive house 0.66; afro house 0.57; disco house 0.52; organic house 0.50,rolling 0.39; groovy 0.35; dark 0.29; driving 0.28
Josh Butler,Wide Boy (Original Mix),128.0,progressive house,rolling,progressive house 0.58; afro house 0.50; disco house 0.46; peak time techno 0.46,rolling 0.44; groovy 0.39; dark 0.37; driving 0.36
Josh Butler feat. Beverley Knight,Take Me to Paradise (AEDT),126.0,progressive house,rolling,progressive house 0.53; disco house 0.43; peak time techno 0.42; afro house 0.41,rolling 0.46; driving 0.41; dark 0.40; raw 0.37
Josh Butler feat. Boswell,Be Somebody (feat. Boswell),127.0,progressive house,rolling,progressive house 0.56; afro house 0.43; disco house 0.41; tribal house 0.40,rolling 0.41; percussive 0.36; dark 0.35; driving 0.34
Josh Butler feat. HanLei,Feels Good (feat. HanLei),124.0,progressive house,rolling,progressive house 0.51; breakbeat 0.41; disco house 0.40; afro house 0.39,rolling 0.45; driving 0.44; dark 0.41; raw 0.41
Josh Butler ft. Tom Da Lips,Innocence (Original Mix),123.09,progressive house,rolling,progressive house 0.56; afro house 0.54; disco house 0.52; tribal house 0.44,rolling 0.41; groovy 0.41; uplifting 0.32; driving 0.32
"Josh Butler, Bontan",Call You Back,126.0,progressive house,percussive,progressive house 0.56; disco house 0.46; afro house 0.45; tribal house 0.45,percussive 0.38; rolling 0.33; raw 0.31; driving 0.31
"Josh Butler, Bontan",Set Your Soul on Fire,126.0,progressive house,percussive,progressive house 0.53; tribal house 0.48; organic house 0.42; peak time techno 0.41,percussive 0.40; rolling 0.39; dark 0.33; driving 0.32
"Josh Butler, Dennis Cruz",Coming Up,126.0,progressive house,rolling,progressive house 0.60; peak time techno 0.50; organic house 0.48; afro house 0.47,rolling 0.44; dark 0.36; percussive 0.36; driving 0.34
"Josh Butler, Manoova",Disco Daze (Demuir's Playboi Extended Edit),127.0,progressive house,rolling,progressive house 0.53; disco house 0.48; afro house 0.46; tribal house 0.37,rolling 0.39; groovy 0.38; driving 0.38; uplifting 0.35
"Josh Butler, SOHMI",Sunday Sunset,124.0,progressive house,rolling,progressive house 0.62; afro house 0.51; tech house 0.49; peak time techno 0.49,rolling 0.42; groovy 0.36; driving 0.35; dark 0.34
Josh Caffe,Lesson #1,125.0,progressive house,rolling,progressive house 0.59; afro house 0.54; disco house 0.51; organic house 0.49,rolling 0.43; groovy 0.40; raw 0.34; percussive 0.32
Josh Gigante,Wild Things,123.0,progressive house,groovy,progressive house 0.57; afro house 0.55; disco house 0.54; melodic house 0.45,groovy 0.47; rolling 0.47; driving 0.44; uplifting 0.44
"Josh Gigante, Kimonos",Feel So Right,124.0,progressive house,rolling,progressive house 0.49; afro house 0.46; disco house 0.42; peak time techno 0.42,rolling 0.49; driving 0.40; groovy 0.39; dark 0.38
Joshwa,Mercy (Extended),130.0,progressive house,rolling,progressive house 0.57; disco house 0.51; afro house 0.49; organic house 0.45,rolling 0.48; groovy 0.47; driving 0.45; dark 0.41
Josie Lockhart Feat. Brando Walker,John Travolta (Original Mix),120.0,progressive house,groovy,progressive house 0.58; disco house 0.55; afro house 0.52; tribal house 0.50,groovy 0.50; rolling 0.46; percussive 0.42; driving 0.42
Joss Moog,Wil,91.4,progressive house,groovy,progressive house 0.40; disco house 0.40; melodic house 0.35; electronica 0.34,groovy 0.46; raw 0.43; driving 0.41; uplifting 0.40
Jovonn,Pianos of Gold (Ian Pooley Mix),124.0,progressive house,rolling,progressive house 0.59; afro house 0.58; disco house 0.57; organic house 0.46,rolling 0.43; groovy 0.39; driving 0.32; uplifting 0.32
Joy Anonymous,JOY (Up The Street),127.0,progressive house,rolling,progressive house 0.48; disco house 0.46; afro house 0.43; breakbeat 0.41,rolling 0.45; driving 0.44; uplifting 0.42; raw 0.42
"Joy Anonymous, Fred again.., Brittany Howard",Stay High again..,128.0,progressive house,driving,progressive house 0.44; electronica 0.34; disco house 0.31; peak time techno 0.31,driving 0.38; raw 0.37; rolling 0.37; dark 0.34
"Juan Hansen, Agustin Giri, Clara Cava",Sentir Asi (Extended Version),121.0,progressive house,rolling,progressive house 0.49; peak time techno 0.44; electronica 0.39; soulful house 0.38,rolling 0.47; dark 0.43; driving 0.39; percussive 0.34
Julian Fijma,Ain't With That (Late Night Callin') (Extended Mix),132.0,progressive house,rolling,progressive house 0.50; afro house 0.45; disco house 0.43; soulful house 0.39,rolling 0.45; driving 0.40; groovy 0.39; dark 0.37
Julian Nates,Trigger,122.0,progressive house,rolling,progressive house 0.58; peak time techno 0.57; afro house 0.53; tech house 0.51,rolling 0.53; dark 0.44; driving 0.41; uplifting 0.39
Julian Nates,Beyond the Senses,122.0,progressive house,rolling,progressive house 0.54; peak time techno 0.49; afro house 0.48; melodic techno 0.47,rolling 0.50; dark 0.45; driving 0.40; uplifting 0.39
"Julien Jabre, Shawn Christopher",Swimming Places (Purple Disco Machine Re-Work),124.0,progressive house,percussive,progressive house 0.47; disco house 0.43; afro house 0.39; tribal house 0.34,percussive 0.42; rolling 0.40; groovy 0.39; driving 0.38
Juliet Sikora,Beat Dancer (Flashmob Remix),126.0,progressive house,rolling,progressive house 0.63; peak time techno 0.57; disco house 0.51; afro house 0.50,rolling 0.46; dark 0.44; driving 0.38; percussive 0.37
Juliet Sikora & Return of the Jaded,What Did I Tell Ya (Original Mix),124.0,progressive house,rolling,progressive house 0.60; disco house 0.53; afro house 0.50; organic house 0.43,rolling 0.42; driving 0.37; groovy 0.37; percussive 0.37
Julio Bashmore,Battle For Middle You,125.98,progressive house,rolling,progressive house 0.49; melodic techno 0.41; peak time techno 0.41; electronica 0.40,rolling 0.45; dark 0.45; raw 0.43; driving 0.42
Julio Bashmore,Around,128.0,progressive house,rolling,progressive house 0.50; melodic house 0.43; soulful house 0.43; deep house 0.43,rolling 0.47; dark 0.44; groovy 0.44; driving 0.44
Julio Bashmore,Ask Yourself,125.98,progressive house,rolling,progressive house 0.39; electronica 0.33; afro house 0.32; soulful house 0.31,rolling 0.39; raw 0.37; dark 0.33; driving 0.30
"Julio Torres, Ketoots",Stay A Bit Longer (Original Mix),131.0,progressive house,rolling,progressive house 0.57; afro house 0.48; disco house 0.48; organic house 0.39,rolling 0.41; groovy 0.37; percussive 0.36; driving 0.36
Julius Strieder,New York Feelings (Extended Mix),128.0,progressive house,rolling,progressive house 0.59; disco house 0.49; afro house 0.48; tech house 0.44,rolling 0.51; driving 0.44; groovy 0.42; percussive 0.40
"June Freedom, Naïka, Peace Control",Messi,120.0,progressive house,percussive,progressive house 0.43; tribal house 0.39; afro house 0.36; disco house 0.35,percussive 0.41; rolling 0.41; raw 0.37; driving 0.36
Jungle,Let's Go Back,143.0,progressive house,dark,progressive house 0.38; breakbeat 0.36; electronica 0.34; disco house 0.31,dark 0.38; driving 0.38; rolling 0.38; raw 0.35
Jungle,Candle Flame,123.0,progressive house,percussive,progressive house 0.37; breakbeat 0.36; electronica 0.34; disco house 0.33,percussive 0.39; rolling 0.38; raw 0.37; driving 0.36
Jungle,Holding On,134.5,progressive house,percussive,progressive house 0.45; electronica 0.42; breakbeat 0.39; disco house 0.38,percussive 0.44; rolling 0.44; driving 0.42; raw 0.38
"Jungle Jack, GAMEROLOCO",Que Sera (Original Mix),128.0,progressive house,rolling,progressive house 0.47; tribal house 0.42; breakbeat 0.36; disco house 0.36,rolling 0.47; percussive 0.46; driving 0.40; raw 0.37
Jungle x Joy Anonymous,JOY (Back On 74),137.0,progressive house,rolling,progressive house 0.42; tribal house 0.37; disco house 0.34; electronica 0.31,rolling 0.35; raw 0.35; percussive 0.32; driving 0.28
"Jungle, DJ Streaks",All Of The Time (DJ Streaks Remix),124.0,progressive house,groovy,progressive house 0.57; disco house 0.55; afro house 0.50; organic house 0.40,groovy 0.43; rolling 0.42; driving 0.39; uplifting 0.35
Junior Jack,Thrill Me (Original Version By Junior Jack),124.99,progressive house,rolling,progressive house 0.60; peak time techno 0.50; disco house 0.48; afro house 0.47,rolling 0.45; dark 0.39; driving 0.37; groovy 0.34
Junior Jack,Stupidisco (Hott 22 Main Vocal Mix),128.0,progressive house,rolling,progressive house 0.45; afro house 0.39; breakbeat 0.39; electronica 0.38,rolling 0.46; percussive 0.41; driving 0.39; dark 0.38
"Junior Jack, Tube & Berger",E Samba 2018,125.0,progressive house,rolling,progressive house 0.54; tribal house 0.50; soulful house 0.49; peak time techno 0.46,rolling 0.61; dark 0.52; driving 0.48; percussive 0.44
Juravlove,Pepa,121.6,progressive house,rolling,progressive house 0.57; afro house 0.48; tribal house 0.47; disco house 0.47,rolling 0.39; percussive 0.36; groovy 0.35; driving 0.33
"Justice, The Dare & The Flints",Mannequin Love (The Dare Remix),127.0,progressive house,rolling,progressive house 0.49; afro house 0.46; disco house 0.44; peak time techno 0.43,rolling 0.50; dark 0.41; driving 0.39; raw 0.38
"Justin Jay, Eva",Do I Like You Like That,140.0,progressive house,rolling,progressive house 0.47; afro house 0.45; disco house 0.44; organic house 0.35,rolling 0.37; raw 0.35; groovy 0.32; uplifting 0.32
K-Lone,Elastick,128.0,progressive house,rolling,progressive house 0.52; peak time techno 0.52; afro house 0.48; disco house 0.43,rolling 0.41; percussive 0.31; driving 0.31; dark 0.31
KAROL G,Si Antes Te Hubiera Conocido,128.0,progressive house,percussive,progressive house 0.50; disco house 0.45; afro house 0.43; tribal house 0.38,percussive 0.41; raw 0.41; rolling 0.40; driving 0.35
KC Flightt vs Funky Junction,Voices (Fata Morgana Remix),127.99,progressive house,rolling,progressive house 0.55; peak time techno 0.47; tribal house 0.44; breakbeat 0.43,rolling 0.47; dark 0.40; percussive 0.40; driving 0.38
"KENZ, ESSE",Godzilla,130.0,progressive house,rolling,progressive house 0.47; breakbeat 0.45; peak time techno 0.41; disco house 0.38,rolling 0.45; dark 0.41; percussive 0.41; driving 0.40
"KH, Four Tet",Only Human (Original Mix),127.0,progressive house,rolling,progressive house 0.54; tribal house 0.43; peak time techno 0.43; electronica 0.40,rolling 0.43; percussive 0.37; dark 0.36; driving 0.33
KURED,Cha Cha (Original Mix),124.0,progressive house,percussive,progressive house 0.53; tribal house 0.42; organic house 0.41; afro house 0.41,percussive 0.38; rolling 0.35; groovy 0.31; driving 0.25
KURED,Liquid Soul (Original Mix),124.5,progressive house,rolling,progressive house 0.56; peak time techno 0.44; afro house 0.42; tech house 0.40,rolling 0.41; percussive 0.36; dark 0.33; driving 0.31
"Kabale Und Liebe, Daniel Sanch",Mumbling Yeah (Original Mix),129.0,progressive house,dark,progressive house 0.46; tribal house 0.38; organic house 0.35; electronica 0.35,dark 0.35; rolling 0.35; percussive 0.34; raw 0.34
Kabi (AR),Rainbow (Extended Mix),125.0,progressive house,rolling,progressive house 0.49; peak time techno 0.49; afro house 0.48; melodic house 0.45,rolling 0.52; driving 0.42; percussive 0.40; dark 0.39
Kaiserdisco,Together One Time,130.0,progressive house,rolling,progressive house 0.54; peak time techno 0.52; breakbeat 0.43; minimal techno 0.42,rolling 0.51; dark 0.49; driving 0.43; raw 0.38
Kamasutra,Kamasutra Express (Train Version),125.96,progressive house,rolling,progressive house 0.61; peak time techno 0.56; tech house 0.53; afro house 0.52,rolling 0.56; dark 0.50; driving 0.44; groovy 0.43
Kamilo Sanclemente & Sebastian Valencia (COL),Balaphonia (Extended Mix),123.0,progressive house,rolling,progressive house 0.57; afro house 0.56; peak time techno 0.52; tech house 0.50,rolling 0.48; percussive 0.39; driving 0.38; uplifting 0.38
Kamino,Supersonic (Extended Mix),131.0,progressive house,rolling,progressive house 0.52; peak time techno 0.47; afro house 0.45; breakbeat 0.43,rolling 0.46; driving 0.40; dark 0.39; uplifting 0.36
"Kapo Feat. Maluma, Ryan Castro, Farruko & Nicky Jam",OHNANA (Remix),105.0,progressive house,percussive,progressive house 0.36; electronica 0.34; tribal house 0.33; disco house 0.33,percussive 0.44; raw 0.42; rolling 0.34; uplifting 0.31
Kapuchon,Secret Moves (Original Mix),126.0,progressive house,rolling,progressive house 0.52; afro house 0.47; peak time techno 0.46; disco house 0.44,rolling 0.42; driving 0.35; dark 0.34; groovy 0.33
Karaba,Day & Night,125.0,progressive house,rolling,progressive house 0.55; afro house 0.48; peak time techno 0.47; disco house 0.44,rolling 0.39; groovy 0.33; driving 0.31; dark 0.31
Karol G x Fisher,World Hold On vs. Si Antes Te Hubiera Conocido (CK Mashup) (Extended Mix),128.0,progressive house,rolling,progressive house 0.46; afro house 0.43; disco house 0.39; tribal house 0.35,rolling 0.39; percussive 0.39; raw 0.35; driving 0.33
Kartell,Minimum Move,123.0,progressive house,rolling,progressive house 0.59; afro house 0.49; disco house 0.47; minimal techno 0.42,rolling 0.39; groovy 0.32; driving 0.31; dark 0.31
Kaseeb,Techno Mindset,119.0,progressive house,rolling,progressive house 0.61; afro house 0.55; peak time techno 0.52; disco house 0.50,rolling 0.46; groovy 0.41; driving 0.40; dark 0.40
Kashovski,Pass This On (Arodes Remix),124.0,progressive house,rolling,progressive house 0.53; tribal house 0.49; afro house 0.47; melodic house 0.46,rolling 0.50; dreamy 0.48; driving 0.47; groovy 0.42
Kashovski,Burn (Original Mix),124.0,progressive house,rolling,progressive house 0.59; tribal house 0.50; afro house 0.49; peak time techno 0.48,rolling 0.49; percussive 0.38; driving 0.38; dark 0.36
Kashovski,Pump,125.0,progressive house,percussive,progressive house 0.54; tribal house 0.51; disco house 0.40; afro house 0.39,percussive 0.45; rolling 0.39; driving 0.32; groovy 0.30
Kaskade,Feel It (Extended Mix),123.0,progressive house,rolling,progressive house 0.62; disco house 0.52; afro house 0.49; tribal house 0.48,rolling 0.49; driving 0.42; uplifting 0.42; groovy 0.41
Kaskade & Dani Poppitt,Love Like That (Extended Mix),123.0,progressive house,driving,progressive house 0.49; breakbeat 0.42; disco house 0.42; afro house 0.40,driving 0.46; rolling 0.45; dark 0.43; uplifting 0.43
"Kaskade, Lipless",State Of Mind (SOHMI Extended Remix),126.0,progressive house,rolling,progressive house 0.50; peak time techno 0.50; melodic techno 0.49; soulful house 0.47,rolling 0.58; dark 0.55; driving 0.50; uplifting 0.45
Kasper Bjorke,Alcatraz (Jimpster Dub),123.52,progressive house,rolling,progressive house 0.50; afro house 0.42; disco house 0.41; tribal house 0.36,rolling 0.43; driving 0.36; percussive 0.35; groovy 0.34
Kassian,8th Movement,126.0,progressive house,rolling,progressive house 0.63; disco house 0.61; afro house 0.59; organic house 0.45,rolling 0.42; groovy 0.40; driving 0.34; uplifting 0.31
Kassian,Midnight District Line,128.0,progressive house,rolling,progressive house 0.58; afro house 0.49; organic house 0.47; disco house 0.46,rolling 0.41; percussive 0.40; groovy 0.34; dark 0.30
Katcha,Touched By God (Peace Division Remix),128.21,progressive house,rolling,progressive house 0.57; disco house 0.46; afro house 0.45; organic house 0.37,rolling 0.37; driving 0.31; percussive 0.30; groovy 0.28
Kaz James,Sun Is Shining (Extended Dub),123.0,progressive house,rolling,progressive house 0.50; electronica 0.48; tribal house 0.46; disco house 0.45,rolling 0.53; percussive 0.49; driving 0.48; dark 0.43
Kehlani,Folded (esentrik edit),135.0,progressive house,raw,progressive house 0.44; disco house 0.38; afro house 0.37; breakbeat 0.36,raw 0.44; rolling 0.41; driving 0.41; uplifting 0.36
"Keinemusik (Rampa, Adam Port, &ME) feat. Chuala",Say What.,120.0,progressive house,percussive,progressive house 0.48; disco house 0.47; afro house 0.43; tribal house 0.42,percussive 0.47; rolling 0.46; raw 0.37; driving 0.35
"Keinemusik, Jesse Boykins III & Reznik (DE)",Cloudy Eyes (Dance Tonight),122.0,progressive house,percussive,progressive house 0.40; electronica 0.38; afro house 0.36; disco house 0.35,percussive 0.41; raw 0.40; rolling 0.38; uplifting 0.36
Kellerkind,Absinth Fairy (Original Mix),120.0,progressive house,driving,progressive house 0.48; melodic techno 0.47; melodic house 0.45; electronica 0.45,driving 0.52; rolling 0.52; dark 0.48; groovy 0.47
Kellerkind,I've Been Cooking (Original Mix),125.0,progressive house,rolling,progressive house 0.58; disco house 0.45; afro house 0.45; peak time techno 0.43,rolling 0.43; driving 0.37; percussive 0.36; dark 0.35
Kellerkind,Smiling Faces (Extended Mix),125.0,progressive house,rolling,progressive house 0.54; peak time techno 0.46; afro house 0.46; disco house 0.44,rolling 0.49; driving 0.43; dark 0.41; groovy 0.40
Kellie Allen,Dreamin' About Ya (Extended Mix),128.0,progressive house,rolling,progressive house 0.63; afro house 0.51; disco house 0.51; peak time techno 0.48,rolling 0.44; dark 0.36; driving 0.34; groovy 0.33
Kendrick Lamar,Bitch Don't Kill My Vibe (Darren After Edit),129.0,progressive house,rolling,progressive house 0.50; breakbeat 0.45; disco house 0.44; electronica 0.41,rolling 0.52; driving 0.48; dark 0.47; groovy 0.44
Kendrick Lamar Jay Rock,Money Trees (Duke & Jones Remix),124.0,progressive house,rolling,progressive house 0.47; soulful house 0.45; melodic techno 0.42; afro house 0.42,rolling 0.47; dark 0.42; uplifting 0.41; raw 0.39
Kenny Oliver,The Vibes (Original Mix),126.0,progressive house,rolling,progressive house 0.64; afro house 0.59; tech house 0.56; organic house 0.54,rolling 0.43; groovy 0.37; uplifting 0.31; dark 0.31
Kerri Chandler,Track 1 (Remaster),120.99,progressive house,rolling,progressive house 0.65; afro house 0.54; organic house 0.52; disco house 0.52,rolling 0.46; groovy 0.40; percussive 0.37; driving 0.32
"Kettama, Interplanetary Criminal, Philip George",Yosemite (Philip George Remix),130.0,progressive house,rolling,progressive house 0.57; afro house 0.50; disco house 0.48; peak time techno 0.43,rolling 0.47; driving 0.40; groovy 0.39; uplifting 0.38
Kettenkarussel,Maybe,122.45,progressive house,rolling,progressive house 0.51; melodic house 0.44; soulful house 0.44; electronica 0.43,rolling 0.47; groovy 0.46; dreamy 0.45; driving 0.44
"Kevin McKay, Pupa Nas T, Denise Belfon",Work,128.0,progressive house,rolling,progressive house 0.59; peak time techno 0.45; disco house 0.43; afro house 0.42,rolling 0.41; percussive 0.33; dark 0.32; driving 0.31
Kevin Over,Hood Funk (Original Mix),123.0,progressive house,rolling,progressive house 0.57; tribal house 0.51; electronica 0.49; soulful house 0.48,rolling 0.60; dark 0.51; percussive 0.51; driving 0.49
Kevin Yost,Sounds So Good (T.Markakis Extended Mix),122.0,progressive house,rolling,progressive house 0.54; afro house 0.47; tribal house 0.47; soulful house 0.46,rolling 0.51; driving 0.43; percussive 0.42; groovy 0.42
Keys N Krates & Jengi,Brazilian Love Song (Jengi Remix),127.0,progressive house,rolling,progressive house 0.48; afro house 0.43; soulful house 0.42; melodic house 0.41,rolling 0.48; driving 0.41; dark 0.40; uplifting 0.40
Khen,Back In The Days (Original Mix),122.0,progressive house,rolling,progressive house 0.54; afro house 0.53; peak time techno 0.51; soulful house 0.48,rolling 0.44; groovy 0.34; uplifting 0.34; dark 0.33
Ki Creighton,Bullseye - PAX 'VAults' Remix,124.0,progressive house,rolling,progressive house 0.56; peak time techno 0.51; tribal house 0.47; organic house 0.46,rolling 0.43; percussive 0.42; dark 0.35; groovy 0.32
"Ki Creighton, Makanan",Those People (Original Mix),124.0,progressive house,rolling,progressive house 0.58; afro house 0.52; disco house 0.51; peak time techno 0.46,rolling 0.46; percussive 0.40; groovy 0.38; driving 0.36
KiNK,Leko (Session Victim Remix),122.0,progressive house,rolling,progressive house 0.47; tribal house 0.46; electronica 0.45; breakbeat 0.43,rolling 0.53; driving 0.50; percussive 0.46; uplifting 0.43
KiRiK,What We Luv,128.0,progressive house,percussive,progressive house 0.58; tribal house 0.56; afro house 0.54; disco house 0.52,percussive 0.47; rolling 0.44; groovy 0.37; driving 0.32
Kid Cudi,Day 'N' Nite (Crookers Remix),130.0,progressive house,rolling,progressive house 0.48; peak time techno 0.40; afro house 0.39; disco house 0.37,rolling 0.34; raw 0.32; percussive 0.30; driving 0.29
Kiesza,Hideaway (Zuffo Remix),126.0,progressive house,rolling,progressive house 0.53; afro house 0.45; peak time techno 0.43; disco house 0.42,rolling 0.42; driving 0.39; groovy 0.37; uplifting 0.37
Kiwi feat. Bestley,Hello Echo,127.0,progressive house,rolling,progressive house 0.54; soulful house 0.48; melodic house 0.48; disco house 0.47,rolling 0.54; dark 0.49; driving 0.48; groovy 0.46
Klangkarussell,Smoothie (Kool & Kabul Remix),122.0,progressive house,raw,progressive house 0.45; disco house 0.45; electronica 0.44; melodic house 0.44,raw 0.48; rolling 0.47; driving 0.45; groovy 0.44
Klangkarussell,Sonnentanz [Sun Don't Shine],120.0,progressive house,rolling,progressive house 0.50; disco house 0.43; afro house 0.40; electronica 0.38,rolling 0.42; driving 0.41; raw 0.40; groovy 0.38
Klangkarussell x GIVVEN,Ghostkeeper (Original Mix),106.0,progressive house,rolling,progressive house 0.49; melodic techno 0.46; soulful house 0.46; breakbeat 0.43,rolling 0.54; dark 0.52; driving 0.52; uplifting 0.46
"Klangkarussell, GIVVEN, Senes","Sun Went Down, Sky Went Dark (Extended Mix)",120.0,progressive house,rolling,progressive house 0.51; afro house 0.46; tribal house 0.45; soulful house 0.44,rolling 0.52; uplifting 0.46; driving 0.46; groovy 0.43
Klartraum,Past Lives,124.0,progressive house,rolling,progressive house 0.59; peak time techno 0.50; deep house 0.50; organic house 0.49,rolling 0.54; dark 0.50; driving 0.48; groovy 0.44
Klartraum,Diving Dancer (Ian Pooley Remix),122.0,progressive house,rolling,progressive house 0.54; melodic house 0.47; melodic techno 0.46; soulful house 0.45,rolling 0.50; dark 0.45; driving 0.43; groovy 0.42
Koastle,Stay Close (Rosbeh Remix),122.0,progressive house,rolling,progressive house 0.51; disco house 0.43; afro house 0.41; electronica 0.41,rolling 0.45; raw 0.45; driving 0.43; dark 0.41
Kollektiv Turmstrasse,Ordinary (Lake People's Circle Motive Remix),121.0,progressive house,rolling,progressive house 0.59; afro house 0.51; deep house 0.51; melodic house 0.51,rolling 0.55; groovy 0.49; driving 0.48; dark 0.46
Kollektiv Turmstrasse,Sorry I Am Late (The Blaze Remix),122.01,progressive house,rolling,progressive house 0.58; disco house 0.48; afro house 0.48; deep house 0.46,rolling 0.40; groovy 0.37; driving 0.36; dark 0.36
Kollektiv Turmstrasse,Sorry I Am Late (Original Mix),122.0,progressive house,rolling,progressive house 0.57; disco house 0.53; afro house 0.47; deep house 0.43,rolling 0.42; groovy 0.38; driving 0.34; percussive 0.34
Kollektiv Turmstrasse,Sorry I Am Late (Rello Edit),128.0,progressive house,rolling,progressive house 0.60; peak time techno 0.53; disco house 0.51; afro house 0.50,rolling 0.51; driving 0.42; dark 0.42; percussive 0.41
"Konvex (FR), Pofio",Lost In Trance (Garla Extended Remix),124.0,progressive house,rolling,progressive house 0.55; peak time techno 0.50; breakbeat 0.46; disco house 0.44,rolling 0.48; driving 0.43; percussive 0.42; dark 0.41
Kormak,Love On The Line (Extended Mix),124.0,progressive house,percussive,progressive house 0.51; tribal house 0.44; electronica 0.44; disco house 0.43,percussive 0.44; rolling 0.41; raw 0.41; driving 0.36
Kozlow,Cigarette (Original Mix),135.0,progressive house,driving,progressive house 0.56; disco house 0.49; breakbeat 0.48; soulful house 0.48,driving 0.55; rolling 0.51; groovy 0.49; uplifting 0.47
"Kraak & Smaak, Izo FitzRoy",Sweet Time (Yuksek Remix),121.0,progressive house,rolling,progressive house 0.52; disco house 0.49; afro house 0.44; electronica 0.39,rolling 0.45; driving 0.43; raw 0.41; percussive 0.41
Kry (IT),Your Love (Sebb Junior Extended Remix),124.0,progressive house,rolling,progressive house 0.52; afro house 0.49; disco house 0.46; tribal house 0.38,rolling 0.37; groovy 0.34; uplifting 0.33; driving 0.33
"Kry (IT), Stardate",Give It Up (Sebb Junior Extended Remix),124.0,progressive house,rolling,progressive house 0.55; disco house 0.50; afro house 0.49; organic house 0.39,rolling 0.46; raw 0.39; groovy 0.38; driving 0.37
Kryptogram,How Long Have You Been Away? (Extended Mix),123.0,progressive house,driving,progressive house 0.50; disco house 0.48; afro house 0.44; electronica 0.39,driving 0.44; groovy 0.44; rolling 0.44; uplifting 0.40
Krystal Klear,Offenbach,128.0,progressive house,rolling,progressive house 0.58; peak time techno 0.52; afro house 0.50; disco house 0.47,rolling 0.54; dark 0.42; driving 0.41; percussive 0.40
"Kungs, Boys Noize",Get Away (Extended Mix),127.0,progressive house,rolling,progressive house 0.49; breakbeat 0.47; afro house 0.43; disco house 0.43,rolling 0.52; driving 0.46; dark 0.43; groovy 0.41
"Kyle Pearce, A Thousand Lives",Water - David Hasert & Jannis Klimpel Night Version,127.0,progressive house,rolling,progressive house 0.49; electronica 0.49; soulful house 0.48; melodic house 0.47,rolling 0.55; dark 0.46; driving 0.45; percussive 0.44
"Kyle Walker, Murphy's Law (UK)",Take My Love (Prunk Remix),128.0,progressive house,rolling,progressive house 0.61; peak time techno 0.54; afro house 0.48; organic house 0.47,rolling 0.49; dark 0.41; driving 0.38; percussive 0.37
Kyle Watson,The Afterhours (Original Mix),128.0,progressive house,percussive,progressive house 0.56; afro house 0.48; disco house 0.47; organic house 0.44,percussive 0.42; rolling 0.41; groovy 0.35; driving 0.34
Kylie Minogue,Can't Get You Out Of My Head,125.99,progressive house,rolling,progressive house 0.51; disco house 0.48; afro house 0.43; breakbeat 0.38,rolling 0.49; driving 0.41; raw 0.40; groovy 0.38
Kylie Minogue,Slow (Chemical Brothers Remix Edit),114.99,progressive house,percussive,progressive house 0.48; tribal house 0.39; disco house 0.38; peak time techno 0.38,percussive 0.46; rolling 0.42; driving 0.35; groovy 0.31
LA CASA,Are You Down for the Ride,118.0,progressive house,groovy,progressive house 0.53; afro house 0.47; soulful house 0.46; disco house 0.44,groovy 0.41; rolling 0.41; uplifting 0.40; dreamy 0.40
LAGOS IN PARIS,Mali Spirit,100.0,progressive house,rolling,progressive house 0.55; disco house 0.46; tribal house 0.46; afro house 0.45,rolling 0.47; driving 0.43; groovy 0.40; raw 0.39
LAGOS IN PARIS,Mali Spirit (Folamour Remix),124.0,progressive house,rolling,progressive house 0.50; disco house 0.43; afro house 0.40; tribal house 0.37,rolling 0.44; driving 0.41; percussive 0.40; groovy 0.37
LCD Soundsystem,Someone Great,113.0,progressive house,rolling,progressive house 0.45; peak time techno 0.41; afro house 0.41; melodic techno 0.36,rolling 0.42; percussive 0.38; driving 0.33; raw 0.32
LEGATO,So Close Now,126.0,progressive house,rolling,progressive house 0.57; afro house 0.49; disco house 0.49; electronica 0.44,rolling 0.52; driving 0.46; groovy 0.43; dark 0.40
LNRT,Keep Your Speakers On,128.0,progressive house,rolling,progressive house 0.54; afro house 0.45; disco house 0.44; tribal house 0.41,rolling 0.42; driving 0.37; dark 0.36; raw 0.36
LO'99,Run To The Rhythm,130.0,progressive house,rolling,progressive house 0.54; peak time techno 0.42; breakbeat 0.41; afro house 0.40,rolling 0.48; percussive 0.40; dark 0.39; driving 0.39
LO'99,Acid Worldwide (VIP) (Extended Mix),126.0,progressive house,rolling,progressive house 0.58; peak time techno 0.55; breakbeat 0.52; organic house 0.49,rolling 0.55; percussive 0.50; dark 0.48; driving 0.47
LOSTBOYJAY,Could Be Wrong,129.0,progressive house,rolling,progressive house 0.59; disco house 0.50; afro house 0.50; organic house 0.44,rolling 0.43; percussive 0.39; groovy 0.35; driving 0.34
LP Giobbi & Jacob Banks,Feel,124.0,progressive house,rolling,progressive house 0.47; afro house 0.41; disco house 0.39; soulful house 0.38,rolling 0.46; raw 0.40; uplifting 0.40; driving 0.40
LP Giobbi with Mascolo,So Nice To Be In Love (Extended),121.0,progressive house,percussive,progressive house 0.43; disco house 0.38; electronica 0.37; breakbeat 0.35,percussive 0.41; rolling 0.40; raw 0.39; driving 0.35
LYANE,Vertical,115.0,progressive house,rolling,progressive house 0.55; afro house 0.51; melodic house 0.46; melodic techno 0.44,rolling 0.43; dreamy 0.41; groovy 0.39; uplifting 0.38
LYANE,Obscure,114.0,progressive house,rolling,progressive house 0.56; disco house 0.43; tribal house 0.42; melodic house 0.42,rolling 0.43; groovy 0.40; raw 0.38; dreamy 0.37
La Fleur,Kattflickan (Jesper Ryom Remix),124.0,progressive house,rolling,progressive house 0.55; afro house 0.52; melodic house 0.51; disco house 0.50,rolling 0.51; groovy 0.47; dreamy 0.45; uplifting 0.45
Lai Raw,KEISHA,160.0,progressive house,rolling,progressive house 0.59; afro house 0.51; disco house 0.48; organic house 0.46,rolling 0.37; percussive 0.34; groovy 0.30; driving 0.27
Lai Raw,#RAWSAUCE Vol 01 LET YA KNOW,160.0,progressive house,raw,progressive house 0.50; disco house 0.41; afro house 0.40; electronica 0.32,raw 0.38; rolling 0.36; percussive 0.33; driving 0.32
Lai Raw,#RAWSAUCE Vol 02 CATCH UR EYE,80.0,progressive house,rolling,progressive house 0.53; afro house 0.44; disco house 0.43; electronica 0.39,rolling 0.45; driving 0.40; raw 0.40; groovy 0.38
Lai Raw,#RAWSAUCE Vol 03 SHE A SCORPIO,148.0,progressive house,rolling,progressive house 0.49; afro house 0.38; disco house 0.37; peak time techno 0.35,rolling 0.36; raw 0.35; percussive 0.35; driving 0.28
Lai Raw,#RAWSAUCE Vol 04 NO VACATION,118.0,progressive house,rolling,progressive house 0.54; disco house 0.46; afro house 0.45; tribal house 0.40,rolling 0.39; raw 0.37; driving 0.36; groovy 0.35
Lai Raw,#RAWSAUCE Vol 05 GIVE IT 2 ME,118.0,progressive house,driving,progressive house 0.53; disco house 0.43; afro house 0.38; breakbeat 0.38,driving 0.45; rolling 0.42; raw 0.41; dark 0.38
Lai Raw,#RAWSAUCE Vol 06 COME 4 ME,131.0,progressive house,rolling,progressive house 0.47; disco house 0.41; afro house 0.37; breakbeat 0.35,rolling 0.37; percussive 0.37; driving 0.36; raw 0.34
Lai Raw,#RAWSAUCE Vol 07 WE MAXIMIZIN,134.0,progressive house,groovy,progressive house 0.56; disco house 0.50; afro house 0.50; organic house 0.42,groovy 0.40; rolling 0.38; driving 0.37; raw 0.36
Lai Raw,#RAWSAUCE Vol 08 COME & PLAY,131.0,progressive house,percussive,progressive house 0.47; disco house 0.38; tribal house 0.37; afro house 0.37,percussive 0.41; rolling 0.38; driving 0.36; raw 0.34
Lai Raw,#RAWSAUCE Vol 09 BEEN BUSY,136.0,progressive house,driving,progressive house 0.50; disco house 0.42; afro house 0.41; melodic house 0.35,driving 0.38; rolling 0.38; raw 0.36; groovy 0.35
Lance DeSardi,The Power Of Suggestion,120.0,progressive house,rolling,progressive house 0.51; disco house 0.44; afro house 0.42; breakbeat 0.39,rolling 0.45; driving 0.40; groovy 0.37; percussive 0.36
"Landau, bradeazy",Nonstop (Original Mix),128.0,progressive house,rolling,progressive house 0.52; peak time techno 0.49; afro house 0.45; breakbeat 0.45,rolling 0.48; dark 0.42; driving 0.42; groovy 0.38
Lane 8 feat. Matthew Dear,Undercovered,122.01,progressive house,rolling,progressive house 0.50; electronica 0.47; breakbeat 0.47; soulful house 0.47,rolling 0.56; dark 0.55; driving 0.52; raw 0.46
"Lane 8 feat. POLIÇA, Le Youth",The Rope,125.0,progressive house,rolling,progressive house 0.50; disco house 0.45; afro house 0.45; soulful house 0.42,rolling 0.50; driving 0.45; uplifting 0.43; dark 0.43
"Lane 8, Lulu James",Loving You (Moon Boots Remix),121.01,progressive house,rolling,progressive house 0.53; afro house 0.48; soulful house 0.46; melodic house 0.45,rolling 0.50; groovy 0.41; driving 0.41; uplifting 0.41
"Lanfree, Ludovica Chieffo",You Don't Know Me,120.0,progressive house,percussive,progressive house 0.47; tribal house 0.45; afro house 0.44; electronica 0.38,percussive 0.47; rolling 0.44; driving 0.34; uplifting 0.31
"Late London, Fátima",Rule My World,124.0,progressive house,rolling,progressive house 0.54; disco house 0.48; afro house 0.47; tribal house 0.39,rolling 0.36; groovy 0.36; driving 0.33; percussive 0.31
Laurence Guy,Hey Baby,130.0,progressive house,percussive,progressive house 0.52; afro house 0.51; disco house 0.50; organic house 0.48,percussive 0.48; rolling 0.48; groovy 0.42; driving 0.39
Laurence Guy,Saw You For The First Time (Original Mix),121.0,progressive house,driving,progressive house 0.47; melodic house 0.46; melodic techno 0.45; downtempo 0.43,driving 0.49; rolling 0.48; groovy 0.47; dark 0.46
Lauryn Hill,Doo Wop (Pedestrian & Maribou State Remix),127.0,progressive house,rolling,progressive house 0.50; disco house 0.43; breakbeat 0.41; afro house 0.40,rolling 0.46; driving 0.45; groovy 0.43; raw 0.41
Layton Giordani x Tiga x Audion,Let's Go Dancing (Extended Mix),129.0,progressive house,rolling,progressive house 0.50; peak time techno 0.46; breakbeat 0.44; disco house 0.36,rolling 0.45; dark 0.41; percussive 0.41; driving 0.38
"Lazare Hoche, Malin Genie",Damn Near Made It,126.0,progressive house,dreamy,progressive house 0.49; afro house 0.43; melodic house 0.43; melodic techno 0.39,dreamy 0.43; rolling 0.42; groovy 0.42; driving 0.40
Lazare feat. ADDAM,Muhuuuuu,121.0,progressive house,rolling,progressive house 0.47; electronica 0.46; soulful house 0.41; breakbeat 0.41,rolling 0.56; percussive 0.51; driving 0.48; dark 0.46
Lazywax,Santa Catarina,116.0,progressive house,rolling,progressive house 0.52; disco house 0.50; afro house 0.46; organic house 0.42,rolling 0.43; percussive 0.40; groovy 0.38; raw 0.38
"Lazywax, Turbotito",Santa Catarina - Turbotito Remix,110.0,progressive house,rolling,progressive house 0.54; disco house 0.54; afro house 0.45; organic house 0.44,rolling 0.45; percussive 0.42; groovy 0.42; driving 0.37
Le Le,Breakfast (Mercury Remix),124.0,progressive house,percussive,progressive house 0.53; peak time techno 0.46; afro house 0.44; disco house 0.44,percussive 0.45; rolling 0.39; groovy 0.34; driving 0.33
Le Youth,Aquiver (Original Mix),124.0,progressive house,rolling,progressive house 0.52; peak time techno 0.49; afro house 0.47; melodic techno 0.46,rolling 0.51; dark 0.44; driving 0.43; uplifting 0.42
Le Youth,Feel Around You (feat. LeyeT),119.99,progressive house,rolling,progressive house 0.47; soulful house 0.46; melodic house 0.46; electronica 0.46,rolling 0.51; uplifting 0.48; driving 0.47; raw 0.47
Lee Burridge & Lost Desert,Float On,122.0,progressive house,rolling,progressive house 0.55; soulful house 0.55; afro house 0.54; melodic house 0.54,rolling 0.55; groovy 0.49; driving 0.48; uplifting 0.46
Lee M Kelsall,On The Road (Matt Fear Remix),115.0,progressive house,driving,progressive house 0.47; disco house 0.45; breakbeat 0.44; afro house 0.42,driving 0.46; rolling 0.44; uplifting 0.42; raw 0.41
Lee Rodriguez,Making A Living (Original),118.02,progressive house,rolling,progressive house 0.53; afro house 0.52; disco house 0.51; melodic house 0.42,rolling 0.43; groovy 0.39; uplifting 0.35; driving 0.34
"Leeni, Danilo Kupfernagel",Interminable,124.0,progressive house,rolling,progressive house 0.55; afro house 0.53; disco house 0.48; peak time techno 0.46,rolling 0.41; groovy 0.33; dark 0.32; uplifting 0.32
"Leeni, Danilo Kupfernagel",Cerca,125.0,progressive house,rolling,progressive house 0.61; afro house 0.57; organic house 0.55; tech house 0.53,rolling 0.49; groovy 0.42; dark 0.38; uplifting 0.37
Legit Trip,303 (Original Mix),125.0,progressive house,rolling,progressive house 0.59; afro house 0.48; organic house 0.46; peak time techno 0.45,rolling 0.41; groovy 0.37; driving 0.33; dark 0.32
Legit Trip,1938,125.0,progressive house,groovy,progressive house 0.60; afro house 0.56; disco house 0.54; deep house 0.47,groovy 0.45; rolling 0.44; driving 0.38; uplifting 0.37
Lejeune,Não Vou Fugir (geods sorèd Remix),124.0,progressive house,groovy,progressive house 0.53; organic house 0.51; electronica 0.50; disco house 0.50,groovy 0.51; rolling 0.51; percussive 0.48; driving 0.48
Lemin,Just One Thing,127.0,progressive house,percussive,progressive house 0.49; disco house 0.42; afro house 0.42; electronica 0.39,percussive 0.45; rolling 0.42; raw 0.35; driving 0.33
Lemin,Back Together,125.0,progressive house,rolling,progressive house 0.58; disco house 0.51; afro house 0.48; peak time techno 0.47,rolling 0.48; percussive 0.45; driving 0.42; dark 0.39
Lemtom,Namerakana,130.0,progressive house,rolling,progressive house 0.64; afro house 0.58; disco house 0.52; peak time techno 0.50,rolling 0.42; dark 0.35; groovy 0.32; driving 0.31
Leo Pol,Established 1991,126.0,progressive house,rolling,progressive house 0.63; afro house 0.56; organic house 0.54; tribal house 0.52,rolling 0.48; groovy 0.42; driving 0.37; percussive 0.36
Leoesco,Una Noche de Verano,125.0,progressive house,rolling,progressive house 0.60; disco house 0.55; afro house 0.53; peak time techno 0.47,rolling 0.55; driving 0.49; groovy 0.47; dark 0.43
Leonardo Das Cabrio,Infamous (Extended Mix),118.0,progressive house,rolling,progressive house 0.55; disco house 0.50; afro house 0.50; deep house 0.39,rolling 0.39; groovy 0.39; raw 0.36; driving 0.34
Leonardo Das Cabrio,Blow Up,119.0,progressive house,rolling,progressive house 0.55; disco house 0.49; afro house 0.49; melodic house 0.42,rolling 0.43; driving 0.42; groovy 0.42; raw 0.41
Leonardo Das Cabrio,Vessels,120.0,progressive house,groovy,progressive house 0.49; afro house 0.47; disco house 0.46; melodic house 0.40,groovy 0.42; rolling 0.40; raw 0.40; uplifting 0.40
Leonardo Das Cabrio,SOLID,119.0,progressive house,rolling,progressive house 0.64; disco house 0.56; afro house 0.55; organic house 0.47,rolling 0.44; groovy 0.41; driving 0.37; percussive 0.37
Leonardo Das Cabrio feat. Diya,Contagious (Original Mix),117.0,progressive house,raw,progressive house 0.45; electronica 0.40; disco house 0.40; afro house 0.38,raw 0.42; rolling 0.42; driving 0.38; percussive 0.38
"Lessi S., Paolo Rocco",Feel That Way - RAWM08,127.98,progressive house,rolling,progressive house 0.60; afro house 0.50; disco house 0.49; organic house 0.48,rolling 0.44; groovy 0.40; dark 0.35; driving 0.35
Letherette,Look No More,120.0,progressive house,rolling,progressive house 0.55; disco house 0.48; afro house 0.46; deep house 0.42,rolling 0.43; groovy 0.41; raw 0.39; driving 0.38
Leyo,Candy,128.0,progressive house,rolling,progressive house 0.58; disco house 0.53; afro house 0.51; organic house 0.44,rolling 0.45; groovy 0.42; percussive 0.40; driving 0.39
Leyo,Without You,126.0,progressive house,groovy,progressive house 0.56; disco house 0.52; afro house 0.50; organic house 0.43,groovy 0.41; rolling 0.38; percussive 0.37; driving 0.36
"Lifelike, Kris Menace",Discopolis 2.0,120.0,progressive house,rolling,progressive house 0.57; peak time techno 0.47; breakbeat 0.46; afro house 0.44,rolling 0.51; driving 0.44; dark 0.43; groovy 0.39
Lil Wayne,A Milli (SIDEPIECE Extended Remix),128.0,progressive house,rolling,progressive house 0.59; disco house 0.47; peak time techno 0.47; afro house 0.47,rolling 0.40; dark 0.32; groovy 0.32; driving 0.32
"Lipless, Blue Noir",Alone,122.0,progressive house,rolling,progressive house 0.50; soulful house 0.43; afro house 0.42; disco house 0.41,rolling 0.49; driving 0.44; uplifting 0.42; dark 0.41
Liva K,My Lover,120.0,progressive house,rolling,progressive house 0.52; afro house 0.46; disco house 0.44; tribal house 0.41,rolling 0.46; percussive 0.37; driving 0.36; groovy 0.36
Local Options,Kendricks,123.0,progressive house,percussive,progressive house 0.63; afro house 0.55; disco house 0.54; tribal house 0.52,percussive 0.46; rolling 0.42; groovy 0.35; driving 0.31
Lockerz,Gone,138.0,progressive house,rolling,progressive house 0.54; peak time techno 0.48; afro house 0.48; minimal techno 0.42,rolling 0.44; dark 0.38; driving 0.34; uplifting 0.33
Loco & Jam,A Pinch Of Spice,125.0,progressive house,rolling,progressive house 0.54; peak time techno 0.47; afro house 0.44; soulful house 0.41,rolling 0.48; dark 0.42; driving 0.42; uplifting 0.36
Logic1000,YourLove,124.0,progressive house,rolling,progressive house 0.57; afro house 0.47; peak time techno 0.47; soulful house 0.46,rolling 0.48; dark 0.42; driving 0.42; groovy 0.39
Lola Palmer,Imagine That,125.0,progressive house,rolling,progressive house 0.64; afro house 0.58; organic house 0.55; tribal house 0.52,rolling 0.47; groovy 0.38; driving 0.35; dark 0.34
Lola Young,Messy (Skili Remix),121.0,progressive house,rolling,progressive house 0.47; tribal house 0.38; afro house 0.37; disco house 0.35,rolling 0.43; percussive 0.38; raw 0.36; driving 0.35
LondonGround,New Ray (Cristina Lazic Remix),128.0,progressive house,rolling,progressive house 0.63; afro house 0.54; peak time techno 0.53; disco house 0.52,rolling 0.52; groovy 0.46; dark 0.46; driving 0.45
LondonGround,Franklin (Original Mix),124.0,progressive house,rolling,progressive house 0.57; afro house 0.53; disco house 0.48; peak time techno 0.48,rolling 0.42; groovy 0.39; driving 0.34; dark 0.34
Lone,Oedo 808,130.0,progressive house,rolling,progressive house 0.49; afro house 0.47; disco house 0.42; peak time techno 0.40,rolling 0.39; groovy 0.36; driving 0.35; dark 0.31
Lost Desert,Dear To Me (Original Mix),125.0,progressive house,rolling,progressive house 0.52; afro house 0.44; electronica 0.43; disco house 0.43,rolling 0.41; groovy 0.39; driving 0.39; uplifting 0.38
Lost Desert,In A Pagode (Original Mix),124.0,progressive house,rolling,progressive house 0.62; afro house 0.52; disco house 0.50; tech house 0.48,rolling 0.49; groovy 0.43; driving 0.42; percussive 0.41
"Lost Desert, Felix Raphael",Floatish (Hermanez Remix),124.0,progressive house,driving,progressive house 0.48; disco house 0.42; electronica 0.41; soulful house 0.41,driving 0.50; rolling 0.47; uplifting 0.47; dark 0.44
"Lost Desert, Junior",Bo Singi Yo (Original Mix),120.0,progressive house,rolling,progressive house 0.55; soulful house 0.53; melodic house 0.48; electronica 0.46,rolling 0.53; dreamy 0.46; uplifting 0.45; driving 0.45
Lost.Act,Poema De La Noche (Calabasa Remix),126.0,progressive house,percussive,progressive house 0.46; tribal house 0.45; organic house 0.44; soulful house 0.42,percussive 0.37; rolling 0.36; dark 0.35; groovy 0.35
"Loui & Scibi, Alec Sun Drae",Who Am I (Sebb Junior Remix),121.0,progressive house,rolling,progressive house 0.51; disco house 0.43; afro house 0.43; tribal house 0.38,rolling 0.38; driving 0.33; uplifting 0.32; groovy 0.32
Louie Vega & The Martinez Brothers with Marc E. Bassy,Let It Go (Vintage Culture Extended Remix),124.0,progressive house,rolling,progressive house 0.55; disco house 0.43; afro house 0.43; tribal house 0.40,rolling 0.46; driving 0.42; percussive 0.39; dark 0.39
Loure,Vue,120.0,progressive house,driving,progressive house 0.56; disco house 0.48; melodic house 0.47; afro house 0.47,driving 0.50; rolling 0.49; groovy 0.46; dark 0.46
Lovebirds,This Time (Gorge Remix),122.0,progressive house,rolling,progressive house 0.63; afro house 0.58; disco house 0.56; organic house 0.48,rolling 0.48; groovy 0.44; driving 0.39; uplifting 0.38
"Loverground, Henrik Villard","Whatever Happens, Happens",121.0,progressive house,rolling,progressive house 0.56; afro house 0.54; disco house 0.51; melodic house 0.50,rolling 0.47; groovy 0.46; uplifting 0.43; dreamy 0.40
Luca Donzelli vs. Armand van Helden,Good Wine Needs A Painkiller (Hermanos Edit),124.0,progressive house,percussive,progressive house 0.44; tribal house 0.37; disco house 0.34; afro house 0.33,percussive 0.39; rolling 0.30; raw 0.29; driving 0.27
"Luca Luper, Fat Cosmoe",I Know My Name,128.0,progressive house,percussive,progressive house 0.46; breakbeat 0.42; disco house 0.39; peak time techno 0.38,percussive 0.47; rolling 0.46; driving 0.43; raw 0.41
"Luca Luper, Fat Cosmoe",For A Million,125.0,progressive house,rolling,progressive house 0.52; afro house 0.46; breakbeat 0.46; disco house 0.45,rolling 0.50; driving 0.44; dark 0.41; percussive 0.40
Lucas Alexander,FM Dial (Original Mix),130.0,progressive house,rolling,progressive house 0.61; afro house 0.48; disco house 0.47; peak time techno 0.45,rolling 0.41; driving 0.37; groovy 0.35; dark 0.32
Lucas Alexander,King K,130.0,progressive house,percussive,progressive house 0.58; peak time techno 0.53; organic house 0.50; tech house 0.46,percussive 0.48; rolling 0.44; raw 0.33; driving 0.32
"Lucas Alexander, Pablo Rita",La Di Da,128.0,progressive house,rolling,progressive house 0.58; disco house 0.50; afro house 0.47; deep house 0.46,rolling 0.48; groovy 0.44; driving 0.43; dark 0.43
Ludo Lacoste,When You Were Down (Extended Mix),123.0,progressive house,rolling,progressive house 0.57; afro house 0.48; disco house 0.46; peak time techno 0.45,rolling 0.42; driving 0.40; groovy 0.40; dark 0.39
Luedji Luna,Banho de Folhas (Maz (BR) Remix),126.0,progressive house,percussive,progressive house 0.54; tribal house 0.48; disco house 0.43; afro house 0.42,percussive 0.49; rolling 0.47; driving 0.40; groovy 0.37
"Luedji Luna, DJ Roque Castro",Banho De Folhas,124.0,progressive house,rolling,progressive house 0.59; afro house 0.50; disco house 0.46; tribal house 0.45,rolling 0.42; percussive 0.36; groovy 0.33; driving 0.32
"Luedji Luna, mOma+Guy",Banho de Folhas,125.0,progressive house,percussive,progressive house 0.46; disco house 0.41; afro house 0.39; tribal house 0.35,percussive 0.40; rolling 0.38; raw 0.37; driving 0.34
Luke Alessi,Rainbow Road (Original Mix),128.0,progressive house,rolling,progressive house 0.53; peak time techno 0.48; afro house 0.44; tech house 0.43,rolling 0.46; percussive 0.42; driving 0.36; dark 0.36
Luna City Express,Victims of the Funk (Dario D'Attis Dubby Dub),123.0,progressive house,rolling,progressive house 0.56; afro house 0.51; disco house 0.47; peak time techno 0.44,rolling 0.44; groovy 0.41; driving 0.37; dark 0.36
Luttrell,Make U Happy (Jack Lazarus Extended Mix),123.0,progressive house,rolling,progressive house 0.52; soulful house 0.49; peak time techno 0.49; afro house 0.48,rolling 0.51; uplifting 0.42; driving 0.42; dark 0.42
Luuk Van Dijk,Disco Tetris (Extended),127.0,progressive house,rolling,progressive house 0.63; disco house 0.55; afro house 0.55; organic house 0.54,rolling 0.48; percussive 0.42; groovy 0.41; driving 0.38
Luvless,Down With You Baby,106.0,progressive house,driving,progressive house 0.51; disco house 0.45; afro house 0.44; melodic house 0.39,driving 0.43; groovy 0.43; rolling 0.42; uplifting 0.41
Lykke Li,I Follow Rivers (Addal Remix),122.0,progressive house,rolling,progressive house 0.47; afro house 0.42; disco house 0.42; tribal house 0.41,rolling 0.48; percussive 0.45; raw 0.40; driving 0.39
"Lynnic, ItsArius, Lilly",Self Control (Extended Mix),126.0,progressive house,rolling,progressive house 0.52; soulful house 0.47; afro house 0.46; melodic house 0.45,rolling 0.47; uplifting 0.46; dark 0.45; groovy 0.45
M.A.N.D.Y. & Booka Shade,Home (Kollektiv Turmstrasse Interstellar Mix),123.0,progressive house,rolling,progressive house 0.58; afro house 0.50; organic house 0.49; melodic house 0.48,rolling 0.49; groovy 0.42; dark 0.40; driving 0.40
"M.O.S., Ilias Katelanos, Plecta, Alexandra Savvidi",When We Are Alone (Original Mix),124.0,progressive house,rolling,progressive house 0.54; afro house 0.47; organic house 0.45; soulful house 0.45,rolling 0.50; driving 0.45; groovy 0.43; dark 0.42
MA:RK,Glow (Extended Mix),125.0,progressive house,uplifting,progressive house 0.53; afro house 0.53; disco house 0.52; melodic house 0.51,uplifting 0.49; groovy 0.47; dreamy 0.47; rolling 0.46
"MAKS FR, ERHA",Flight 115,130.0,progressive house,rolling,progressive house 0.67; afro house 0.60; tribal house 0.56; organic house 0.55,rolling 0.51; groovy 0.42; percussive 0.39; driving 0.38
MANIK,Recourse (Feat. Cari Golden),121.0,progressive house,percussive,progressive house 0.57; organic house 0.54; disco house 0.53; afro house 0.53,percussive 0.51; rolling 0.46; raw 0.40; groovy 0.39
MANT,Coming Back,125.0,progressive house,rolling,progressive house 0.65; disco house 0.54; afro house 0.53; peak time techno 0.49,rolling 0.46; dark 0.38; groovy 0.37; driving 0.36
MANT & Todd Edwards,Provenance,128.0,progressive house,rolling,progressive house 0.55; afro house 0.49; disco house 0.48; peak time techno 0.43,rolling 0.48; percussive 0.46; driving 0.36; groovy 0.34
MATVEÏ,OVERDOSE,120.0,progressive house,rolling,progressive house 0.53; disco house 0.45; afro house 0.44; tribal house 0.39,rolling 0.41; raw 0.39; groovy 0.37; driving 0.35
MATVEÏ,GET LOST,125.0,progressive house,rolling,progressive house 0.53; tribal house 0.43; disco house 0.43; afro house 0.41,rolling 0.42; percussive 0.41; driving 0.35; raw 0.35
MD X-Spress,God Made Me Phunky (Jess Bays Extended Remix),128.0,progressive house,percussive,progressive house 0.59; disco house 0.54; afro house 0.53; organic house 0.46,percussive 0.46; rolling 0.42; groovy 0.40; driving 0.38
MDROM,Shine (Extended Mix),122.0,progressive house,driving,progressive house 0.52; soulful house 0.46; afro house 0.44; melodic house 0.44,driving 0.49; rolling 0.49; uplifting 0.48; dreamy 0.47
MODBIT,Yawoko,122.0,progressive house,rolling,progressive house 0.60; afro house 0.55; peak time techno 0.48; disco house 0.47,rolling 0.45; groovy 0.39; percussive 0.38; driving 0.37
"MOTSA, Jody Wisternoff, James Grant",Feel This Way (Extended Mix),124.0,progressive house,rolling,progressive house 0.48; soulful house 0.47; afro house 0.46; breakbeat 0.45,rolling 0.53; driving 0.45; warm 0.43; dark 0.43
MPH,Nova (Original Mix),132.0,progressive house,rolling,progressive house 0.45; afro house 0.44; melodic techno 0.43; soulful house 0.43,rolling 0.50; dark 0.42; uplifting 0.40; groovy 0.39
MPH,Bounce,132.0,progressive house,rolling,progressive house 0.53; disco house 0.44; afro house 0.43; breakbeat 0.41,rolling 0.40; driving 0.34; raw 0.33; dark 0.32
MPH,LA NYC (Extended Mix),135.0,progressive house,percussive,progressive house 0.52; afro house 0.45; disco house 0.42; peak time techno 0.37,percussive 0.37; rolling 0.33; groovy 0.27; raw 0.26
MPH,Hold On (Extended Mix),138.0,progressive house,rolling,progressive house 0.47; afro house 0.41; disco house 0.40; breakbeat 0.36,rolling 0.39; driving 0.38; raw 0.37; uplifting 0.35
MPH,Until The Morning (Extended Mix),135.0,progressive house,rolling,progressive house 0.53; afro house 0.41; disco house 0.40; peak time techno 0.39,rolling 0.34; raw 0.28; driving 0.28; dark 0.26
MPH,Raw (Extended Mix),132.0,progressive house,percussive,progressive house 0.52; disco house 0.41; peak time techno 0.40; breakbeat 0.40,percussive 0.41; rolling 0.38; raw 0.34; driving 0.34
MPH,Locked In,132.0,progressive house,rolling,progressive house 0.50; afro house 0.44; breakbeat 0.43; peak time techno 0.42,rolling 0.41; driving 0.34; raw 0.33; dark 0.33
MPH & Habstrakt,Untouchable (Extended Mix),136.0,progressive house,rolling,progressive house 0.50; afro house 0.43; disco house 0.43; peak time techno 0.42,rolling 0.38; driving 0.32; dark 0.31; groovy 0.29
Maceo Plex,Under The Sheets,121.0,progressive house,rolling,progressive house 0.55; afro house 0.50; peak time techno 0.47; tribal house 0.47,rolling 0.51; percussive 0.43; driving 0.41; groovy 0.40
Macromism,The Walk (Original Mix),126.0,progressive house,rolling,progressive house 0.56; afro house 0.52; peak time techno 0.50; organic house 0.47,rolling 0.46; dark 0.35; groovy 0.33; driving 0.33
Maezbi & Agustín Ficarra,Green Time (Extended Mix),123.0,progressive house,rolling,progressive house 0.55; soulful house 0.52; peak time techno 0.51; afro house 0.51,rolling 0.57; dark 0.51; driving 0.48; uplifting 0.46
Maezbi & Agustín Ficarra,Vibrant Drips (Extended Mix),123.0,progressive house,rolling,progressive house 0.59; peak time techno 0.57; afro house 0.55; soulful house 0.51,rolling 0.57; dark 0.48; driving 0.46; groovy 0.44
Mafro & Tsha,Pans Of Death (Extended Mix),132.0,progressive house,rolling,progressive house 0.58; afro house 0.52; tribal house 0.50; disco house 0.47,rolling 0.47; percussive 0.42; groovy 0.40; driving 0.38
Magic Flowers,I CAN'T STAY,125.0,progressive house,percussive,progressive house 0.52; disco house 0.48; afro house 0.46; electronica 0.44,percussive 0.47; rolling 0.46; groovy 0.45; raw 0.43
Magou,Sample Dream (Original Mix),122.0,progressive house,groovy,progressive house 0.52; melodic house 0.50; afro house 0.49; disco house 0.49,groovy 0.49; driving 0.47; rolling 0.47; uplifting 0.45
Mai Iachetti,Bones,126.0,progressive house,rolling,progressive house 0.58; disco house 0.50; afro house 0.50; soulful house 0.49,rolling 0.54; dark 0.49; driving 0.48; groovy 0.47
Makebo,Skyline,122.0,progressive house,dreamy,progressive house 0.50; melodic house 0.48; afro house 0.47; melodic techno 0.44,dreamy 0.47; groovy 0.44; driving 0.43; rolling 0.42
Malin Genie,Bloom,128.0,progressive house,rolling,progressive house 0.57; afro house 0.50; disco house 0.44; tribal house 0.43,rolling 0.43; groovy 0.34; driving 0.34; uplifting 0.33
Mallin,Need You (Extended Mix),128.0,progressive house,rolling,progressive house 0.47; afro house 0.42; disco house 0.40; electronica 0.38,rolling 0.45; raw 0.41; percussive 0.40; driving 0.40
Mallin,Because Of You,124.0,progressive house,groovy,progressive house 0.60; afro house 0.55; disco house 0.51; melodic house 0.49,groovy 0.48; rolling 0.47; uplifting 0.41; driving 0.41
Mallin,Off My Mind (Extended Mix),122.0,progressive house,rolling,progressive house 0.50; deep house 0.46; afro house 0.45; melodic house 0.45,rolling 0.47; groovy 0.47; driving 0.46; uplifting 0.45
Mallin & Sam Dexter,Keep It Real (Extended Mix),126.0,progressive house,rolling,progressive house 0.65; afro house 0.57; organic house 0.54; minimal techno 0.53,rolling 0.51; groovy 0.41; driving 0.39; dark 0.39
Malone,Time To Move (Extended Mix),125.0,progressive house,rolling,progressive house 0.53; afro house 0.50; peak time techno 0.49; tech house 0.45,rolling 0.49; dark 0.40; driving 0.40; groovy 0.40
"Malone, Shyam P",Misunderstood (Extended Mix),123.0,progressive house,percussive,progressive house 0.43; tribal house 0.42; afro house 0.37; disco house 0.34,percussive 0.43; rolling 0.30; raw 0.26; driving 0.21
Man Go Funk,Summer Love,124.0,progressive house,rolling,progressive house 0.53; afro house 0.48; disco house 0.46; breakbeat 0.41,rolling 0.46; driving 0.41; groovy 0.39; uplifting 0.38
Man Go Funk feat. Daisy Dela Diva,Come Together,120.0,progressive house,rolling,progressive house 0.59; peak time techno 0.58; afro house 0.53; organic house 0.52,rolling 0.52; groovy 0.43; dark 0.43; percussive 0.40
Man Go Funk feat. Venessa Jackson,Mi Casa (Original Mix),127.04,progressive house,rolling,progressive house 0.60; peak time techno 0.53; afro house 0.51; organic house 0.49,rolling 0.50; groovy 0.40; dark 0.39; percussive 0.39
Mano Le Tough,So (Extended Mix),120.0,progressive house,rolling,progressive house 0.53; tribal house 0.42; disco house 0.42; afro house 0.42,rolling 0.44; percussive 0.42; raw 0.35; dark 0.35
Manuel Falardeau,I'll Get There,124.0,progressive house,rolling,progressive house 0.55; peak time techno 0.46; disco house 0.46; afro house 0.45,rolling 0.51; driving 0.45; dark 0.43; groovy 0.41
Manuel Falardeau,Cruise Control (Extended Mix),128.0,progressive house,rolling,progressive house 0.62; tribal house 0.51; peak time techno 0.50; organic house 0.49,rolling 0.50; percussive 0.44; dark 0.40; driving 0.36
Manuel Falardeau,What's Keeping You Awake,124.0,progressive house,rolling,progressive house 0.59; afro house 0.54; peak time techno 0.53; organic house 0.49,rolling 0.48; percussive 0.45; groovy 0.36; driving 0.35
Mara Lakour,Bleu Mood,125.0,progressive house,rolling,progressive house 0.58; afro house 0.56; organic house 0.55; peak time techno 0.51,rolling 0.49; percussive 0.45; groovy 0.44; driving 0.39
Mara Lakour,Clark St (Original Mix),123.0,progressive house,rolling,progressive house 0.61; disco house 0.48; tribal house 0.46; organic house 0.44,rolling 0.50; driving 0.44; dark 0.43; percussive 0.42
"Marc Gonen, KANTEL",Right Now (Dub Mix),121.0,progressive house,rolling,progressive house 0.56; disco house 0.48; afro house 0.48; deep house 0.46,rolling 0.54; dark 0.50; driving 0.47; groovy 0.46
"Marc Gonen, Kantel",Instrument of God (Extended Mix),123.0,progressive house,rolling,progressive house 0.61; afro house 0.58; disco house 0.55; tech house 0.49,rolling 0.49; groovy 0.44; driving 0.40; dark 0.38
"Marc Gonen, Kantel",Instrument of God (Extended Mix),123.0,progressive house,rolling,progressive house 0.61; afro house 0.58; disco house 0.55; tech house 0.49,rolling 0.49; groovy 0.44; driving 0.40; dark 0.38
Marc Lenz,Arabic Soul (Dilby Remix),125.0,progressive house,rolling,progressive house 0.54; peak time techno 0.49; afro house 0.46; soulful house 0.44,rolling 0.48; dark 0.42; driving 0.40; uplifting 0.40
"Marc Lenz, Cari Golden",Woman in the Wild,124.0,progressive house,rolling,progressive house 0.61; afro house 0.57; organic house 0.52; disco house 0.52,rolling 0.49; groovy 0.44; driving 0.41; uplifting 0.41
Marc Romboy,Counting Comets (Ruede Hagelstein Remix),123.0,progressive house,rolling,progressive house 0.59; peak time techno 0.54; soulful house 0.53; melodic techno 0.52,rolling 0.55; dark 0.47; groovy 0.46; driving 0.44
Marco Strous,Monkey Swag (Extended Mix),132.0,progressive house,rolling,progressive house 0.54; disco house 0.46; afro house 0.45; peak time techno 0.44,rolling 0.41; driving 0.37; percussive 0.36; groovy 0.35
Marco Weber feat. Spanny Foxx,Fading Echoes,123.0,progressive house,rolling,progressive house 0.64; afro house 0.56; organic house 0.52; disco house 0.52,rolling 0.47; groovy 0.41; driving 0.38; dark 0.38
Marcos Barrios,Tribaile (Len Mora & Joaquin Postigo),124.0,progressive house,rolling,progressive house 0.54; peak time techno 0.43; afro house 0.43; organic house 0.43,rolling 0.46; dark 0.41; driving 0.40; groovy 0.36
Margaryan & Ira Ange,"Come Back (DEFLEE, Dub Pepper Remix)",123.0,progressive house,rolling,progressive house 0.53; peak time techno 0.50; breakbeat 0.47; afro house 0.47,rolling 0.50; driving 0.47; dark 0.46; groovy 0.42
"Maria Nocheydia, ABEL (UK)",Quiero Mas (Extended Mix),126.0,progressive house,rolling,progressive house 0.60; afro house 0.57; disco house 0.55; organic house 0.47,rolling 0.45; groovy 0.42; driving 0.38; percussive 0.35
Marian (BR),Zarandaja,128.0,progressive house,rolling,progressive house 0.59; peak time techno 0.48; tech house 0.46; afro house 0.44,rolling 0.48; driving 0.38; percussive 0.37; dark 0.36
Mark Alow,Monsoon,122.0,progressive house,rolling,progressive house 0.62; soulful house 0.55; melodic techno 0.52; deep house 0.51,rolling 0.56; dark 0.50; dreamy 0.46; groovy 0.45
Mark Knight,Yebisah (Original Mix),124.0,progressive house,rolling,progressive house 0.56; breakbeat 0.52; disco house 0.49; afro house 0.48,rolling 0.59; driving 0.52; dark 0.50; groovy 0.45
"Mark Maxwell, DÉ SAINT.",Tracey In My Room (Extended Mix),125.0,progressive house,rolling,progressive house 0.55; afro house 0.48; disco house 0.47; peak time techno 0.44,rolling 0.48; driving 0.46; groovy 0.44; uplifting 0.42
Markus Homm,Hey You,126.0,progressive house,rolling,progressive house 0.59; afro house 0.53; soulful house 0.50; peak time techno 0.49,rolling 0.48; groovy 0.44; uplifting 0.43; driving 0.42
Markus Homm,Abiola (Markus Homm Version),121.0,progressive house,rolling,progressive house 0.60; peak time techno 0.53; tribal house 0.52; afro house 0.48,rolling 0.54; percussive 0.45; dark 0.42; driving 0.39
Markus Homm,Duke,125.0,progressive house,rolling,progressive house 0.63; afro house 0.54; disco house 0.51; organic house 0.47,rolling 0.49; groovy 0.41; driving 0.39; dark 0.39
Markus Homm & Nici Faerber,Basement Room (Original Mix),124.0,progressive house,rolling,progressive house 0.56; peak time techno 0.46; afro house 0.45; tribal house 0.43,rolling 0.45; percussive 0.36; dark 0.36; driving 0.33
Marquis Hawkes,Dreamy,113.0,progressive house,rolling,progressive house 0.48; melodic techno 0.46; melodic house 0.44; deep house 0.43,rolling 0.48; driving 0.44; dark 0.44; groovy 0.39
Marsh,Little Darling,124.0,progressive house,rolling,progressive house 0.54; afro house 0.50; peak time techno 0.49; minimal techno 0.45,rolling 0.43; dreamy 0.38; uplifting 0.37; driving 0.36
Marsh,Lost In You (Extended Mix),122.0,progressive house,rolling,progressive house 0.50; soulful house 0.50; melodic house 0.47; melodic techno 0.46,rolling 0.49; uplifting 0.44; dark 0.43; driving 0.43
Marsh,All Night Long (Icarus Remix),130.0,progressive house,rolling,progressive house 0.55; afro house 0.48; peak time techno 0.45; disco house 0.43,rolling 0.43; dark 0.38; driving 0.38; uplifting 0.35
Marsh,Forgiveness (feat. Mariel Beausejour),124.0,progressive house,rolling,progressive house 0.55; afro house 0.49; peak time techno 0.48; tech house 0.47,rolling 0.47; uplifting 0.43; driving 0.42; groovy 0.40
Marsh feat. ALLKNIGHT,Rabbit Hole (Extended Mix),126.0,progressive house,rolling,progressive house 0.51; afro house 0.46; soulful house 0.45; disco house 0.44,rolling 0.48; uplifting 0.43; driving 0.43; raw 0.41
Marten Lou,Your Body (Tim Engelhardt Extended Remix),124.0,progressive house,rolling,progressive house 0.55; afro house 0.48; tribal house 0.46; tech house 0.45,rolling 0.45; percussive 0.37; uplifting 0.33; driving 0.32
"Martin Eyerer, Benno Blome, Kollmorgen",So We Can Fly (Mihai Popoviciu Remix),125.0,progressive house,driving,progressive house 0.53; afro house 0.46; disco house 0.43; melodic house 0.43,driving 0.46; rolling 0.44; groovy 0.44; uplifting 0.43
"Martin Ikin, Hayley May",How I Feel (Biscits Extended Mix),124.0,progressive house,rolling,progressive house 0.54; peak time techno 0.48; breakbeat 0.43; afro house 0.43,rolling 0.46; dark 0.40; driving 0.39; groovy 0.33
Martin Waslewski,Gerd,120.0,progressive house,driving,progressive house 0.52; disco house 0.49; breakbeat 0.46; electronica 0.45,driving 0.52; rolling 0.50; groovy 0.48; uplifting 0.44
"Martina Camargo, The Ramos Brothers",Me Provoca feat. Martina Camargo (Extended Mix),125.0,progressive house,rolling,progressive house 0.52; tribal house 0.42; peak time techno 0.41; afro house 0.38,rolling 0.45; percussive 0.37; dark 0.35; driving 0.35
"Mason Collective, Timeless Oracle",Come To Ibiza (Extended Mix),125.0,progressive house,percussive,progressive house 0.54; disco house 0.47; afro house 0.46; tribal house 0.41,percussive 0.41; rolling 0.39; groovy 0.38; raw 0.37
Mason Talbot,Cocaina (Original Mix),127.0,progressive house,rolling,progressive house 0.61; afro house 0.55; disco house 0.52; tech house 0.50,rolling 0.44; groovy 0.43; driving 0.37; raw 0.36
"Mat.Joe, C'mon & Otistic",Sunflower (Extended Mix),124.0,progressive house,rolling,progressive house 0.49; disco house 0.47; breakbeat 0.46; melodic house 0.43,rolling 0.52; driving 0.50; dark 0.45; groovy 0.44
Mateo & Matos,Body'n'soul (Ian Pooley Soul Mix) [2015 Re-Master],127.01,progressive house,driving,progressive house 0.57; disco house 0.57; afro house 0.48; breakbeat 0.47,driving 0.51; groovy 0.50; rolling 0.48; uplifting 0.41
Matisa,1234 Bisous (Extended Mix),124.0,progressive house,rolling,progressive house 0.62; afro house 0.54; disco house 0.54; organic house 0.48,rolling 0.47; groovy 0.40; driving 0.39; dark 0.35
"Matt Sassari, Hugel, Sonique",It Feels So Good (Extended Mix),128.0,progressive house,rolling,progressive house 0.49; afro house 0.41; peak time techno 0.40; disco house 0.40,rolling 0.43; driving 0.42; dark 0.38; uplifting 0.37
"Matt Sawyer, Everything Counts",Umma,120.0,progressive house,rolling,progressive house 0.63; tribal house 0.53; organic house 0.51; peak time techno 0.50,rolling 0.46; percussive 0.45; dark 0.35; driving 0.35
Mattei & Omich,Drop The Bomb (Original Mix),122.0,progressive house,percussive,progressive house 0.60; afro house 0.51; disco house 0.51; organic house 0.48,percussive 0.45; rolling 0.44; groovy 0.39; driving 0.37
Mattei & Omich ft. Ella,Hold Me,125.0,progressive house,rolling,progressive house 0.54; disco house 0.45; afro house 0.45; breakbeat 0.41,rolling 0.51; driving 0.44; percussive 0.41; raw 0.40
"Mattei, Omich",Groove 144 (Extended Mix),126.0,progressive house,rolling,progressive house 0.51; disco house 0.42; breakbeat 0.38; afro house 0.37,rolling 0.43; driving 0.41; dark 0.38; groovy 0.38
Matter & GMJ,Conduits (Extended Mix),120.0,progressive house,rolling,progressive house 0.56; peak time techno 0.53; soulful house 0.46; minimal techno 0.45,rolling 0.52; dark 0.48; driving 0.43; uplifting 0.37
Matthew Pauls,Touch Me Mix,132.0,progressive house,rolling,progressive house 0.50; electronica 0.46; afro house 0.46; disco house 0.45,rolling 0.47; percussive 0.45; raw 0.45; driving 0.44
Matthias Meyer,Infinity (Original Mix),124.0,progressive house,rolling,progressive house 0.50; afro house 0.48; tribal house 0.43; organic house 0.43,rolling 0.42; percussive 0.41; groovy 0.35; driving 0.29
Matthias Meyer,Tout Va Bien,123.0,progressive house,rolling,progressive house 0.63; afro house 0.61; tribal house 0.61; organic house 0.58,rolling 0.50; percussive 0.49; groovy 0.42; driving 0.37
Matthias Meyer & Ryan Davis,Hope (Original Mix),121.0,progressive house,rolling,progressive house 0.56; soulful house 0.54; melodic house 0.53; afro house 0.53,rolling 0.55; groovy 0.46; driving 0.43; dark 0.42
MatveÏ,Regreso (Warner Case Remix),122.0,progressive house,rolling,progressive house 0.52; disco house 0.49; afro house 0.47; breakbeat 0.35,rolling 0.39; groovy 0.38; raw 0.38; driving 0.35
Maty Owl,Sounds Like Yellow (Extended Mix),124.0,progressive house,rolling,progressive house 0.52; soulful house 0.50; melodic techno 0.49; melodic house 0.47,rolling 0.49; dark 0.47; uplifting 0.46; driving 0.45
Maty Owl,Sunset Rider,123.0,progressive house,rolling,progressive house 0.54; afro house 0.50; disco house 0.49; soulful house 0.46,rolling 0.50; uplifting 0.45; driving 0.45; groovy 0.45
Mau P,Drugs From Amsterdam (Extended Mix),125.0,progressive house,percussive,progressive house 0.56; peak time techno 0.55; organic house 0.50; afro house 0.48,percussive 0.51; rolling 0.50; groovy 0.39; dark 0.38
Mau P,BEATS FOR THE UNDERGROUND (Original Mix),126.0,progressive house,rolling,progressive house 0.56; peak time techno 0.47; afro house 0.46; disco house 0.45,rolling 0.41; percussive 0.34; driving 0.32; groovy 0.31
Mau P,neck (Extended Mix),129.0,progressive house,rolling,progressive house 0.53; disco house 0.46; afro house 0.45; peak time techno 0.40,rolling 0.39; driving 0.35; percussive 0.34; groovy 0.31
Mau P,MERTHER (Extended Mix),128.0,progressive house,rolling,progressive house 0.48; breakbeat 0.42; peak time techno 0.42; disco house 0.37,rolling 0.43; dark 0.42; driving 0.40; raw 0.36
Maurice Lessing feat. Emma Wells,I Can Feel Your Love,125.0,progressive house,rolling,progressive house 0.56; afro house 0.45; disco house 0.44; peak time techno 0.40,rolling 0.43; raw 0.39; driving 0.38; dark 0.36
Mauro MBS,Philosophy of Dance,127.0,progressive house,rolling,progressive house 0.62; tribal house 0.52; afro house 0.51; organic house 0.51,rolling 0.50; percussive 0.43; dark 0.43; driving 0.42
Max Styler,Don't Stop (Extended Mix),128.0,progressive house,rolling,progressive house 0.51; peak time techno 0.49; breakbeat 0.43; afro house 0.39,rolling 0.43; percussive 0.41; dark 0.31; driving 0.31
Max Styler,I Know You Want To (Extended Mix),129.0,progressive house,rolling,progressive house 0.50; breakbeat 0.46; peak time techno 0.43; disco house 0.43,rolling 0.43; driving 0.43; dark 0.41; raw 0.37
Max Styler,Inferno (Extended Mix),128.0,progressive house,rolling,progressive house 0.58; peak time techno 0.44; disco house 0.44; afro house 0.44,rolling 0.40; percussive 0.35; driving 0.34; raw 0.33
"Max Styler, Ad-Apt",One More (Solomun Extended Remix),130.0,progressive house,rolling,progressive house 0.58; disco house 0.51; afro house 0.51; peak time techno 0.49,rolling 0.50; driving 0.42; dark 0.40; groovy 0.40
Maxi Meraki,Paradiso Erotica,122.0,progressive house,rolling,progressive house 0.56; afro house 0.52; disco house 0.47; melodic house 0.43,rolling 0.45; driving 0.39; groovy 0.38; uplifting 0.36
"Maxi Meraki, Idd Aziz",Tsona,120.0,progressive house,rolling,progressive house 0.51; afro house 0.46; soulful house 0.46; melodic house 0.45,rolling 0.49; dark 0.44; driving 0.42; uplifting 0.42
Maxim Lany,Shifter (Original Mix),124.0,progressive house,rolling,progressive house 0.56; peak time techno 0.50; tribal house 0.46; afro house 0.44,rolling 0.50; percussive 0.50; dark 0.37; driving 0.35
"Maxxi Soundsystem, Name One",Regrets We Have No Use For feat. Name One (Original Mix),118.0,progressive house,rolling,progressive house 0.54; afro house 0.44; disco house 0.44; electronica 0.43,rolling 0.46; raw 0.42; driving 0.41; dark 0.40
Maya Jane Coles,Need,128.0,progressive house,rolling,progressive house 0.54; afro house 0.46; disco house 0.44; electronica 0.43,rolling 0.48; percussive 0.39; dark 0.38; raw 0.38
Maya Jane Coles,Something In The Air (Bonobo Remix),117.65,progressive house,dreamy,progressive house 0.49; melodic techno 0.46; melodic house 0.45; soulful house 0.44,dreamy 0.51; driving 0.49; rolling 0.47; uplifting 0.46
Maz,Our Roof (Original Mix),124.0,progressive house,rolling,progressive house 0.52; soulful house 0.45; afro house 0.45; melodic house 0.45,rolling 0.49; driving 0.48; groovy 0.45; uplifting 0.44
Maz (BR) & JP Castro feat. Luke Coulson,All For You (Kasango Remix),122.0,progressive house,rolling,progressive house 0.51; afro house 0.47; electronica 0.46; peak time techno 0.44,rolling 0.53; percussive 0.47; raw 0.43; driving 0.42
Maz (BR) & VXSION,Amana,123.0,progressive house,rolling,progressive house 0.55; afro house 0.52; melodic house 0.51; melodic techno 0.50,rolling 0.55; driving 0.48; groovy 0.47; uplifting 0.46
"Maz (BR), APACHE (FR), MAXI MERAKI feat. Tabia",Nothing On Me (Original Mix),122.0,progressive house,rolling,progressive house 0.48; electronica 0.43; soulful house 0.41; afro house 0.41,rolling 0.51; percussive 0.44; driving 0.44; dark 0.40
"Maz (BR), Antdot, Jéssica Gaspar",Brisa (Original Mix),123.0,progressive house,percussive,progressive house 0.43; electronica 0.42; afro house 0.40; tribal house 0.40,percussive 0.48; rolling 0.47; driving 0.40; raw 0.39
"Maz (BR), Antdot, Letícia Fialho",Corpo e Canção,122.0,progressive house,rolling,progressive house 0.44; tribal house 0.38; electronica 0.36; afro house 0.36,rolling 0.45; dark 0.38; driving 0.37; percussive 0.36
"Maz (BR), Antdot, Sued Nunes",Povoada (Remix),124.0,progressive house,rolling,progressive house 0.52; afro house 0.48; disco house 0.46; melodic house 0.44,rolling 0.53; driving 0.47; uplifting 0.47; groovy 0.44
"Maz (BR), RIGOONI",Higher,122.0,progressive house,uplifting,progressive house 0.52; afro house 0.47; soulful house 0.45; disco house 0.44,uplifting 0.45; rolling 0.44; dreamy 0.44; driving 0.42
"Maz, Antdot",Run,120.0,progressive house,rolling,progressive house 0.46; melodic techno 0.43; soulful house 0.42; electronica 0.41,rolling 0.48; percussive 0.42; dreamy 0.41; dark 0.40
Me & George,Paradis Blanc,130.0,progressive house,rolling,progressive house 0.53; disco house 0.47; afro house 0.45; melodic house 0.45,rolling 0.48; driving 0.47; groovy 0.43; uplifting 0.41
Melchior Sultana,Realm,120.0,progressive house,groovy,progressive house 0.47; afro house 0.47; melodic house 0.47; disco house 0.41,groovy 0.42; rolling 0.42; uplifting 0.39; dreamy 0.38
Mele,Galera (Original Mix),124.0,progressive house,percussive,progressive house 0.47; tribal house 0.37; breakbeat 0.37; disco house 0.34,percussive 0.42; rolling 0.40; driving 0.33; raw 0.29
Mellizos,Just Fresh,130.0,progressive house,rolling,progressive house 0.59; disco house 0.51; afro house 0.47; organic house 0.45,rolling 0.46; driving 0.42; groovy 0.41; percussive 0.40
"Mellizos, Manu Dadamo",Europa (Extended Mix),130.0,progressive house,groovy,progressive house 0.54; disco house 0.53; afro house 0.53; deep house 0.45,groovy 0.44; rolling 0.44; uplifting 0.41; driving 0.40
"Mellizos, RAMI",Snakes,130.0,progressive house,rolling,progressive house 0.62; afro house 0.56; disco house 0.56; organic house 0.53,rolling 0.49; groovy 0.47; driving 0.42; dark 0.41
"Mellizos, RAMI",Freedom (Back 2 Tha Funk),128.0,progressive house,rolling,progressive house 0.56; afro house 0.55; disco house 0.54; organic house 0.43,rolling 0.45; groovy 0.43; percussive 0.38; driving 0.38
Melo Nada,London i love u but ur bringing me down,125.0,progressive house,rolling,progressive house 0.43; breakbeat 0.42; electronica 0.40; disco house 0.37,rolling 0.47; driving 0.46; percussive 0.45; raw 0.42
"Meloko, Baron (FR), Selim Sivade, Konvex (FR)",Me Gusta (AMÉMÉ Remix),124.0,progressive house,rolling,progressive house 0.54; peak time techno 0.45; afro house 0.44; soulful house 0.42,rolling 0.50; driving 0.46; dark 0.42; groovy 0.41
"Meloko, Konvex (FR), Baron (FR), Selim Sivade, AZZUR",Hip Hop Violin (Original Mix),121.0,progressive house,percussive,progressive house 0.48; electronica 0.37; disco house 0.36; afro house 0.35,percussive 0.38; rolling 0.30; raw 0.28; driving 0.26
"Meloko, Selim Sivade & AZZUR",G-Venture (House Mix),124.0,progressive house,rolling,progressive house 0.59; disco house 0.48; afro house 0.48; soulful house 0.47,rolling 0.49; driving 0.46; dark 0.45; groovy 0.45
Meredith O,Nasty Flaunt (Demuir's Playboi Extended Edit),128.0,progressive house,rolling,progressive house 0.60; peak time techno 0.50; organic house 0.45; tech house 0.45,rolling 0.44; percussive 0.39; driving 0.39; dark 0.38
"Metodi Hristov, Stefano Noferini",Reflex,124.0,progressive house,rolling,progressive house 0.58; peak time techno 0.55; organic house 0.55; afro house 0.52,rolling 0.49; percussive 0.46; groovy 0.38; driving 0.34
Metroplane & Daniel Wilson,Be Where I Am (Whitesquare Extended Remix),124.0,progressive house,rolling,progressive house 0.56; disco house 0.55; afro house 0.50; breakbeat 0.43,rolling 0.47; groovy 0.45; driving 0.43; dark 0.39
Michael Bibi,Natural Root (Original Mix),124.0,progressive house,rolling,progressive house 0.58; disco house 0.51; afro house 0.50; peak time techno 0.47,rolling 0.42; groovy 0.35; driving 0.35; percussive 0.35
Michael Gray,The Weekend,127.01,progressive house,rolling,progressive house 0.50; disco house 0.43; electronica 0.43; peak time techno 0.42,rolling 0.48; driving 0.42; dark 0.42; raw 0.40
Michael Jackson,P.Y.T. (Stang Remix),127.0,progressive house,rolling,progressive house 0.52; afro house 0.45; peak time techno 0.45; disco house 0.44,rolling 0.47; driving 0.42; percussive 0.39; dark 0.39
Michael Knop,Drop In,125.0,progressive house,rolling,progressive house 0.58; peak time techno 0.47; tribal house 0.41; minimal techno 0.39,rolling 0.51; dark 0.40; driving 0.37; percussive 0.35
Mihai Popoviciu,Only (Pornbugs Remix),126.0,progressive house,rolling,progressive house 0.66; afro house 0.56; disco house 0.54; peak time techno 0.52,rolling 0.47; dark 0.37; groovy 0.35; driving 0.34
Mijangos,Somos Latinos,122.45,progressive house,percussive,progressive house 0.51; disco house 0.46; tribal house 0.46; afro house 0.44,percussive 0.44; rolling 0.37; groovy 0.30; driving 0.29
Mijangos,Super Afro,122.0,progressive house,percussive,progressive house 0.50; tribal house 0.47; afro house 0.44; disco house 0.41,percussive 0.48; rolling 0.38; raw 0.27; groovy 0.25
"Mijangos, Roger Garcia",Levantate,121.86,progressive house,rolling,progressive house 0.57; afro house 0.55; tribal house 0.55; disco house 0.51,rolling 0.49; percussive 0.48; groovy 0.42; uplifting 0.39
Mika Olson,Absolut,118.0,progressive house,percussive,progressive house 0.46; afro house 0.40; disco house 0.40; breakbeat 0.38,percussive 0.46; rolling 0.45; raw 0.40; driving 0.39
Mike Newman,Boom Boom (Sebb Junior Remix),123.0,progressive house,rolling,progressive house 0.59; disco house 0.55; afro house 0.50; organic house 0.45,rolling 0.50; groovy 0.47; driving 0.46; dark 0.42
Mike Rish,Tú Attair (Extended Civic Outro Version),119.0,progressive house,rolling,progressive house 0.46; soulful house 0.46; afro house 0.45; melodic house 0.45,rolling 0.51; driving 0.42; uplifting 0.42; dreamy 0.40
Mike Rish,Buckled Sine (Original Mix),120.0,progressive house,rolling,progressive house 0.54; afro house 0.52; soulful house 0.52; peak time techno 0.50,rolling 0.54; driving 0.45; uplifting 0.44; dark 0.42
Mike Rish,Shokl (Original Mix),118.0,progressive house,rolling,progressive house 0.56; tribal house 0.51; peak time techno 0.49; afro house 0.46,rolling 0.49; percussive 0.42; driving 0.40; dark 0.39
Mike Rish,Dope Riddim (Original Mix),122.0,progressive house,rolling,progressive house 0.54; peak time techno 0.51; afro house 0.46; soulful house 0.45,rolling 0.53; dark 0.47; driving 0.44; uplifting 0.41
Milam,Mt Fuji Is A Pyramid (Original Mix),120.0,progressive house,rolling,progressive house 0.54; disco house 0.47; afro house 0.46; melodic techno 0.46,rolling 0.51; driving 0.49; dark 0.48; groovy 0.46
"Milan93, Juando",Uniformity,124.0,progressive house,rolling,progressive house 0.48; afro house 0.44; disco house 0.44; tribal house 0.42,rolling 0.46; driving 0.41; percussive 0.40; groovy 0.40
Mild Minds,TEARDROPS (Durante Remix),124.0,progressive house,rolling,progressive house 0.53; soulful house 0.51; afro house 0.49; melodic house 0.48,rolling 0.51; driving 0.47; dreamy 0.46; uplifting 0.45
Miluhska,Estática (Extended Mix),125.0,progressive house,rolling,progressive house 0.52; disco house 0.48; afro house 0.47; organic house 0.42,rolling 0.45; groovy 0.43; raw 0.42; driving 0.41
Miluhska & Layla Benitez,Toxic Trip (Original Mix),125.0,progressive house,rolling,progressive house 0.54; peak time techno 0.50; afro house 0.46; minimal techno 0.43,rolling 0.48; dark 0.41; driving 0.40; groovy 0.37
Mimi Mirai,Lost In Kyoto,123.0,progressive house,raw,progressive house 0.45; disco house 0.41; electronica 0.40; afro house 0.40,raw 0.46; uplifting 0.44; driving 0.43; dreamy 0.42
Mindchatter,It's Been You,102.0,progressive house,rolling,progressive house 0.56; afro house 0.49; tribal house 0.47; organic house 0.46,rolling 0.41; groovy 0.38; percussive 0.34; dreamy 0.32
Mishell & Yuvèe,Touch (Extended Mix),124.0,progressive house,rolling,progressive house 0.57; afro house 0.48; peak time techno 0.47; organic house 0.46,rolling 0.54; driving 0.48; dark 0.47; groovy 0.46
Miss Babayaga DJ,Magharabì (Original Mix),124.0,progressive house,rolling,progressive house 0.56; peak time techno 0.52; breakbeat 0.49; tribal house 0.48,rolling 0.61; dark 0.51; driving 0.50; percussive 0.44
Miss Melera,Sage (Henry Saiz Extended Remix),128.0,progressive house,rolling,progressive house 0.57; soulful house 0.55; afro house 0.53; melodic house 0.52,rolling 0.55; groovy 0.48; dark 0.48; driving 0.48
Miss Melera,Sage (Mitch de Klein Extended Remix),126.0,progressive house,rolling,progressive house 0.49; breakbeat 0.46; soulful house 0.44; melodic techno 0.43,rolling 0.52; dark 0.47; driving 0.46; groovy 0.41
"Miss Monique, Paul Thomas, Fuenka",Loona,123.0,progressive house,rolling,progressive house 0.53; peak time techno 0.53; deep house 0.50; melodic techno 0.47,rolling 0.58; dark 0.52; driving 0.46; uplifting 0.42
"Mita Gami, Garden City Movement",Terracotta,124.0,progressive house,rolling,progressive house 0.59; disco house 0.52; afro house 0.52; organic house 0.45,rolling 0.45; driving 0.44; groovy 0.43; uplifting 0.39
"Mita Gami, Rafael",What Is Luv (Extended Mix),125.0,progressive house,rolling,progressive house 0.56; afro house 0.51; peak time techno 0.49; disco house 0.47,rolling 0.43; driving 0.36; groovy 0.36; dark 0.35
Mitch Geist,HennyMadeItBlurry,112.0,progressive house,rolling,progressive house 0.57; afro house 0.55; disco house 0.53; organic house 0.50,rolling 0.44; groovy 0.41; percussive 0.37; raw 0.35
Mitch Oliver,Control Z feat. Might Delete Later (Mustafa Ismaeel Remix),125.0,progressive house,rolling,progressive house 0.65; afro house 0.56; disco house 0.51; peak time techno 0.51,rolling 0.49; dark 0.38; driving 0.38; groovy 0.37
Mitch de Klein,Hangover (Budakid's Flying Dutchman Remix),127.0,progressive house,percussive,progressive house 0.56; afro house 0.47; disco house 0.43; tribal house 0.41,percussive 0.43; rolling 0.43; driving 0.31; raw 0.30
Mobb Deep,Shook Ones Pt. 3 (Nick Morgan Remix),126.0,progressive house,percussive,progressive house 0.52; disco house 0.43; afro house 0.43; breakbeat 0.40,percussive 0.45; rolling 0.43; driving 0.42; raw 0.39
Moby,Why Does My Heart Feel So Bad (Feat. Apollo JaneAnd Deitrick Haddon) (Biscits Remix),124.0,progressive house,rolling,progressive house 0.60; peak time techno 0.48; afro house 0.45; organic house 0.44,rolling 0.47; dark 0.44; driving 0.37; raw 0.35
"Moby, BLOND:ISH, Kiko Franco",Natural Blues (Extended Mix),126.0,progressive house,rolling,progressive house 0.48; peak time techno 0.41; afro house 0.40; electronica 0.39,rolling 0.48; percussive 0.43; driving 0.41; dark 0.39
Mochakk,Hypersilent (Original Mix),130.0,progressive house,rolling,progressive house 0.63; disco house 0.55; afro house 0.52; peak time techno 0.47,rolling 0.44; dark 0.39; driving 0.39; groovy 0.37
"Mochakk, Joni",Da Fonk (feat. Joni) (Original Mix),127.0,progressive house,rolling,progressive house 0.56; peak time techno 0.45; disco house 0.43; tribal house 0.42,rolling 0.50; driving 0.42; percussive 0.41; dark 0.41
Modbit,Move (Original Mix),122.0,progressive house,rolling,progressive house 0.63; afro house 0.63; peak time techno 0.58; disco house 0.56,rolling 0.50; groovy 0.44; driving 0.41; percussive 0.39
Model 500,Starlight [Echospace Unreleased Mix] (2008),125.0,progressive house,rolling,progressive house 0.55; melodic techno 0.55; soulful house 0.54; melodic house 0.53,rolling 0.56; dark 0.52; driving 0.50; groovy 0.47
Model Man,Myrah,122.0,progressive house,rolling,progressive house 0.46; melodic house 0.41; disco house 0.41; afro house 0.40,rolling 0.45; driving 0.45; uplifting 0.41; groovy 0.41
"Modjo, Sparrow & Barbossa, Koshi, Daymaan",Lady (Hear Me Tonight) (Remix Extended),120.0,progressive house,rolling,progressive house 0.47; breakbeat 0.46; electronica 0.43; afro house 0.42,rolling 0.52; percussive 0.49; driving 0.45; dark 0.41
Moeaike,Bo Bom,120.0,progressive house,rolling,progressive house 0.49; breakbeat 0.42; soulful house 0.41; disco house 0.40,rolling 0.54; driving 0.48; dark 0.45; uplifting 0.42
Moloko,Sing It Back (Boris Musical Mix Edit),122.99,progressive house,driving,progressive house 0.45; disco house 0.44; electronica 0.37; breakbeat 0.35,driving 0.40; groovy 0.40; rolling 0.40; raw 0.37
Mona Yim,"Gotta Do This, Gurl",121.0,progressive house,rolling,progressive house 0.50; afro house 0.43; deep house 0.43; disco house 0.43,rolling 0.43; driving 0.40; groovy 0.40; uplifting 0.40
Monkey Safari,Safe,124.0,progressive house,rolling,progressive house 0.54; soulful house 0.52; peak time techno 0.48; melodic techno 0.48,rolling 0.53; dark 0.50; driving 0.48; groovy 0.45
Monkey Safari,Palomar (Original Mix),125.0,progressive house,rolling,progressive house 0.54; afro house 0.48; tribal house 0.48; disco house 0.45,rolling 0.39; percussive 0.39; groovy 0.32; uplifting 0.31
Monkey Safari,Hi Life,122.0,progressive house,rolling,progressive house 0.49; afro house 0.47; disco house 0.47; melodic house 0.46,rolling 0.49; groovy 0.48; uplifting 0.43; driving 0.43
Monkey Safari,Safe (Eric Lune's 'We Are The People' Edit),123.0,progressive house,rolling,progressive house 0.50; soulful house 0.47; electronica 0.47; melodic house 0.43,rolling 0.51; driving 0.48; dark 0.48; uplifting 0.45
Monkey Safari,Boris (Guy Mantzur Remix),125.0,progressive house,rolling,progressive house 0.61; peak time techno 0.56; organic house 0.53; afro house 0.53,rolling 0.51; percussive 0.41; dark 0.36; groovy 0.36
Monolink,Powerful Play (andhim Remix),122.0,progressive house,rolling,progressive house 0.46; electronica 0.45; disco house 0.39; soulful house 0.39,rolling 0.48; driving 0.45; raw 0.42; percussive 0.42
"Mood II Swing, John Ciafone",Do It Your Way,125.98,progressive house,driving,progressive house 0.53; disco house 0.45; breakbeat 0.40; afro house 0.40,driving 0.46; groovy 0.42; rolling 0.42; raw 0.41
"Mood II Swing, Lee Smith, Jr., Lem Springsteen",I Need Your Luv (Right Now) (feat. Lee Smith Jr.)(Lem's Church Mix),123.08,progressive house,rolling,progressive house 0.55; disco house 0.46; afro house 0.44; peak time techno 0.37,rolling 0.38; driving 0.36; groovy 0.34; dark 0.32
Moon Boots,Keramas (Extended Mix),122.0,progressive house,rolling,progressive house 0.52; afro house 0.43; disco house 0.41; tribal house 0.39,rolling 0.39; driving 0.33; raw 0.32; uplifting 0.32
Moon Boots feat. Fiora,I Want Your Attention,122.0,progressive house,rolling,progressive house 0.60; afro house 0.56; disco house 0.50; melodic house 0.49,rolling 0.44; groovy 0.42; uplifting 0.40; dreamy 0.39
Moon Boots feat. Nic Hanson,Take Me To Your Body (Demuir's Extended Playboi Edit),126.0,progressive house,percussive,progressive house 0.60; tribal house 0.47; afro house 0.47; disco house 0.46,percussive 0.39; rolling 0.38; groovy 0.29; raw 0.28
"Moonbootica, Ante Perry",So Simple,123.0,progressive house,rolling,progressive house 0.53; afro house 0.45; peak time techno 0.43; disco house 0.42,rolling 0.47; percussive 0.40; driving 0.38; dark 0.37
Moontalk,Two Step (Original Mix),126.0,progressive house,rolling,progressive house 0.58; afro house 0.53; disco house 0.52; peak time techno 0.48,rolling 0.48; driving 0.40; groovy 0.39; percussive 0.38
Morakle,Bodhi,123.0,progressive house,rolling,progressive house 0.53; afro house 0.48; melodic house 0.47; disco house 0.46,rolling 0.46; groovy 0.40; driving 0.38; uplifting 0.37
Moside,Paradise Sound (Original Mix),124.0,progressive house,rolling,progressive house 0.58; afro house 0.53; soulful house 0.51; peak time techno 0.50,rolling 0.51; driving 0.43; dark 0.41; uplifting 0.40
Mr Oizo,Jo,119.5,progressive house,rolling,progressive house 0.49; disco house 0.44; breakbeat 0.39; afro house 0.39,rolling 0.42; driving 0.42; groovy 0.41; dark 0.37
Mr. Jools,Couldn't Love You More (Original Mix),117.0,progressive house,uplifting,progressive house 0.51; afro house 0.45; disco house 0.44; soulful house 0.43,uplifting 0.45; rolling 0.44; groovy 0.42; driving 0.42
Mr. Oizo,Flat Beat (Original Mix),129.04,progressive house,rolling,progressive house 0.50; peak time techno 0.44; afro house 0.41; disco house 0.39,rolling 0.38; driving 0.30; dark 0.28; percussive 0.27
Mr. Tophat & Art Alfie,I Want You To See (that you're in love with me),126.3,progressive house,percussive,progressive house 0.56; organic house 0.53; disco house 0.49; tribal house 0.47,percussive 0.53; rolling 0.47; groovy 0.39; raw 0.39
Mungo Sound Machine,Vamos A La Beach,130.0,progressive house,rolling,progressive house 0.50; afro house 0.44; disco house 0.41; peak time techno 0.39,rolling 0.41; percussive 0.37; groovy 0.34; driving 0.34
"Munir Amastha, Sauli Harper",Can You Feel The Night feat. Sauli Harper (One Opinion Remix),123.0,progressive house,rolling,progressive house 0.54; peak time techno 0.53; afro house 0.53; tech house 0.51,rolling 0.54; dark 0.44; driving 0.44; uplifting 0.42
N'to,The Morning After (Original Mix),121.0,progressive house,rolling,progressive house 0.49; melodic techno 0.49; soulful house 0.48; melodic house 0.48,rolling 0.51; uplifting 0.50; driving 0.49; dark 0.46
N-Gynn,From Pluto to Earth,128.0,progressive house,rolling,progressive house 0.56; peak time techno 0.54; afro house 0.53; deep house 0.51,rolling 0.54; dark 0.47; groovy 0.46; driving 0.43
N.O.Y,Voices (Extended Mix),125.0,progressive house,rolling,progressive house 0.60; afro house 0.50; disco house 0.49; peak time techno 0.47,rolling 0.46; driving 0.38; groovy 0.38; dark 0.37
N.Y's Finest,Do You Feel Me,125.0,progressive house,rolling,progressive house 0.55; disco house 0.44; breakbeat 0.44; tribal house 0.43,rolling 0.50; driving 0.44; dark 0.41; percussive 0.41
N1NJA,Midnight in Detroit feat. Zayn Mohammed,126.0,progressive house,rolling,progressive house 0.53; melodic house 0.50; afro house 0.50; melodic techno 0.48,rolling 0.50; groovy 0.50; uplifting 0.49; driving 0.48
NOAM,Burning,126.0,progressive house,rolling,progressive house 0.50; electronica 0.47; breakbeat 0.46; disco house 0.46,rolling 0.53; driving 0.51; dark 0.48; raw 0.48
NORIUS,Coming Back,119.0,progressive house,raw,progressive house 0.47; afro house 0.37; disco house 0.36; soulful house 0.34,raw 0.42; rolling 0.38; dreamy 0.37; uplifting 0.37
NTO,The Sand Dealer (Original Mix),123.0,progressive house,rolling,progressive house 0.57; peak time techno 0.52; tribal house 0.51; afro house 0.50,rolling 0.43; percussive 0.41; groovy 0.30; driving 0.29
NTO,Petite,125.0,progressive house,rolling,progressive house 0.52; melodic house 0.48; afro house 0.48; disco house 0.46,rolling 0.50; uplifting 0.45; driving 0.45; dreamy 0.45
Nachtbraker,Backstabber (Original Mix),121.0,progressive house,groovy,progressive house 0.52; disco house 0.52; afro house 0.51; melodic house 0.47,groovy 0.45; rolling 0.44; driving 0.37; uplifting 0.36
Nala,Big Bad Ego,124.0,progressive house,rolling,progressive house 0.55; peak time techno 0.47; disco house 0.43; afro house 0.42,rolling 0.37; driving 0.30; raw 0.29; dark 0.29
Nalin & Kane,Beachball,134.0,progressive house,rolling,progressive house 0.61; peak time techno 0.52; tribal house 0.51; afro house 0.51,rolling 0.52; dark 0.39; driving 0.39; percussive 0.37
Namara,Alright (Sebb Junior Remix),125.0,progressive house,rolling,progressive house 0.56; disco house 0.46; afro house 0.42; breakbeat 0.40,rolling 0.46; driving 0.40; dark 0.38; raw 0.34
Naomi Sharon,Another Life (Marten Lou Remix),121.0,progressive house,rolling,progressive house 0.42; breakbeat 0.40; peak time techno 0.38; electronica 0.38,rolling 0.49; percussive 0.46; driving 0.43; dark 0.41
Natanael Megersa,Dub N Roll (Pornbugs Remix),126.0,progressive house,rolling,progressive house 0.61; peak time techno 0.54; afro house 0.52; minimal techno 0.49,rolling 0.51; dark 0.44; driving 0.42; groovy 0.40
Natch & Dothen,Supaman,123.0,progressive house,rolling,progressive house 0.56; peak time techno 0.51; tribal house 0.51; afro house 0.48,rolling 0.45; percussive 0.39; dark 0.33; driving 0.32
Nate Chapman,Purple Rain,126.0,progressive house,rolling,progressive house 0.61; tribal house 0.49; afro house 0.46; disco house 0.44,rolling 0.43; dark 0.35; driving 0.35; groovy 0.32
Nate Katz,Never Stop,130.0,progressive house,rolling,progressive house 0.55; afro house 0.48; organic house 0.48; peak time techno 0.47,rolling 0.44; percussive 0.41; groovy 0.38; driving 0.37
"Natema, Sugar Hill",Como Va (Original Mix),125.0,progressive house,driving,progressive house 0.54; disco house 0.45; afro house 0.42; breakbeat 0.39,driving 0.40; rolling 0.40; groovy 0.38; percussive 0.34
Nathan Barato & Room 303,Stimulate (Demuir's Playboi Extended Edit),129.0,progressive house,rolling,progressive house 0.59; peak time techno 0.48; tech house 0.44; disco house 0.44,rolling 0.38; percussive 0.31; dark 0.28; driving 0.27
"Nathan Rux, LuxNite & feva.",Barcelonia (Extended Mix),120.0,progressive house,rolling,progressive house 0.49; tribal house 0.39; breakbeat 0.39; soulful house 0.39,rolling 0.46; driving 0.45; dark 0.44; groovy 0.39
Nautica (UK),Looped In Motion,129.0,progressive house,rolling,progressive house 0.54; peak time techno 0.50; afro house 0.48; tech house 0.47,rolling 0.48; dark 0.41; driving 0.40; groovy 0.39
Negrocan,Cada Vez (Jerry Ropero's Avant Garde Remix),128.0,progressive house,percussive,progressive house 0.40; disco house 0.39; tribal house 0.37; afro house 0.34,percussive 0.41; rolling 0.37; raw 0.34; groovy 0.31
"Neon Rouge, DTAILR",Voyage (Extended Mix),130.0,progressive house,rolling,progressive house 0.55; peak time techno 0.53; afro house 0.51; organic house 0.48,rolling 0.48; percussive 0.43; groovy 0.38; driving 0.35
Nepotek,Sapphire,123.0,progressive house,dark,progressive house 0.56; melodic techno 0.48; soulful house 0.48; melodic house 0.46,dark 0.51; driving 0.51; rolling 0.50; dreamy 0.44
Never Dull,BONKERS (Extended Mix),126.0,progressive house,percussive,progressive house 0.57; disco house 0.51; afro house 0.48; breakbeat 0.43,percussive 0.44; rolling 0.43; driving 0.38; groovy 0.35
Neverdogs feat. Pepe Roselló,Ibiza (Reboot Extended Rework),126.0,progressive house,percussive,progressive house 0.58; tribal house 0.53; organic house 0.52; tech house 0.49,percussive 0.49; rolling 0.46; groovy 0.31; dark 0.30
New Jackson,Of A Thousand Leaves,125.0,progressive house,rolling,progressive house 0.55; afro house 0.49; melodic house 0.48; disco house 0.48,rolling 0.51; groovy 0.44; dark 0.44; raw 0.43
New Jackson,The Night Mail,122.0,progressive house,rolling,progressive house 0.44; melodic house 0.42; melodic techno 0.41; afro house 0.40,rolling 0.43; driving 0.42; dark 0.42; uplifting 0.41
Nhan Solo,Akira (Original Mix),120.0,progressive house,rolling,progressive house 0.53; tribal house 0.44; afro house 0.39; disco house 0.38,rolling 0.41; driving 0.36; percussive 0.35; groovy 0.30
Nic Fanciulli feat. Robert Courtois,Set Me Free (Extended Mix),128.0,progressive house,rolling,progressive house 0.59; afro house 0.51; tribal house 0.49; disco house 0.47,rolling 0.53; percussive 0.43; driving 0.40; groovy 0.40
"Nic Fanciulli, Paolo Rocco",People Say (Nic Fanciulli Remix),124.0,progressive house,percussive,progressive house 0.56; tribal house 0.46; afro house 0.43; disco house 0.43,percussive 0.37; rolling 0.31; raw 0.27; groovy 0.27
Nick Curly,Shelter,125.0,progressive house,rolling,progressive house 0.55; afro house 0.47; peak time techno 0.46; tribal house 0.46,rolling 0.46; percussive 0.42; driving 0.38; groovy 0.37
Nick Curly,Cushdy (Original Mix),124.0,progressive house,rolling,progressive house 0.63; afro house 0.56; organic house 0.55; peak time techno 0.51,rolling 0.44; groovy 0.39; dark 0.35; uplifting 0.33
Nick Curly,Skyfall,125.0,progressive house,rolling,progressive house 0.61; afro house 0.57; disco house 0.54; organic house 0.49,rolling 0.45; groovy 0.43; uplifting 0.38; driving 0.36
Nick Curly,4 Love,125.0,progressive house,rolling,progressive house 0.55; afro house 0.53; disco house 0.46; melodic house 0.44,rolling 0.48; groovy 0.38; uplifting 0.38; driving 0.37
Nick Curly,Reverie,126.0,progressive house,rolling,progressive house 0.58; afro house 0.52; organic house 0.48; tech house 0.47,rolling 0.45; groovy 0.36; driving 0.34; dark 0.33
Nick Curly,Abiola (Nick Curly Version),124.0,progressive house,rolling,progressive house 0.57; afro house 0.48; disco house 0.47; soulful house 0.43,rolling 0.48; driving 0.48; groovy 0.47; uplifting 0.44
Nick Curly,Joystick,130.0,progressive house,percussive,progressive house 0.55; tribal house 0.46; peak time techno 0.42; afro house 0.41,percussive 0.43; rolling 0.40; driving 0.27; dark 0.25
Nick Curly,Switching Levels (Extended Mix),127.0,progressive house,rolling,progressive house 0.58; afro house 0.51; disco house 0.49; organic house 0.46,rolling 0.46; groovy 0.40; driving 0.39; dark 0.36
Nick Curly,All Smiles (Extended Mix),126.0,progressive house,rolling,progressive house 0.56; peak time techno 0.52; afro house 0.46; organic house 0.45,rolling 0.53; dark 0.45; driving 0.41; percussive 0.41
"Nico De Andrea, Dorian Craft, Syon",Wish We Could (Extended Mix),120.0,progressive house,rolling,progressive house 0.50; soulful house 0.47; afro house 0.45; peak time techno 0.44,rolling 0.52; driving 0.46; uplifting 0.46; dark 0.44
Nico Morano,Blue Memory,120.0,progressive house,rolling,progressive house 0.48; afro house 0.43; melodic house 0.42; soulful house 0.41,rolling 0.48; driving 0.43; groovy 0.41; uplifting 0.41
Nico Morano feat. Mewhy,Everything I Own (Gorje Hewek Remix),122.0,progressive house,rolling,progressive house 0.49; breakbeat 0.43; tribal house 0.42; afro house 0.42,rolling 0.53; percussive 0.51; driving 0.48; groovy 0.43
Nico Stojan,Imagination (Audiojack Remix),125.0,progressive house,percussive,progressive house 0.53; afro house 0.42; disco house 0.41; tribal house 0.36,percussive 0.43; rolling 0.37; raw 0.34; driving 0.27
"Nico de Andrea, Baron (FR) & D - Prezzy",Kingston Groove feat. D - Prezzy (CASSIMM Extended Remix),128.0,progressive house,rolling,progressive house 0.50; peak time techno 0.49; afro house 0.43; breakbeat 0.41,rolling 0.44; dark 0.36; driving 0.35; percussive 0.35
"Nico de Andrea, Vanetty",Ethnica (Extended Mix),123.0,progressive house,rolling,progressive house 0.52; peak time techno 0.50; soulful house 0.49; melodic techno 0.46,rolling 0.54; dark 0.44; percussive 0.41; driving 0.39
Nicolas Caprile & Chinonegro,Sabor Latino (Darius Syrossian Remix),125.0,progressive house,rolling,progressive house 0.53; afro house 0.45; tribal house 0.43; disco house 0.41,rolling 0.41; driving 0.33; groovy 0.32; uplifting 0.32
Nicole Fiallo,That Girl (Original Mix),127.0,progressive house,rolling,progressive house 0.57; breakbeat 0.52; disco house 0.50; afro house 0.46,rolling 0.49; driving 0.46; groovy 0.44; percussive 0.43
"Nicole Fiallo, Tony Metric",El Cantante (Original Mix),125.0,progressive house,percussive,progressive house 0.41; tribal house 0.40; afro house 0.32; disco house 0.30,percussive 0.50; rolling 0.28; raw 0.22; euphoric 0.18
"Night Breeze, Darkly A.M.",Something Like This,125.0,progressive house,rolling,progressive house 0.51; soulful house 0.49; afro house 0.46; melodic techno 0.46,rolling 0.50; dark 0.47; driving 0.44; uplifting 0.42
Night Talk,Gamma (Original Mix),124.0,progressive house,rolling,progressive house 0.55; peak time techno 0.53; afro house 0.52; organic house 0.47,rolling 0.48; dark 0.37; groovy 0.37; percussive 0.36
Nightcrawlers,Push The Feeling On (Mk Dub Revisited Edit),123.02,progressive house,percussive,progressive house 0.47; afro house 0.42; disco house 0.39; tribal house 0.37,percussive 0.36; rolling 0.36; groovy 0.36; raw 0.33
"Nik Thrine, Mihai Popoviciu",Alone With You (Mihai Popoviciu Remix),123.0,progressive house,rolling,progressive house 0.58; afro house 0.48; disco house 0.47; organic house 0.42,rolling 0.44; driving 0.39; groovy 0.39; dark 0.38
Nikolay Cranner,Moving On,125.0,progressive house,groovy,progressive house 0.58; afro house 0.54; disco house 0.50; melodic house 0.47,groovy 0.43; rolling 0.41; uplifting 0.40; dreamy 0.39
Niles Cooper,Lead Me Home (Extended Mix),125.0,progressive house,rolling,progressive house 0.51; breakbeat 0.46; peak time techno 0.40; afro house 0.37,rolling 0.50; driving 0.46; dark 0.44; percussive 0.40
Nimino,I Only Smoke When I Drink (Club Edit),127.0,progressive house,percussive,progressive house 0.54; afro house 0.51; disco house 0.48; organic house 0.46,percussive 0.44; rolling 0.44; raw 0.42; groovy 0.42
"Nimino, Maverick Sabre",Beside Of Me (Club Edit),130.0,progressive house,rolling,progressive house 0.54; afro house 0.47; disco house 0.44; organic house 0.38,rolling 0.39; raw 0.35; percussive 0.33; groovy 0.33
Nina Kraviz,I'm Gonna Get You,120.0,progressive house,rolling,progressive house 0.55; afro house 0.51; disco house 0.51; melodic house 0.43,rolling 0.45; groovy 0.42; driving 0.38; raw 0.38
Nina Simone,See-Line Woman (Mochakk Mix),128.0,progressive house,rolling,progressive house 0.56; disco house 0.41; afro house 0.40; tribal house 0.38,rolling 0.39; percussive 0.38; driving 0.36; raw 0.35
"Nina Simone, Felix Da Housecat",Sinnerman,128.0,progressive house,driving,progressive house 0.48; disco house 0.46; afro house 0.38; electronica 0.37,driving 0.47; rolling 0.45; raw 0.44; groovy 0.43
Ninetoes,Finder - Carl Cox Remix,126.0,progressive house,rolling,progressive house 0.56; peak time techno 0.48; soulful house 0.46; breakbeat 0.46,rolling 0.55; dark 0.48; driving 0.48; uplifting 0.42
Ninetoes,Escape (Jesse Rose & Playmode Remix),123.0,progressive house,rolling,progressive house 0.62; afro house 0.52; disco house 0.48; tribal house 0.48,rolling 0.46; driving 0.38; groovy 0.36; dark 0.35
Ninetoes,Rafat (Original Mix),121.0,progressive house,rolling,progressive house 0.54; afro house 0.48; tribal house 0.47; disco house 0.44,rolling 0.38; percussive 0.38; driving 0.25; groovy 0.25
Ninetoes,Little Beat Thing,123.0,progressive house,rolling,progressive house 0.59; peak time techno 0.50; organic house 0.45; minimal techno 0.42,rolling 0.38; percussive 0.36; dark 0.32; raw 0.26
Noah Loco,Back 2 Funk,129.0,progressive house,rolling,progressive house 0.63; peak time techno 0.54; afro house 0.54; disco house 0.52,rolling 0.50; dark 0.43; groovy 0.41; driving 0.41
Noah Loco,Let's Take It Back (Original Mix),127.0,progressive house,rolling,progressive house 0.58; afro house 0.50; peak time techno 0.47; tech house 0.47,rolling 0.42; groovy 0.38; driving 0.37; uplifting 0.36
Noah Loco,Calasole,126.0,progressive house,rolling,progressive house 0.53; afro house 0.45; disco house 0.42; peak time techno 0.41,rolling 0.41; percussive 0.38; groovy 0.33; raw 0.33
Noah Loco,Inna Vibe (Original Mix),126.0,progressive house,rolling,progressive house 0.59; afro house 0.59; disco house 0.55; peak time techno 0.51,rolling 0.44; groovy 0.41; percussive 0.34; uplifting 0.33
Noir,Africanism (Original Mix),125.0,progressive house,rolling,progressive house 0.59; peak time techno 0.46; soulful house 0.46; deep house 0.45,rolling 0.52; dark 0.49; driving 0.41; raw 0.41
Noizu,Baby Baby (Original Mix),125.0,progressive house,rolling,progressive house 0.45; disco house 0.39; afro house 0.38; electronica 0.36,rolling 0.40; raw 0.39; percussive 0.36; uplifting 0.35
Nora En Pure,Oblivion,125.0,progressive house,rolling,progressive house 0.50; soulful house 0.50; peak time techno 0.49; afro house 0.49,rolling 0.51; uplifting 0.45; driving 0.44; dark 0.43
Nordfold,Neverland (Extended Mix),125.0,progressive house,rolling,progressive house 0.55; afro house 0.54; peak time techno 0.52; tech house 0.49,rolling 0.48; groovy 0.41; dark 0.39; uplifting 0.39
Nox Vahn & Marsh,Come Together (Extended Mix),120.0,progressive house,rolling,progressive house 0.51; soulful house 0.51; peak time techno 0.47; melodic house 0.46,rolling 0.57; driving 0.51; dark 0.50; uplifting 0.46
Nufrequency,Go That Deep Feat Shara Nelson (Skylark Vocal Mix),120.0,progressive house,groovy,progressive house 0.51; afro house 0.48; disco house 0.47; melodic house 0.40,groovy 0.47; rolling 0.44; uplifting 0.44; driving 0.43
O'Flynn,Desmond's Empire,120.0,progressive house,rolling,progressive house 0.49; tribal house 0.46; disco house 0.43; electronica 0.43,rolling 0.50; driving 0.48; groovy 0.44; dark 0.42
O'Flynn,Mesablanca (O'Flynn & Ekhe Dub),130.0,progressive house,percussive,progressive house 0.47; tribal house 0.42; breakbeat 0.41; peak time techno 0.41,percussive 0.53; rolling 0.47; dark 0.39; driving 0.39
OMRI.,Nothing Wrong (Extended Love Mix),124.0,progressive house,rolling,progressive house 0.55; afro house 0.47; disco house 0.45; soulful house 0.39,rolling 0.42; groovy 0.41; driving 0.39; uplifting 0.38
OMRI.,Mission Impossible (Original Mix),122.0,progressive house,rolling,progressive house 0.61; afro house 0.55; peak time techno 0.49; disco house 0.48,rolling 0.43; groovy 0.35; driving 0.33; percussive 0.32
OMRI. & Yamagucci,Selector (Original Mix),125.0,progressive house,rolling,progressive house 0.59; afro house 0.54; peak time techno 0.53; disco house 0.50,rolling 0.48; groovy 0.41; dark 0.41; driving 0.39
"ONFAYA, Diego Narvaez, Zunno",San Lazaro,122.0,progressive house,rolling,progressive house 0.48; electronica 0.47; soulful house 0.44; melodic house 0.43,rolling 0.52; raw 0.45; driving 0.43; percussive 0.42
OSA (CN),Chill (Extended Mix),128.0,progressive house,rolling,progressive house 0.60; peak time techno 0.56; afro house 0.54; organic house 0.52,rolling 0.49; groovy 0.44; dark 0.41; percussive 0.40
Obscure Shape & Conrad pres. URBAN CC,"Mana (Traumer ""Stop"" Remix)",128.0,progressive house,rolling,progressive house 0.65; afro house 0.53; peak time techno 0.50; disco house 0.50,rolling 0.48; dark 0.38; driving 0.36; groovy 0.35
Oceanvs Orientalis,Neurality (Nick Curly Remix),126.0,progressive house,rolling,progressive house 0.54; afro house 0.49; melodic house 0.47; soulful house 0.47,rolling 0.48; driving 0.44; dark 0.43; groovy 0.43
Octave One feat. Ann Saunderson,Blackwater (128 Full Strings Vocal Mix),128.23,progressive house,rolling,progressive house 0.48; afro house 0.42; tribal house 0.41; tech house 0.39,rolling 0.40; percussive 0.35; driving 0.31; raw 0.31
Octo Octa,"First Intention (Right Here, Right Now)",132.0,progressive house,rolling,progressive house 0.59; afro house 0.55; peak time techno 0.53; organic house 0.51,rolling 0.41; percussive 0.39; groovy 0.34; driving 0.25
Odd Mob & OMNOM & HYPERBEAM,"All Day, All Night (Extended Mix)",128.0,progressive house,percussive,progressive house 0.49; peak time techno 0.46; electronica 0.44; afro house 0.44,percussive 0.52; rolling 0.49; raw 0.46; driving 0.41
"Odd Mob, Ed Graves",Vertigo (Extended Mix),128.0,progressive house,rolling,progressive house 0.53; afro house 0.45; peak time techno 0.41; disco house 0.40,rolling 0.41; driving 0.37; raw 0.35; groovy 0.34
Of Norway,Sliver,127.0,progressive house,rolling,progressive house 0.57; afro house 0.48; disco house 0.45; peak time techno 0.44,rolling 0.45; driving 0.36; dark 0.36; uplifting 0.34
Office Gossip,Say It,124.0,progressive house,rolling,progressive house 0.48; afro house 0.47; soulful house 0.45; melodic house 0.43,rolling 0.47; uplifting 0.41; groovy 0.40; driving 0.39
Oleg Poliakov,Caravan - Original Mix,126.0,progressive house,rolling,progressive house 0.55; peak time techno 0.46; organic house 0.42; afro house 0.42,rolling 0.42; percussive 0.39; driving 0.35; raw 0.34
Olive F,Soul Soup (Lucas Alexander Remix),128.0,progressive house,rolling,progressive house 0.53; disco house 0.41; afro house 0.39; peak time techno 0.39,rolling 0.41; percussive 0.40; driving 0.36; raw 0.34
Oliver Dollar,Doin' Ya Thang,124.0,progressive house,percussive,progressive house 0.49; tribal house 0.41; disco house 0.39; breakbeat 0.38,percussive 0.45; rolling 0.40; driving 0.37; dark 0.35
Oliver Heldens x Ian Asher x Sergio Mendes,Mas Que Nada (Extended Mix),124.0,progressive house,rolling,progressive house 0.48; afro house 0.42; soulful house 0.39; peak time techno 0.39,rolling 0.48; driving 0.39; percussive 0.38; uplifting 0.38
Oliver Schories,Sunset (Joris Delacroix Remix),122.0,progressive house,rolling,progressive house 0.58; disco house 0.55; afro house 0.55; melodic house 0.49,rolling 0.53; groovy 0.48; driving 0.46; uplifting 0.45
Oliver Schories,Ferro,125.0,progressive house,rolling,progressive house 0.59; peak time techno 0.52; afro house 0.51; disco house 0.48,rolling 0.50; dark 0.40; percussive 0.38; driving 0.37
Oliver Schories & Joris Delacroix,Palm Tree Memories (N'to Remix),122.0,progressive house,rolling,progressive house 0.55; soulful house 0.55; melodic house 0.53; melodic techno 0.53,rolling 0.53; dark 0.47; uplifting 0.47; driving 0.46
Opal Sunn,Elastic (Phase I),131.0,progressive house,rolling,progressive house 0.57; peak time techno 0.53; afro house 0.50; soulful house 0.47,rolling 0.56; dark 0.47; driving 0.45; groovy 0.40
Oppaacha,Don't Stop (Original Mix),128.0,progressive house,rolling,progressive house 0.61; peak time techno 0.55; afro house 0.53; deep house 0.51,rolling 0.51; dark 0.44; groovy 0.43; driving 0.40
Oppidan,MR. SANDMAN (Original Mix),132.0,progressive house,percussive,progressive house 0.54; disco house 0.46; afro house 0.46; organic house 0.38,percussive 0.40; rolling 0.39; raw 0.39; driving 0.34
Oppidan & Cutty Ranks,Armed & Dangerous,133.0,progressive house,percussive,progressive house 0.46; afro house 0.39; disco house 0.38; peak time techno 0.33,percussive 0.40; rolling 0.31; raw 0.28; driving 0.24
"Oppidan, camoufly & SHIMA",See Me,130.0,progressive house,rolling,progressive house 0.48; breakbeat 0.40; disco house 0.39; afro house 0.37,rolling 0.45; driving 0.44; raw 0.40; dark 0.38
Opus III,It's A Fine Day (Boys Noize & Skrillex Remix),134.0,progressive house,percussive,progressive house 0.50; disco house 0.43; afro house 0.43; peak time techno 0.42,percussive 0.47; rolling 0.44; driving 0.38; raw 0.38
Orbital,Halcyon On and On,126.98,progressive house,rolling,progressive house 0.52; peak time techno 0.51; tech house 0.48; afro house 0.48,rolling 0.47; groovy 0.39; dark 0.38; driving 0.37
"Oreja, Moon Rocket",Vazilando (Moon Rocket Remix),123.0,progressive house,rolling,progressive house 0.50; disco house 0.44; afro house 0.41; tribal house 0.40,rolling 0.39; percussive 0.36; driving 0.32; raw 0.31
Ornette,Crazy (Nôze Remix),118.0,progressive house,rolling,progressive house 0.56; afro house 0.47; disco house 0.43; tribal house 0.39,rolling 0.38; groovy 0.32; uplifting 0.32; raw 0.31
Oscar Barila,Balearic Funk (Sebb Junior Extended Remix),125.0,progressive house,rolling,progressive house 0.52; afro house 0.46; disco house 0.45; soulful house 0.44,rolling 0.45; uplifting 0.41; driving 0.41; raw 0.41
Oscar Barila,The Art of Jazz,124.0,progressive house,rolling,progressive house 0.53; afro house 0.52; disco house 0.49; peak time techno 0.43,rolling 0.45; groovy 0.38; percussive 0.37; driving 0.34
Osunlade,Envision (Âme Remix),123.0,progressive house,rolling,progressive house 0.47; disco house 0.45; afro house 0.45; melodic house 0.41,rolling 0.41; groovy 0.40; uplifting 0.39; raw 0.39
Otyken,Genesis,125.0,progressive house,rolling,progressive house 0.46; tribal house 0.36; disco house 0.36; afro house 0.34,rolling 0.38; percussive 0.36; raw 0.35; driving 0.35
Otyken,Otyken,127.49,progressive house,percussive,progressive house 0.47; tribal house 0.46; disco house 0.39; electronica 0.38,percussive 0.40; rolling 0.39; raw 0.34; driving 0.32
Otyken,Tundra,128.0,progressive house,raw,progressive house 0.45; disco house 0.33; afro house 0.31; peak time techno 0.31,raw 0.39; rolling 0.36; driving 0.35; dark 0.34
Outkast,Hey Ya!,159.0,progressive house,percussive,progressive house 0.47; disco house 0.34; breakbeat 0.33; tribal house 0.33,percussive 0.39; rolling 0.37; driving 0.34; raw 0.31
Outkast,Ms. Jackson,95.0,progressive house,rolling,progressive house 0.39; disco house 0.29; breakbeat 0.29; tribal house 0.28,rolling 0.33; percussive 0.33; raw 0.30; driving 0.29
Outkast,"So Fresh, So Clean",166.0,progressive house,rolling,progressive house 0.42; disco house 0.35; breakbeat 0.32; afro house 0.31,rolling 0.35; percussive 0.32; driving 0.30; raw 0.30
Outkast,Roses,109.0,progressive house,rolling,progressive house 0.42; breakbeat 0.32; disco house 0.31; tribal house 0.28,rolling 0.36; driving 0.35; percussive 0.34; raw 0.32
Outkast,GhettoMusick,130.84,progressive house,rolling,progressive house 0.45; breakbeat 0.36; disco house 0.33; afro house 0.33,rolling 0.39; driving 0.35; percussive 0.34; raw 0.33
Outkast,Player's Ball,93.04,progressive house,rolling,progressive house 0.45; disco house 0.35; breakbeat 0.34; tribal house 0.32,rolling 0.35; percussive 0.35; driving 0.34; groovy 0.30
Outkast feat. Sleepy Brown,The Way You Move,126.0,progressive house,rolling,progressive house 0.36; breakbeat 0.36; disco house 0.34; electronica 0.30,rolling 0.37; percussive 0.36; raw 0.35; driving 0.33
P.SUS,Brazil Bits (Deep House Mix),120.0,progressive house,rolling,progressive house 0.59; organic house 0.47; tech house 0.47; disco house 0.47,rolling 0.50; driving 0.45; raw 0.44; dark 0.43
PAGANO,Greater Life,126.0,progressive house,rolling,progressive house 0.53; breakbeat 0.46; peak time techno 0.46; afro house 0.46,rolling 0.52; driving 0.46; dark 0.42; uplifting 0.41
PAGANO,Bring The House Down,128.0,progressive house,rolling,progressive house 0.59; peak time techno 0.45; afro house 0.44; minimal techno 0.40,rolling 0.44; dark 0.39; driving 0.34; uplifting 0.30
PAROS,Ode to Cass,122.0,progressive house,groovy,progressive house 0.59; disco house 0.56; afro house 0.51; melodic house 0.50,groovy 0.55; rolling 0.55; driving 0.51; dark 0.48
PAX,Electric Feel,123.0,progressive house,driving,progressive house 0.57; disco house 0.49; breakbeat 0.48; afro house 0.46,driving 0.51; rolling 0.49; groovy 0.48; dark 0.46
PAX,To The Drum (Extended Mix),127.0,progressive house,percussive,progressive house 0.51; tribal house 0.47; afro house 0.43; peak time techno 0.39,percussive 0.49; rolling 0.35; raw 0.27; driving 0.26
PAX,Just Like That,125.0,progressive house,rolling,progressive house 0.52; breakbeat 0.46; peak time techno 0.41; disco house 0.40,rolling 0.48; driving 0.44; dark 0.43; percussive 0.43
PLS&TY & Sofiya Nzau,Your Love (Antdot Extended Remix),122.0,progressive house,rolling,progressive house 0.50; tribal house 0.41; afro house 0.41; electronica 0.40,rolling 0.52; driving 0.46; uplifting 0.43; raw 0.43
"PQM, Cica",The Flying Song (Diego Barrera Remix),121.0,progressive house,dreamy,progressive house 0.37; electronica 0.36; tribal house 0.30; soulful house 0.29,dreamy 0.34; raw 0.32; dark 0.31; uplifting 0.29
PRAZI,Gioia,126.0,progressive house,rolling,progressive house 0.49; afro house 0.41; disco house 0.40; deep house 0.39,rolling 0.47; driving 0.42; uplifting 0.39; dark 0.39
Pablo Say,Bring The Lows Up (Original Mix),128.0,progressive house,rolling,progressive house 0.57; peak time techno 0.55; afro house 0.47; tech house 0.46,rolling 0.45; dark 0.39; driving 0.35; percussive 0.35
Pachanga Boys,Time (ID Remix),122.0,progressive house,rolling,progressive house 0.52; melodic house 0.52; soulful house 0.51; peak time techno 0.49,rolling 0.56; groovy 0.47; dark 0.46; driving 0.45
Pachanga Boys,Time,124.0,progressive house,rolling,progressive house 0.57; afro house 0.54; melodic house 0.51; soulful house 0.51,rolling 0.52; groovy 0.45; uplifting 0.44; dark 0.43
"Pacho, Pepo",Sound Check One,124.0,progressive house,rolling,progressive house 0.56; peak time techno 0.50; organic house 0.46; afro house 0.45,rolling 0.45; dark 0.38; driving 0.36; groovy 0.33
Paco Osuna,Beat Heat (Original Mix),126.0,progressive house,rolling,progressive house 0.62; afro house 0.52; disco house 0.51; peak time techno 0.46,rolling 0.50; percussive 0.41; groovy 0.38; driving 0.38
Paco Osuna & Melanie Ribbe,The Key,128.0,progressive house,rolling,progressive house 0.55; breakbeat 0.50; peak time techno 0.47; disco house 0.46,rolling 0.45; dark 0.41; driving 0.39; groovy 0.33
Painted Dunes,2AM To Málaga,117.0,progressive house,driving,progressive house 0.54; disco house 0.49; electronica 0.43; tribal house 0.42,driving 0.47; rolling 0.47; groovy 0.44; raw 0.41
Palace,Vision,128.0,progressive house,rolling,progressive house 0.56; tribal house 0.46; peak time techno 0.44; electronica 0.43,rolling 0.41; percussive 0.38; dark 0.33; raw 0.30
Palace,Element,120.0,progressive house,rolling,progressive house 0.52; afro house 0.49; disco house 0.45; melodic house 0.41,rolling 0.36; groovy 0.31; dreamy 0.29; driving 0.28
"Panama, Vandelux",Heartburn,123.0,progressive house,rolling,progressive house 0.45; electronica 0.41; afro house 0.41; disco house 0.40,rolling 0.47; driving 0.44; uplifting 0.43; raw 0.43
Pancratio,A Never Ending Story,130.0,progressive house,rolling,progressive house 0.62; disco house 0.54; afro house 0.53; organic house 0.51,rolling 0.45; groovy 0.37; percussive 0.36; driving 0.35
Pantha Du Prince,Heaven Is Where You Are (Dave DK Remix),123.0,progressive house,rolling,progressive house 0.53; melodic house 0.48; afro house 0.48; soulful house 0.46,rolling 0.50; groovy 0.43; driving 0.41; dreamy 0.39
Paolo Rocco & Lessi S.,2AM,124.0,progressive house,rolling,progressive house 0.60; peak time techno 0.49; organic house 0.48; afro house 0.47,rolling 0.42; dark 0.34; groovy 0.31; driving 0.31
Paolo Rocco & Lessi S.,What A Dub,125.27,progressive house,rolling,progressive house 0.61; peak time techno 0.53; afro house 0.53; deep house 0.53,rolling 0.49; dark 0.40; percussive 0.39; groovy 0.37
"Paperwater, Kanis",Dirty Conga (Original Mix),124.0,progressive house,rolling,progressive house 0.54; tribal house 0.41; disco house 0.41; afro house 0.39,rolling 0.41; driving 0.36; groovy 0.35; dark 0.34
Paradiso Rhythm,Midnight Scenes,123.0,progressive house,rolling,progressive house 0.51; afro house 0.40; disco house 0.39; minimal techno 0.37,rolling 0.41; raw 0.39; percussive 0.37; driving 0.35
"Paranoid London, Josh Caffe",Talk Dirty ,123.0,progressive house,rolling,progressive house 0.64; afro house 0.57; disco house 0.53; peak time techno 0.51,rolling 0.43; groovy 0.35; driving 0.32; percussive 0.31
Parra for Cuva,Selva Selva,119.0,progressive house,rolling,progressive house 0.55; tribal house 0.54; electronica 0.46; soulful house 0.45,rolling 0.58; driving 0.51; percussive 0.49; dark 0.46
Patrice Bäumel,Surge,125.0,progressive house,rolling,progressive house 0.56; afro house 0.54; peak time techno 0.54; melodic house 0.54,rolling 0.49; groovy 0.46; driving 0.44; uplifting 0.44
Paul Rudder,Something New to Learn,118.0,progressive house,groovy,progressive house 0.52; disco house 0.46; afro house 0.44; melodic house 0.42,groovy 0.46; driving 0.46; rolling 0.44; uplifting 0.42
Paul Sirrell,Discotheque (Original Mix),121.0,progressive house,rolling,progressive house 0.56; breakbeat 0.51; disco house 0.50; peak time techno 0.46,rolling 0.54; driving 0.50; percussive 0.49; dark 0.45
Paula OS,The Shame (Hyunji-A Remix),122.0,progressive house,rolling,progressive house 0.55; peak time techno 0.53; afro house 0.47; breakbeat 0.46,rolling 0.54; dark 0.46; driving 0.43; uplifting 0.37
Peggy Gou,(It Goes Like) Nanana (Original Mix),130.0,progressive house,rolling,progressive house 0.44; electronica 0.40; afro house 0.39; disco house 0.38,rolling 0.43; percussive 0.41; driving 0.38; raw 0.35
Peggy Gou,I Go (DJ Koze Remix),124.0,progressive house,rolling,progressive house 0.52; afro house 0.50; disco house 0.43; peak time techno 0.42,rolling 0.40; groovy 0.32; uplifting 0.31; percussive 0.30
Peggy Gou,D.A.N.C.E,133.0,progressive house,percussive,progressive house 0.50; afro house 0.49; disco house 0.45; tribal house 0.42,percussive 0.42; rolling 0.41; groovy 0.35; driving 0.33
Peggy Gou,It Goes Like (Nanana) (Sammy Virji Edit),136.0,progressive house,raw,progressive house 0.49; afro house 0.46; disco house 0.44; electronica 0.37,raw 0.43; rolling 0.43; percussive 0.41; uplifting 0.36
Peggy Gou,It Makes You Forget (Itgehane),125.0,progressive house,rolling,progressive house 0.52; disco house 0.47; afro house 0.45; organic house 0.38,rolling 0.43; groovy 0.41; driving 0.38; raw 0.36
Peonia & Virus Red Delicius,SFD014,127.0,progressive house,rolling,progressive house 0.68; disco house 0.55; afro house 0.54; organic house 0.48,rolling 0.39; groovy 0.37; driving 0.34; percussive 0.33
Per Hammar,Released Dubb (Mihai Popoviciu Remix),124.0,progressive house,rolling,progressive house 0.60; afro house 0.53; organic house 0.49; disco house 0.48,rolling 0.42; groovy 0.38; dark 0.35; driving 0.35
Pheelo,Banzai,128.0,progressive house,rolling,progressive house 0.56; peak time techno 0.54; breakbeat 0.49; tech house 0.48,rolling 0.52; dark 0.48; driving 0.47; groovy 0.38
Phil & Dan,Regulate (Ian Pooley Remix),125.0,progressive house,groovy,progressive house 0.56; disco house 0.53; afro house 0.52; organic house 0.47,groovy 0.45; percussive 0.45; rolling 0.44; driving 0.39
Phil Weeks,Live At Palladium,120.01,progressive house,raw,progressive house 0.39; electronica 0.36; disco house 0.34; tribal house 0.29,raw 0.40; uplifting 0.32; driving 0.31; dreamy 0.31
Philip Z,Yala (Extended Mix),125.0,progressive house,rolling,progressive house 0.53; afro house 0.43; peak time techno 0.42; tribal house 0.42,rolling 0.41; percussive 0.40; driving 0.31; groovy 0.29
Philou,Clifton Groove,125.0,progressive house,rolling,progressive house 0.57; peak time techno 0.53; afro house 0.53; tech house 0.48,rolling 0.45; groovy 0.36; dark 0.34; uplifting 0.33
Physical Education,Sweet Talk - Piano Mix,118.0,progressive house,groovy,progressive house 0.54; afro house 0.51; disco house 0.49; melodic house 0.47,groovy 0.47; rolling 0.46; driving 0.41; uplifting 0.40
Piem,Love Commandments (Alaia & Gallo Remix),124.0,progressive house,rolling,progressive house 0.61; afro house 0.49; peak time techno 0.48; tech house 0.47,rolling 0.44; dark 0.35; driving 0.33; groovy 0.33
Piem & Might Delete Later,Set Me Free (Extended Mix),125.0,progressive house,percussive,progressive house 0.56; disco house 0.45; afro house 0.43; tribal house 0.42,percussive 0.41; rolling 0.41; driving 0.35; raw 0.32
Piero Pirupa,Party (Extended Mix),126.0,progressive house,rolling,progressive house 0.52; electronica 0.45; disco house 0.44; peak time techno 0.42,rolling 0.50; percussive 0.48; driving 0.42; dark 0.41
Piero Pirupa,Bless the Rain,124.0,progressive house,rolling,progressive house 0.57; afro house 0.50; breakbeat 0.50; peak time techno 0.50,rolling 0.55; dark 0.47; driving 0.46; groovy 0.46
"Piero Pirupa, Ben Kim",Smells Like Teen Spirit (Extended Mix),128.0,progressive house,percussive,progressive house 0.45; disco house 0.42; electronica 0.39; breakbeat 0.38,percussive 0.45; raw 0.41; driving 0.41; dark 0.40
"Piero Pirupa, Oliver Heldens",We Don't Need (Extended Mix),125.0,progressive house,rolling,progressive house 0.48; breakbeat 0.46; peak time techno 0.41; disco house 0.39,rolling 0.54; dark 0.46; driving 0.46; raw 0.40
Pietro Morello,I Ain't Gonna Hurry,125.0,progressive house,rolling,progressive house 0.58; disco house 0.50; afro house 0.49; breakbeat 0.41,rolling 0.39; percussive 0.36; groovy 0.35; raw 0.35
Pietro Over Jack,We're Gonna Party (Original Mix),129.0,progressive house,rolling,progressive house 0.60; afro house 0.54; disco house 0.54; organic house 0.45,rolling 0.46; groovy 0.41; percussive 0.36; driving 0.36
Pimp Chic!,Stick-Up,126.0,progressive house,rolling,progressive house 0.57; disco house 0.43; breakbeat 0.42; tribal house 0.40,rolling 0.43; percussive 0.41; driving 0.37; dark 0.35
Pino D'Angiò,Ma quale idea - Myd Remix (Club Edit),126.21,progressive house,rolling,progressive house 0.57; disco house 0.46; afro house 0.46; tribal house 0.41,rolling 0.42; driving 0.34; dark 0.32; groovy 0.31
Pinto (NYC),I'm Yours (Original Mix),130.0,progressive house,rolling,progressive house 0.59; disco house 0.52; afro house 0.50; breakbeat 0.45,rolling 0.48; groovy 0.40; driving 0.40; percussive 0.39
Pinto (NYC),Speaking Of,126.0,progressive house,percussive,progressive house 0.48; disco house 0.38; afro house 0.37; breakbeat 0.37,percussive 0.43; rolling 0.42; driving 0.39; raw 0.36
Pinto (NYC),Onesixone (Original Mix),130.0,progressive house,rolling,progressive house 0.56; disco house 0.45; breakbeat 0.43; tribal house 0.43,rolling 0.48; driving 0.41; percussive 0.40; dark 0.37
Pinto (NYC),Warehouse Symphony (Pinto's One Two Edit),128.0,progressive house,rolling,progressive house 0.49; breakbeat 0.42; peak time techno 0.42; afro house 0.39,rolling 0.50; dark 0.40; driving 0.38; percussive 0.34
Pinto (NYC),Pasito Pasito,128.0,progressive house,percussive,progressive house 0.50; tribal house 0.45; afro house 0.43; disco house 0.42,percussive 0.47; rolling 0.42; driving 0.31; raw 0.27
Pinto (NYC),Paradise (Original Mix) ,130.0,progressive house,rolling,progressive house 0.49; breakbeat 0.48; disco house 0.42; peak time techno 0.42,rolling 0.46; driving 0.42; dark 0.42; percussive 0.39
"Pinto (NYC), Lee Wilson",Show You Love,126.0,progressive house,rolling,progressive house 0.57; peak time techno 0.47; afro house 0.47; disco house 0.46,rolling 0.46; dark 0.38; raw 0.38; driving 0.37
Pippi Ciez & Idd Aziz,Rizik,120.0,progressive house,dreamy,progressive house 0.45; soulful house 0.45; melodic house 0.42; afro house 0.42,dreamy 0.48; uplifting 0.47; rolling 0.43; dark 0.42
Playa Baghdad,Get Paid (Gome Disco Inferno Remix),130.0,progressive house,percussive,progressive house 0.51; peak time techno 0.41; afro house 0.41; disco house 0.39,percussive 0.40; rolling 0.36; driving 0.29; groovy 0.28
"Pleasurekraft, Jaceo, Vedic",One Last High (Tiger Stripes Remix),126.0,progressive house,rolling,progressive house 0.61; afro house 0.53; disco house 0.51; organic house 0.46,rolling 0.48; groovy 0.45; driving 0.44; dark 0.41
Polar Inc.,Eyes Off You (feat. XIRA),122.0,progressive house,rolling,progressive house 0.53; soulful house 0.49; melodic house 0.45; deep house 0.44,rolling 0.52; driving 0.48; uplifting 0.47; dark 0.46
Polar Inc.,Journal (Extended Mix),125.0,progressive house,rolling,progressive house 0.50; soulful house 0.50; melodic house 0.50; melodic techno 0.47,rolling 0.56; driving 0.51; uplifting 0.51; dreamy 0.50
Polar Inc.,Sanie,124.0,progressive house,rolling,progressive house 0.52; tribal house 0.46; afro house 0.43; melodic techno 0.43,rolling 0.54; dark 0.46; driving 0.45; uplifting 0.42
Polar Inc.,Firmoral,122.0,progressive house,rolling,progressive house 0.55; soulful house 0.51; melodic house 0.49; melodic techno 0.49,rolling 0.53; driving 0.51; uplifting 0.49; dreamy 0.48
Politics Of Dancing,I Take You There,128.0,progressive house,rolling,progressive house 0.61; organic house 0.55; afro house 0.55; tribal house 0.51,rolling 0.48; groovy 0.42; percussive 0.35; driving 0.32
"Politics Of Dancing, Chris Stussy",Politics Of Dancing X Chris Stussy,124.0,progressive house,rolling,progressive house 0.61; organic house 0.49; afro house 0.48; tech house 0.47,rolling 0.39; dark 0.28; groovy 0.27; driving 0.27
Politics of Dancing & Djebali,Jackfruit,125.0,progressive house,rolling,progressive house 0.67; afro house 0.58; peak time techno 0.55; disco house 0.54,rolling 0.46; dark 0.38; groovy 0.37; driving 0.35
Politics of Dancing & Djebali,Simple Minds,128.0,progressive house,rolling,progressive house 0.59; afro house 0.47; disco house 0.46; organic house 0.45,rolling 0.41; groovy 0.35; driving 0.33; dark 0.32
Politics of Dancing & Sebo K,Politics Of Dancing X Sebo K (Original Mix),124.0,progressive house,rolling,progressive house 0.62; peak time techno 0.55; afro house 0.55; tech house 0.54,rolling 0.43; groovy 0.34; dark 0.31; driving 0.29
Polo & Pan,Nanã,94.0,progressive house,rolling,progressive house 0.51; afro house 0.47; disco house 0.43; melodic house 0.42,rolling 0.43; driving 0.43; groovy 0.41; dreamy 0.39
Polo & Pan,Canop馥,96.0,progressive house,driving,progressive house 0.50; disco house 0.44; afro house 0.40; breakbeat 0.38,driving 0.46; rolling 0.46; dark 0.42; raw 0.41
"Polo & Pan, Channel Tres",Tunnel,120.0,progressive house,rolling,progressive house 0.60; afro house 0.51; disco house 0.48; peak time techno 0.47,rolling 0.49; driving 0.43; groovy 0.42; dark 0.42
Pornbugs,Artica,125.0,progressive house,rolling,progressive house 0.60; afro house 0.56; disco house 0.52; tech house 0.46,rolling 0.47; groovy 0.41; uplifting 0.38; driving 0.38
Pornbugs,Echoing In My Mind,125.0,progressive house,rolling,progressive house 0.59; afro house 0.51; disco house 0.46; organic house 0.44,rolling 0.41; groovy 0.35; driving 0.32; dark 0.31
Praise Cats,Shined On Me (Les Bisous Remix),125.0,progressive house,rolling,progressive house 0.55; disco house 0.49; afro house 0.48; organic house 0.41,rolling 0.46; driving 0.41; groovy 0.40; percussive 0.39
"Pupa Nas T, Kevin McKay, Denise Belfon",Work (Super Flu Extended Remix),122.0,progressive house,percussive,progressive house 0.47; tribal house 0.43; disco house 0.39; organic house 0.37,percussive 0.44; rolling 0.43; raw 0.32; dark 0.32
"Purple Disco Machine, Teenage Mutants",People (Wild Culture Remix),122.0,progressive house,groovy,progressive house 0.50; afro house 0.50; disco house 0.48; melodic house 0.48,groovy 0.49; uplifting 0.48; rolling 0.48; driving 0.47
Purple Ice,Dreamflower,118.0,progressive house,driving,progressive house 0.51; soulful house 0.40; melodic techno 0.39; melodic house 0.39,driving 0.48; rolling 0.46; dark 0.43; dreamy 0.43
Purple Ice,Más Amor (Original Mix),125.0,progressive house,rolling,progressive house 0.55; afro house 0.51; disco house 0.51; melodic house 0.45,rolling 0.46; groovy 0.42; driving 0.39; raw 0.37
Purple Ice,Monegasque Jazz Session,124.0,progressive house,rolling,progressive house 0.52; afro house 0.47; disco house 0.47; melodic house 0.47,rolling 0.52; driving 0.47; groovy 0.47; dark 0.44
Purple Velvet,Breathin,113.0,progressive house,rolling,progressive house 0.55; afro house 0.50; disco house 0.49; melodic house 0.48,rolling 0.48; groovy 0.48; driving 0.41; raw 0.40
Qess,Firethorn,120.0,progressive house,rolling,progressive house 0.55; peak time techno 0.53; afro house 0.47; deep house 0.46,rolling 0.45; dark 0.38; groovy 0.38; driving 0.37
"Qess, Ursula Rucker",Spaces in Between (Rey&Kjavik Remix),121.0,progressive house,rolling,progressive house 0.54; soulful house 0.50; melodic house 0.48; deep house 0.47,rolling 0.52; driving 0.50; groovy 0.48; uplifting 0.47
"Qess, Ursula Rucker",Spaces in Between (Rey&Kjavik Remix),120.0,progressive house,driving,progressive house 0.52; tribal house 0.45; disco house 0.45; electronica 0.45,driving 0.45; rolling 0.42; groovy 0.41; raw 0.41
Qrion feat. pinkpirate,Lean Into Light (Dosem Remix Extended),127.0,progressive house,rolling,progressive house 0.48; soulful house 0.47; electronica 0.46; peak time techno 0.44,rolling 0.53; dark 0.48; driving 0.46; uplifting 0.43
"Qrion, Blake.08",Pushing Up,125.0,progressive house,rolling,progressive house 0.58; afro house 0.52; minimal techno 0.51; peak time techno 0.50,rolling 0.50; groovy 0.40; dark 0.40; uplifting 0.39
Quantec,Fall Into Oblivion (Original Mix),120.0,progressive house,rolling,progressive house 0.55; deep house 0.51; organic house 0.50; afro house 0.48,rolling 0.52; dark 0.44; groovy 0.43; percussive 0.43
Qubiko,Every Night (CHAN Extended Remix),125.0,progressive house,percussive,progressive house 0.54; afro house 0.48; tribal house 0.45; organic house 0.45,percussive 0.50; rolling 0.48; groovy 0.36; driving 0.36
Queemose,Promise (Dave Pad Remix),124.0,progressive house,rolling,progressive house 0.61; afro house 0.51; peak time techno 0.50; deep house 0.50,rolling 0.47; dark 0.40; driving 0.38; groovy 0.37
Quivver,All I Wanna (Extended Mix),124.0,progressive house,rolling,progressive house 0.50; peak time techno 0.43; afro house 0.41; disco house 0.40,rolling 0.47; dark 0.43; driving 0.38; raw 0.37
Qwenty,Je ne sais plus,129.0,progressive house,rolling,progressive house 0.61; afro house 0.56; organic house 0.51; disco house 0.50,rolling 0.44; groovy 0.44; driving 0.40; uplifting 0.38
"R Plus, Amelia Fox",Love Will Tear Us Apart,123.0,progressive house,rolling,progressive house 0.54; soulful house 0.50; afro house 0.48; peak time techno 0.47,rolling 0.54; driving 0.49; dark 0.49; uplifting 0.47
"R Plus, Amelia Fox, Faithless",Love Will Tear Us Apart - Tensnake Remix,123.0,progressive house,rolling,progressive house 0.55; afro house 0.49; disco house 0.49; melodic house 0.48,rolling 0.49; dark 0.43; groovy 0.43; driving 0.42
"R.Y., A.C.",Move Dub (Steve O'Sullivan Remix),124.0,progressive house,rolling,progressive house 0.64; afro house 0.50; tech house 0.49; peak time techno 0.49,rolling 0.44; dark 0.37; groovy 0.36; driving 0.36
RILEY (UK),Eyes Don't Lie,128.0,progressive house,rolling,progressive house 0.64; afro house 0.59; peak time techno 0.55; tech house 0.55,rolling 0.49; groovy 0.39; percussive 0.37; driving 0.37
RÜFÜS DU SOL,Innerbloom (feat. Tanner Fruit & Cassie Wilson),120.0,progressive house,rolling,progressive house 0.54; soulful house 0.51; melodic techno 0.49; melodic house 0.49,rolling 0.54; uplifting 0.51; driving 0.50; dreamy 0.49
RÜFÜS DU SOL,Innerbloom (H.O.S.H. Remix Dub),122.0,progressive house,rolling,progressive house 0.56; soulful house 0.55; peak time techno 0.53; electronica 0.52,rolling 0.55; dark 0.52; driving 0.52; uplifting 0.48
Rad&Co,Unspoken Thoughts,127.0,progressive house,rolling,progressive house 0.60; afro house 0.55; organic house 0.53; disco house 0.52,rolling 0.49; groovy 0.43; dark 0.41; uplifting 0.40
Rafael Cerato,Sekater (Audiojack Remix),130.0,progressive house,rolling,progressive house 0.44; melodic techno 0.42; peak time techno 0.41; afro house 0.40,rolling 0.46; driving 0.38; raw 0.37; dark 0.36
Rafael Cerato,Sekater,120.0,progressive house,rolling,progressive house 0.58; afro house 0.53; disco house 0.48; soulful house 0.48,rolling 0.52; driving 0.47; dark 0.44; groovy 0.44
"Raine, LAR",Who You Are (Extended Mix),123.0,progressive house,dreamy,progressive house 0.53; melodic house 0.50; soulful house 0.48; afro house 0.46,dreamy 0.53; uplifting 0.49; rolling 0.49; groovy 0.49
"Raj, Sven Wegner",Fallin,122.0,progressive house,groovy,progressive house 0.60; disco house 0.52; afro house 0.50; tribal house 0.45,groovy 0.44; rolling 0.44; driving 0.43; uplifting 0.40
Rampue,Sonne Park Und Sterni,116.0,progressive house,rolling,progressive house 0.63; afro house 0.51; disco house 0.49; tribal house 0.49,rolling 0.47; driving 0.42; groovy 0.41; uplifting 0.40
Ranger Trucco,cassie. (Original Mix),129.0,progressive house,rolling,progressive house 0.58; organic house 0.47; peak time techno 0.47; afro house 0.47,rolling 0.46; driving 0.41; groovy 0.40; percussive 0.37
Rangø,Lycra (Pornbugs Remix),126.0,progressive house,rolling,progressive house 0.61; afro house 0.58; tech house 0.55; peak time techno 0.55,rolling 0.50; groovy 0.40; dark 0.38; uplifting 0.37
Rashid Ajami,Music Is My Medicine,120.0,progressive house,rolling,progressive house 0.48; melodic house 0.46; breakbeat 0.44; melodic techno 0.44,rolling 0.55; driving 0.54; uplifting 0.49; dark 0.48
Raw Underground,Who Dat (Sebb Junior Remix),123.0,progressive house,rolling,progressive house 0.58; disco house 0.53; afro house 0.53; organic house 0.46,rolling 0.46; groovy 0.40; uplifting 0.37; driving 0.36
"Raw Underground, Sebb Junior",Day & Night (Underground Mix),123.0,progressive house,rolling,progressive house 0.58; disco house 0.46; afro house 0.44; peak time techno 0.39,rolling 0.40; driving 0.35; groovy 0.34; dark 0.33
Raw and Unrefined Edits,LR EDITS 001,128.0,progressive house,percussive,progressive house 0.49; afro house 0.46; disco house 0.44; tribal house 0.43,percussive 0.44; rolling 0.35; raw 0.28; groovy 0.27
Rawdio,Blue Hearts (Brooklyn Baby Remix),124.0,progressive house,rolling,progressive house 0.48; disco house 0.43; afro house 0.42; breakbeat 0.40,rolling 0.45; driving 0.43; dark 0.40; uplifting 0.40
Ray Manteca,Mayamero (Mojitos Mix),122.0,progressive house,percussive,progressive house 0.46; tribal house 0.41; disco house 0.36; afro house 0.35,percussive 0.41; rolling 0.30; raw 0.25; groovy 0.23
Reblok,No Signal (Original Mix),128.0,progressive house,rolling,progressive house 0.51; peak time techno 0.50; tech house 0.41; minimal techno 0.40,rolling 0.36; driving 0.33; percussive 0.33; dark 0.32
Reboot,Lubricalifornia (Original Mix),122.0,progressive house,rolling,progressive house 0.55; afro house 0.48; disco house 0.47; melodic house 0.42,rolling 0.45; driving 0.43; groovy 0.43; uplifting 0.40
Reboot,Danz Danz,127.66,progressive house,rolling,progressive house 0.57; peak time techno 0.50; breakbeat 0.46; minimal techno 0.42,rolling 0.53; dark 0.47; driving 0.44; percussive 0.38
"Reboot, Shokë",House Call,127.0,progressive house,rolling,progressive house 0.50; disco house 0.42; afro house 0.42; peak time techno 0.40,rolling 0.45; driving 0.42; percussive 0.40; raw 0.40
Reece,Underpass Rhythm,128.03,progressive house,rolling,progressive house 0.50; afro house 0.46; disco house 0.42; peak time techno 0.38,rolling 0.39; uplifting 0.36; driving 0.35; groovy 0.35
Rem Siman,Face the Music,124.0,progressive house,rolling,progressive house 0.58; peak time techno 0.54; afro house 0.52; breakbeat 0.48,rolling 0.55; dark 0.46; driving 0.45; groovy 0.42
"Remi Blaze, Alex Lauthals",Feel Me Baby (Extended Mix),127.0,progressive house,rolling,progressive house 0.57; peak time techno 0.53; minimal techno 0.47; tech house 0.47,rolling 0.52; dark 0.43; percussive 0.42; driving 0.41
Renato Cohen,Suddenly Funk (Original Mix),123.0,progressive house,rolling,progressive house 0.54; peak time techno 0.47; afro house 0.47; disco house 0.46,rolling 0.39; dark 0.32; driving 0.31; groovy 0.28
Renato Cohen,Suddenly Funk (2000 And One's Extended Lo-Motion Funk Mix),121.0,progressive house,rolling,progressive house 0.58; afro house 0.51; disco house 0.50; deep house 0.42,rolling 0.38; groovy 0.30; driving 0.28; dark 0.27
Renato Cohen,Bismuth (Original Mix),124.0,progressive house,rolling,progressive house 0.53; peak time techno 0.52; breakbeat 0.49; afro house 0.46,rolling 0.54; dark 0.46; driving 0.45; groovy 0.41
Rene Amesz,Pushing On (Extended),124.0,progressive house,rolling,progressive house 0.63; afro house 0.51; disco house 0.49; organic house 0.48,rolling 0.44; percussive 0.39; groovy 0.34; raw 0.34
Reto Erni,Close Desires (Mihai Popoviciu Remix),125.0,progressive house,rolling,progressive house 0.63; afro house 0.61; disco house 0.60; organic house 0.54,rolling 0.46; groovy 0.41; percussive 0.41; driving 0.35
Reto Erni,In This Room,125.0,progressive house,rolling,progressive house 0.59; afro house 0.58; disco house 0.52; organic house 0.48,rolling 0.46; groovy 0.39; uplifting 0.35; dark 0.33
Retromigration,Halt & Stop,130.0,progressive house,rolling,progressive house 0.50; afro house 0.49; peak time techno 0.45; organic house 0.42,rolling 0.36; groovy 0.30; uplifting 0.27; percussive 0.25
Retromigration,Choices,126.0,progressive house,rolling,progressive house 0.53; disco house 0.48; afro house 0.47; breakbeat 0.44,rolling 0.48; percussive 0.43; driving 0.43; groovy 0.43
"Return of the Jaded, George Z",Walk The Line (Original Mix),128.0,progressive house,rolling,progressive house 0.49; breakbeat 0.46; soulful house 0.43; disco house 0.42,rolling 0.51; driving 0.49; dark 0.47; uplifting 0.43
"Revers Gagnant, Matild",Paradis bleu,115.0,progressive house,rolling,progressive house 0.46; soulful house 0.44; disco house 0.42; breakbeat 0.42,rolling 0.51; driving 0.49; uplifting 0.48; dreamy 0.46
Revivis,Tank Girl,129.0,progressive house,rolling,progressive house 0.58; afro house 0.51; peak time techno 0.48; organic house 0.48,rolling 0.40; percussive 0.38; groovy 0.29; driving 0.27
Rework,you're so just jus,128.0,progressive house,rolling,progressive house 0.63; disco house 0.55; afro house 0.51; deep house 0.44,rolling 0.46; groovy 0.42; driving 0.41; raw 0.39
Rezident,Only For A Moment (Extended Mix) (feat. Ekko),125.0,progressive house,rolling,progressive house 0.46; melodic house 0.43; soulful house 0.43; afro house 0.42,rolling 0.46; uplifting 0.44; dreamy 0.43; raw 0.42
Rhadow,Indigo (Mihai Popoviciu Remix),125.0,progressive house,rolling,progressive house 0.56; afro house 0.48; disco house 0.45; soulful house 0.43,rolling 0.45; driving 0.41; groovy 0.40; uplifting 0.40
Rhythm Staircase,Piano Funked (Sweetpower AfroCuban DrumSession),123.0,progressive house,rolling,progressive house 0.61; afro house 0.52; disco house 0.50; tribal house 0.48,rolling 0.42; percussive 0.42; groovy 0.39; driving 0.36
Rick Wade,Can't You See,118.12,progressive house,percussive,progressive house 0.49; disco house 0.47; afro house 0.45; tribal house 0.40,percussive 0.44; groovy 0.42; rolling 0.41; driving 0.37
Ricky Razu,Got Me Trippin',120.0,progressive house,groovy,progressive house 0.57; disco house 0.57; afro house 0.55; melodic house 0.50,groovy 0.51; rolling 0.48; driving 0.48; uplifting 0.42
Rihanna,Bitch Better Have My Money (BLUNDER Afro House Remix),121.0,progressive house,rolling,progressive house 0.48; peak time techno 0.41; afro house 0.41; breakbeat 0.40,rolling 0.46; driving 0.42; dark 0.38; raw 0.38
Rioleval,Improvise at Noon ,125.0,progressive house,rolling,progressive house 0.53; disco house 0.47; afro house 0.46; melodic house 0.44,rolling 0.45; groovy 0.43; driving 0.42; uplifting 0.42
Rioleval,Lowkeyed,125.0,progressive house,rolling,progressive house 0.50; afro house 0.49; peak time techno 0.43; melodic house 0.42,rolling 0.42; groovy 0.37; uplifting 0.36; driving 0.34
Riordan,Needle On The Record (Silvertone Remix),130.0,progressive house,percussive,progressive house 0.49; peak time techno 0.48; afro house 0.44; breakbeat 0.43,percussive 0.55; rolling 0.45; driving 0.34; raw 0.33
Riton feat. Kah-lo & Gee Lee,Fake ID (Coke & Rum Edition),125.0,progressive house,rolling,progressive house 0.56; disco house 0.43; afro house 0.42; tribal house 0.40,rolling 0.41; groovy 0.37; driving 0.36; dark 0.34
Riva Starr,Piknik,126.0,progressive house,rolling,progressive house 0.59; disco house 0.48; afro house 0.47; peak time techno 0.44,rolling 0.45; dark 0.38; driving 0.38; groovy 0.37
"Rivo, Jaquet",Mess Around (Baby Baby) (Extended),123.0,progressive house,rolling,progressive house 0.44; breakbeat 0.43; soulful house 0.42; electronica 0.41,rolling 0.55; driving 0.50; percussive 0.47; raw 0.46
Robag Wruhme,Frontex Frappant,126.0,progressive house,rolling,progressive house 0.54; tribal house 0.47; afro house 0.47; peak time techno 0.47,rolling 0.45; dark 0.34; uplifting 0.34; groovy 0.32
Robert Miles,Children,137.1,progressive house,rolling,progressive house 0.49; peak time techno 0.48; afro house 0.46; minimal techno 0.44,rolling 0.49; dark 0.40; driving 0.40; groovy 0.39
"Robert Owens, Boogie Vice, N-You-Up",Blessing (Original Mix),124.0,progressive house,rolling,progressive house 0.55; disco house 0.46; afro house 0.44; tribal house 0.37,rolling 0.34; percussive 0.32; groovy 0.31; driving 0.30
Roberto Rodriguez,Fall Night,118.0,progressive house,rolling,progressive house 0.63; afro house 0.55; organic house 0.51; tribal house 0.51,rolling 0.45; percussive 0.38; groovy 0.36; dark 0.33
Robin S,Show Me Love,120.26,progressive house,groovy,progressive house 0.52; afro house 0.45; disco house 0.43; tech house 0.37,groovy 0.39; rolling 0.38; uplifting 0.37; driving 0.36
Robosonic & Purple Disco Machine,Geht Ab (Original Mix),123.0,progressive house,rolling,progressive house 0.52; disco house 0.44; breakbeat 0.40; afro house 0.40,rolling 0.45; driving 0.44; raw 0.41; dark 0.40
"Robosonic, Masta Ace",Good Old Feel,120.0,progressive house,rolling,progressive house 0.50; disco house 0.41; electronica 0.41; soulful house 0.41,rolling 0.47; driving 0.46; dark 0.44; groovy 0.43
"Robyn, Jamie xx",Dopamine,147.0,progressive house,rolling,progressive house 0.52; peak time techno 0.41; afro house 0.40; tribal house 0.40,rolling 0.44; percussive 0.38; driving 0.37; raw 0.34
Rochembach,La Sureña,124.0,progressive house,rolling,progressive house 0.46; disco house 0.39; tribal house 0.38; electronica 0.37,rolling 0.45; driving 0.42; raw 0.41; percussive 0.40
Rodriguez Jr.,Pandora,125.0,progressive house,rolling,progressive house 0.61; peak time techno 0.55; afro house 0.52; organic house 0.51,rolling 0.49; driving 0.39; dark 0.38; groovy 0.37
Roman (AR),The Verse (Extended Mix),124.0,progressive house,rolling,progressive house 0.53; peak time techno 0.53; soulful house 0.51; afro house 0.48,rolling 0.56; driving 0.46; dark 0.46; uplifting 0.43
Romanthony,Let Me Show You Love (Quick Dub),120.97,progressive house,rolling,progressive house 0.55; disco house 0.39; afro house 0.38; deep house 0.36,rolling 0.39; raw 0.36; dark 0.33; driving 0.30
Ron Costa,Superstition,128.0,progressive house,rolling,progressive house 0.57; peak time techno 0.41; disco house 0.40; deep house 0.38,rolling 0.45; dark 0.40; driving 0.38; raw 0.38
Ron Trent,I Feel the Rhythm,124.0,progressive house,rolling,progressive house 0.59; disco house 0.53; afro house 0.49; melodic house 0.41,rolling 0.45; groovy 0.42; driving 0.42; uplifting 0.36
"Roog, Leon Benesty",Perpetual Groove (Original Mix),123.0,progressive house,rolling,progressive house 0.61; afro house 0.49; peak time techno 0.49; disco house 0.48,rolling 0.47; percussive 0.41; driving 0.39; dark 0.39
Rory Marshall,Don't Diss the 909 (Extended Mix),132.0,progressive house,dark,progressive house 0.55; peak time techno 0.49; tech house 0.38; minimal techno 0.37,dark 0.37; rolling 0.35; percussive 0.25; driving 0.23
Rosbeh,Un Matin,125.0,progressive house,rolling,progressive house 0.57; afro house 0.57; peak time techno 0.51; disco house 0.51,rolling 0.57; dark 0.46; driving 0.44; uplifting 0.44
Rosbeh feat. Khyra,Anytime feat. Khyra,125.0,progressive house,rolling,progressive house 0.50; afro house 0.44; peak time techno 0.43; melodic techno 0.42,rolling 0.48; driving 0.43; uplifting 0.43; dark 0.43
Ross Couch,Jazz Session,122.0,progressive house,rolling,progressive house 0.52; disco house 0.48; afro house 0.48; breakbeat 0.40,rolling 0.41; groovy 0.38; driving 0.36; dark 0.33
Ross Evana,Losing Consciousness (Original Mix),125.0,progressive house,rolling,progressive house 0.66; disco house 0.58; afro house 0.56; tribal house 0.55,rolling 0.45; groovy 0.40; percussive 0.37; driving 0.35
Round,Lucky Star,117.0,progressive house,rolling,progressive house 0.57; melodic house 0.48; afro house 0.48; peak time techno 0.47,rolling 0.49; driving 0.42; dark 0.40; groovy 0.39
"Rowetta, Greco (NYC)",Be (Klangkuenstler Remix),124.0,progressive house,rolling,progressive house 0.53; peak time techno 0.48; organic house 0.39; tech house 0.39,rolling 0.42; dark 0.39; driving 0.35; percussive 0.31
Ruben Mandolini,Pussyn (Original Mix),123.0,progressive house,percussive,progressive house 0.48; afro house 0.42; peak time techno 0.40; disco house 0.40,percussive 0.42; rolling 0.41; driving 0.33; dark 0.30
Ruff Stuff,Last Chance (Original Mix),127.0,progressive house,rolling,progressive house 0.61; peak time techno 0.51; afro house 0.47; disco house 0.46,rolling 0.44; dark 0.42; driving 0.36; groovy 0.33
Rukhman,My Precious (Extended Mix),123.0,progressive house,percussive,progressive house 0.46; afro house 0.39; disco house 0.37; tribal house 0.36,percussive 0.41; rolling 0.40; raw 0.35; driving 0.32
RÜFÜS DU SOL,Next to Me,118.0,progressive house,percussive,progressive house 0.42; electronica 0.40; tribal house 0.38; afro house 0.37,percussive 0.44; rolling 0.43; driving 0.39; raw 0.37
RÜFÜS DU SOL,See You Again (Carlita Remix),122.0,progressive house,rolling,progressive house 0.48; afro house 0.44; disco house 0.43; electronica 0.40,rolling 0.48; driving 0.41; percussive 0.41; raw 0.41
RÜFÜS DU SOL,Alive (Solomun Extended Remix),122.0,progressive house,rolling,progressive house 0.51; peak time techno 0.42; soulful house 0.41; disco house 0.41,rolling 0.47; dark 0.43; driving 0.42; raw 0.39
RÜFÜS DU SOL,In the Moment (Adriatique Extended Remix),124.0,progressive house,rolling,progressive house 0.44; breakbeat 0.44; electronica 0.44; soulful house 0.40,rolling 0.47; driving 0.46; dark 0.43; uplifting 0.40
RÜFÜS DU SOL,On My Knees,120.0,progressive house,rolling,progressive house 0.45; breakbeat 0.40; soulful house 0.39; electronica 0.39,rolling 0.49; driving 0.44; dark 0.43; uplifting 0.40
RÜFÜS DU SOL,On My Knees (Adriatique Remix) (Mixed),123.98,progressive house,rolling,progressive house 0.49; soulful house 0.48; electronica 0.47; melodic techno 0.43,rolling 0.51; dark 0.50; uplifting 0.48; driving 0.48
SAULT,Wildfires,114.49,progressive house,rolling,progressive house 0.43; electronica 0.36; breakbeat 0.35; tribal house 0.35,rolling 0.42; dreamy 0.42; driving 0.41; dark 0.40
SCRIPT,WTF,130.0,progressive house,rolling,progressive house 0.56; peak time techno 0.53; deep house 0.50; afro house 0.50,rolling 0.47; dark 0.43; driving 0.38; groovy 0.37
SIDEPIECE,Lick (Extended Mix),128.0,progressive house,rolling,progressive house 0.53; peak time techno 0.46; afro house 0.45; disco house 0.44,rolling 0.43; dark 0.37; driving 0.35; groovy 0.32
SIDEPIECE,Function,130.0,progressive house,rolling,progressive house 0.57; afro house 0.50; disco house 0.49; peak time techno 0.48,rolling 0.46; dark 0.44; driving 0.41; groovy 0.39
"SIDEPIECE, Barney Bones",Ménage à Trois (Extended Mix),128.0,progressive house,rolling,progressive house 0.49; peak time techno 0.46; breakbeat 0.43; afro house 0.43,rolling 0.43; percussive 0.38; driving 0.38; dark 0.38
"SLAMM, Dan Molinari",K.E.T. (Amine Mix),130.0,progressive house,rolling,progressive house 0.59; disco house 0.51; afro house 0.49; peak time techno 0.46,rolling 0.41; percussive 0.37; groovy 0.37; driving 0.35
SOHMI,Only One (Extended Mix),121.0,progressive house,rolling,progressive house 0.53; soulful house 0.45; peak time techno 0.44; afro house 0.42,rolling 0.52; driving 0.47; dark 0.46; uplifting 0.43
STL,From A Distance,120.0,progressive house,rolling,progressive house 0.59; peak time techno 0.51; organic house 0.50; deep house 0.47,rolling 0.49; dark 0.38; driving 0.34; groovy 0.32
"SUBB, Sllash & Doppe",Agua De Beber (Extended Mix),126.71,progressive house,rolling,progressive house 0.55; peak time techno 0.48; afro house 0.47; tech house 0.43,rolling 0.46; percussive 0.39; driving 0.36; dark 0.34
"Sabb, Forrest",One of Us (feat. Forrest) [Dennis Ferrer Remix],122.0,progressive house,rolling,progressive house 0.54; afro house 0.51; peak time techno 0.50; minimal techno 0.45,rolling 0.46; groovy 0.38; uplifting 0.36; dark 0.35
"Sabb, Serge Devant, Forrest",Waiting (Bontan Remix),123.0,progressive house,rolling,progressive house 0.61; peak time techno 0.53; afro house 0.51; tech house 0.50,rolling 0.44; dark 0.35; driving 0.35; groovy 0.33
Sable Sheep,Upon Burning Skies (Dub Mix),123.0,progressive house,rolling,progressive house 0.55; afro house 0.52; tribal house 0.49; organic house 0.45,rolling 0.33; percussive 0.32; groovy 0.30; dreamy 0.20
Sahalé,Magharibi (Satori Remix),112.5,progressive house,rolling,progressive house 0.57; afro house 0.52; soulful house 0.49; disco house 0.48,rolling 0.59; driving 0.49; dark 0.47; groovy 0.47
Sailor & I feat. Eekkoo,Letters (Capital) - Jeremy Olander Remix,123.0,progressive house,rolling,progressive house 0.50; soulful house 0.49; peak time techno 0.49; afro house 0.48,rolling 0.53; driving 0.44; dark 0.44; uplifting 0.43
Sainte Barbe,Imagination (feat. Shiloh Dynasty),124.0,progressive house,rolling,progressive house 0.51; disco house 0.41; afro house 0.39; breakbeat 0.38,rolling 0.43; driving 0.41; raw 0.39; uplifting 0.37
Sainte Barbe,Somewhere,120.0,progressive house,rolling,progressive house 0.54; afro house 0.50; disco house 0.50; organic house 0.41,rolling 0.45; groovy 0.41; driving 0.40; uplifting 0.39
Sainte Barbe feat. Clayra,Fresh Juice,108.0,progressive house,driving,progressive house 0.47; electronica 0.41; disco house 0.38; tribal house 0.37,driving 0.44; uplifting 0.41; dreamy 0.41; groovy 0.40
"Sainte Barbe, Shiloh Dynasty",High & Love,120.0,progressive house,rolling,progressive house 0.56; disco house 0.54; afro house 0.49; melodic house 0.42,rolling 0.45; groovy 0.43; driving 0.43; raw 0.40
Saison,Satisfy The Need (Extended Mix),125.0,progressive house,rolling,progressive house 0.48; peak time techno 0.43; disco house 0.42; afro house 0.42,rolling 0.46; driving 0.42; dark 0.39; uplifting 0.37
Saison feat. Leon Lincoln,The Last Time (feat. Leon Lincoln),122.0,progressive house,rolling,progressive house 0.59; disco house 0.50; afro house 0.49; tech house 0.42,rolling 0.41; driving 0.38; groovy 0.37; dark 0.33
Sakro,People Like This,124.0,progressive house,rolling,progressive house 0.62; disco house 0.53; afro house 0.52; organic house 0.46,rolling 0.42; groovy 0.41; driving 0.36; raw 0.33
Salif Keita & Martin Solveig,Madan (Exotic Disco Mix),127.0,progressive house,rolling,progressive house 0.51; disco house 0.48; afro house 0.43; tribal house 0.42,rolling 0.42; groovy 0.42; driving 0.42; percussive 0.41
"Sam Dexter, Mallin",Just A Dream (Extended Mix),126.0,progressive house,rolling,progressive house 0.52; peak time techno 0.45; afro house 0.45; minimal techno 0.44,rolling 0.49; driving 0.47; groovy 0.45; dark 0.44
Sam Ruffillo,Danza Organica,122.0,progressive house,rolling,progressive house 0.53; afro house 0.49; peak time techno 0.47; disco house 0.46,rolling 0.54; dark 0.43; percussive 0.42; groovy 0.41
Sam Ruffillo,Es Buena (Extended Version),126.0,progressive house,rolling,progressive house 0.49; electronica 0.48; breakbeat 0.45; peak time techno 0.43,rolling 0.56; percussive 0.47; driving 0.47; dark 0.46
"Sam Ruffillo, Fimiani",Mediterranea (Party Mix Extended),122.0,progressive house,percussive,progressive house 0.51; disco house 0.48; tribal house 0.44; breakbeat 0.44,percussive 0.51; rolling 0.46; driving 0.44; raw 0.37
Sambo,Get Down (Original Mix),128.0,progressive house,rolling,progressive house 0.55; peak time techno 0.53; afro house 0.47; minimal techno 0.46,rolling 0.47; percussive 0.42; dark 0.36; driving 0.34
Sambo,Sector 3 (Original Mix),128.0,progressive house,rolling,progressive house 0.56; peak time techno 0.51; afro house 0.47; organic house 0.46,rolling 0.38; percussive 0.34; dark 0.27; groovy 0.26
Samer Soltan,Close To You (Meera NO Remix),122.0,progressive house,rolling,progressive house 0.55; afro house 0.52; disco house 0.49; peak time techno 0.48,rolling 0.47; groovy 0.42; uplifting 0.41; driving 0.40
Samer Soltan,What The F,120.0,progressive house,rolling,progressive house 0.56; afro house 0.49; disco house 0.46; soulful house 0.46,rolling 0.49; driving 0.42; groovy 0.40; dark 0.39
Samer Soltan,Sandoz (Original Mix),122.0,progressive house,rolling,progressive house 0.51; afro house 0.49; peak time techno 0.45; disco house 0.42,rolling 0.45; percussive 0.38; groovy 0.35; driving 0.35
Samim,Heater (Tube & Berger Remix),125.0,progressive house,rolling,progressive house 0.55; peak time techno 0.48; afro house 0.47; disco house 0.45,rolling 0.42; percussive 0.39; dark 0.35; driving 0.35
Samm (BE),Body Language (Original Mix),122.0,progressive house,rolling,progressive house 0.56; disco house 0.49; afro house 0.48; melodic house 0.43,rolling 0.52; driving 0.46; groovy 0.46; dark 0.42
"Sammy Deuce, Sebb Junior",Rare Groove Weapon,120.0,progressive house,rolling,progressive house 0.54; afro house 0.49; disco house 0.49; melodic house 0.46,rolling 0.44; groovy 0.42; driving 0.40; raw 0.38
Sammy Virji,If U Need It (Extended Mix),132.0,progressive house,rolling,progressive house 0.56; afro house 0.50; disco house 0.46; peak time techno 0.46,rolling 0.45; driving 0.39; dark 0.38; groovy 0.37
Sammy Virji,Find My Way Home,136.0,progressive house,rolling,progressive house 0.43; afro house 0.41; peak time techno 0.39; disco house 0.38,rolling 0.42; percussive 0.42; raw 0.37; groovy 0.30
"Sammy Virji, Chris Lake, RoRo",925 (Extended Mix),132.0,progressive house,rolling,progressive house 0.57; afro house 0.48; disco house 0.47; deep house 0.45,rolling 0.43; dark 0.38; driving 0.37; groovy 0.36
"Samuel Cosmic, &friends & Oluwadamvic",Halele (Alex Wann Extended Remix),120.0,progressive house,rolling,progressive house 0.50; tribal house 0.43; electronica 0.42; afro house 0.42,rolling 0.50; percussive 0.47; driving 0.41; raw 0.39
San Pacho & GREG (BR),Born Funky (Extended Mix),127.99,progressive house,rolling,progressive house 0.53; afro house 0.44; breakbeat 0.44; disco house 0.43,rolling 0.44; percussive 0.41; driving 0.38; dark 0.35
Santa Maradona F.C. feat. Lucy Spraggan,Give Me Sunshine (Joyce Muniz Remix),123.0,progressive house,rolling,progressive house 0.53; disco house 0.46; afro house 0.45; breakbeat 0.41,rolling 0.47; driving 0.45; raw 0.42; dark 0.42
Sante feat. Russoul,Everyday,126.0,progressive house,rolling,progressive house 0.57; disco house 0.50; afro house 0.48; organic house 0.46,rolling 0.45; groovy 0.44; driving 0.42; dark 0.39
Santé,We Talk House,124.0,progressive house,rolling,progressive house 0.60; peak time techno 0.52; afro house 0.47; tech house 0.47,rolling 0.43; dark 0.34; driving 0.32; groovy 0.31
Santé,The Way,121.0,progressive house,rolling,progressive house 0.56; afro house 0.47; organic house 0.47; peak time techno 0.47,rolling 0.43; percussive 0.42; groovy 0.37; driving 0.35
Santé,Talk About,126.0,progressive house,rolling,progressive house 0.55; peak time techno 0.53; afro house 0.49; melodic techno 0.47,rolling 0.43; dark 0.39; percussive 0.36; driving 0.30
Santé,45 Fahrenheit,128.0,progressive house,rolling,progressive house 0.53; peak time techno 0.49; organic house 0.46; afro house 0.44,rolling 0.36; dark 0.27; groovy 0.24; percussive 0.24
Santé,The Groove Is Mine,128.0,progressive house,rolling,progressive house 0.62; afro house 0.58; organic house 0.55; tech house 0.54,rolling 0.42; groovy 0.38; uplifting 0.32; dark 0.31
Santé,Echoes From The Future,124.0,progressive house,rolling,progressive house 0.52; disco house 0.42; tribal house 0.42; afro house 0.42,rolling 0.38; percussive 0.30; dark 0.29; groovy 0.27
Santé feat. J.U.D.G.E,Awake,120.0,progressive house,dark,progressive house 0.55; deep house 0.44; soulful house 0.41; peak time techno 0.41,dark 0.48; rolling 0.48; driving 0.44; raw 0.43
"Santé, Hector Moralez",Graveyardshift,123.0,progressive house,rolling,progressive house 0.52; peak time techno 0.48; disco house 0.48; afro house 0.48,rolling 0.44; percussive 0.42; groovy 0.39; dark 0.38
"Santé, Russoul",Everyday,126.0,progressive house,rolling,progressive house 0.57; disco house 0.48; afro house 0.48; organic house 0.45,rolling 0.44; groovy 0.42; driving 0.41; dark 0.38
Saraga,Thinking About You (Club Mix),126.0,progressive house,rolling,progressive house 0.40; disco house 0.37; breakbeat 0.34; afro house 0.33,rolling 0.36; groovy 0.35; driving 0.35; percussive 0.33
Sascha Dive feat. Mr V,My Definition of House Music,120.0,progressive house,rolling,progressive house 0.60; afro house 0.51; tribal house 0.49; disco house 0.48,rolling 0.41; groovy 0.34; percussive 0.34; dark 0.31
"Sascha Dive, Pornbugs",Modern Love Affair,126.0,progressive house,rolling,progressive house 0.56; peak time techno 0.50; afro house 0.48; organic house 0.46,rolling 0.48; dark 0.38; driving 0.38; groovy 0.36
Sasha,Trigonometry (Original Mix),124.0,progressive house,rolling,progressive house 0.58; peak time techno 0.53; soulful house 0.50; afro house 0.49,rolling 0.53; dark 0.47; driving 0.45; uplifting 0.42
Sasha,Out Of Time (feat. POLIÇA),123.0,progressive house,rolling,progressive house 0.53; afro house 0.44; disco house 0.41; soulful house 0.39,rolling 0.41; groovy 0.39; driving 0.37; uplifting 0.36
Satin Jackets,Heart Won't Move (Tête de la Course Extended House Mix),120.0,progressive house,percussive,progressive house 0.47; disco house 0.45; afro house 0.44; tribal house 0.38,percussive 0.50; rolling 0.41; raw 0.36; driving 0.34
Satori,Yam (Original Mix),114.0,progressive house,rolling,progressive house 0.53; soulful house 0.49; melodic house 0.48; melodic techno 0.47,rolling 0.51; driving 0.49; uplifting 0.46; groovy 0.45
Satori,Yam,114.0,progressive house,rolling,progressive house 0.53; soulful house 0.49; melodic house 0.48; afro house 0.48,rolling 0.50; driving 0.46; uplifting 0.45; groovy 0.45
Satoshi Tomiie,Bassline (Original Mix),124.0,progressive house,rolling,progressive house 0.56; peak time techno 0.50; afro house 0.50; organic house 0.48,rolling 0.41; groovy 0.32; dark 0.29; driving 0.28
Scruscru,Finding All Your Love (Black Loops Remix),123.0,progressive house,rolling,progressive house 0.53; afro house 0.48; disco house 0.48; melodic house 0.47,rolling 0.46; groovy 0.45; driving 0.42; percussive 0.39
"Scruscru, Jehan, Anton Bogomolov",Teuf De Ouf,120.0,progressive house,percussive,progressive house 0.56; disco house 0.50; electronica 0.50; tribal house 0.48,percussive 0.57; rolling 0.55; driving 0.47; groovy 0.46
Sean Miller,The Good Life (Joeski Extended Remix),125.0,progressive house,percussive,progressive house 0.52; tribal house 0.45; afro house 0.44; disco house 0.39,percussive 0.42; rolling 0.38; groovy 0.28; driving 0.28
Seb Wildblood,Seal of Approval,120.0,progressive house,raw,progressive house 0.49; disco house 0.37; afro house 0.34; electronica 0.33,raw 0.39; driving 0.34; rolling 0.34; dreamy 0.33
Sebastian Ingrosso & Steve Angello pres. Buy Now & PARISI,U Ok? (Extended Mix),130.0,progressive house,percussive,progressive house 0.52; peak time techno 0.50; breakbeat 0.44; afro house 0.44,percussive 0.47; rolling 0.45; dark 0.39; driving 0.35
Sebastian Sellares,Garden of Eden (Extended Mix),122.0,progressive house,rolling,progressive house 0.54; soulful house 0.53; afro house 0.51; peak time techno 0.50,rolling 0.50; driving 0.43; uplifting 0.43; dark 0.42
Sebastian Sellares,First Contact (Extended Mix),124.0,progressive house,rolling,progressive house 0.56; soulful house 0.51; peak time techno 0.50; afro house 0.49,rolling 0.52; driving 0.44; dark 0.43; groovy 0.41
Sebastian Sellares,Limbo (Extended Mix),120.0,progressive house,rolling,progressive house 0.52; melodic techno 0.49; soulful house 0.49; melodic house 0.49,rolling 0.48; dreamy 0.47; driving 0.47; uplifting 0.45
Secondcity,Tomorrow's World,126.0,progressive house,percussive,progressive house 0.43; tribal house 0.41; electronica 0.41; disco house 0.40,percussive 0.55; rolling 0.44; driving 0.40; euphoric 0.36
Selena Faider,Under My Feet (Extended Mix),128.0,progressive house,percussive,progressive house 0.56; disco house 0.50; afro house 0.48; tribal house 0.40,percussive 0.44; rolling 0.44; driving 0.42; raw 0.40
Selidos,Come The Morning (Havantepe Remix),128.0,progressive house,rolling,progressive house 0.61; peak time techno 0.56; minimal techno 0.51; tech house 0.51,rolling 0.49; dark 0.43; driving 0.39; groovy 0.37
Serge Devant,I'm Flying (Extended Mix),127.0,progressive house,rolling,progressive house 0.53; afro house 0.51; disco house 0.49; organic house 0.48,rolling 0.47; groovy 0.45; percussive 0.44; driving 0.40
Serge Devant & Damiano & Camille Safiya,Thinking Of You,122.0,progressive house,driving,progressive house 0.49; tribal house 0.41; electronica 0.40; soulful house 0.40,driving 0.50; rolling 0.48; groovy 0.45; dreamy 0.44
Sergio Murcia,Ritmo (Joc House Remix),125.0,progressive house,rolling,progressive house 0.54; peak time techno 0.45; breakbeat 0.44; organic house 0.42,rolling 0.47; percussive 0.43; dark 0.39; driving 0.39
Several Definitions,Dancing with the Valkyrie (Kellerkind Remix),105.0,progressive house,rolling,progressive house 0.47; melodic techno 0.46; breakbeat 0.45; electronica 0.44,rolling 0.52; driving 0.52; dark 0.48; uplifting 0.45
Shaded,Holla Atcha Boy,125.0,progressive house,rolling,progressive house 0.63; afro house 0.50; disco house 0.48; peak time techno 0.48,rolling 0.42; dark 0.32; driving 0.32; groovy 0.28
"Shadow Child, Doorly",Piano Weapon,124.0,progressive house,rolling,progressive house 0.58; disco house 0.50; afro house 0.48; deep house 0.45,rolling 0.50; driving 0.46; dark 0.44; groovy 0.41
Shakedown,At Night (Purple Disco Machine Extended Remix),122.0,progressive house,percussive,progressive house 0.37; tribal house 0.36; electronica 0.32; disco house 0.25,percussive 0.35; rolling 0.34; raw 0.31; euphoric 0.28
Shaolin Cowboy,Central Line Jazz,125.0,progressive house,raw,progressive house 0.49; afro house 0.46; melodic house 0.46; disco house 0.46,raw 0.44; groovy 0.43; dreamy 0.43; rolling 0.41
"Shimza, LevyM",No Shape Without You (Extended Mix),122.0,progressive house,rolling,progressive house 0.47; soulful house 0.42; electronica 0.42; afro house 0.41,rolling 0.50; percussive 0.44; uplifting 0.42; driving 0.42
Shinichiro Yokota,Do it Again,117.9,progressive house,rolling,progressive house 0.62; afro house 0.54; disco house 0.52; peak time techno 0.48,rolling 0.46; groovy 0.43; percussive 0.41; driving 0.39
Shonky,Coco Feel And Love Shonk,125.0,progressive house,rolling,progressive house 0.62; afro house 0.58; peak time techno 0.58; organic house 0.57,rolling 0.49; percussive 0.41; groovy 0.40; dark 0.36
Shonky,Le Velour,124.0,progressive house,rolling,progressive house 0.59; peak time techno 0.51; afro house 0.51; organic house 0.50,rolling 0.44; groovy 0.38; dark 0.37; driving 0.36
Shosho,Fishing People,123.0,progressive house,rolling,progressive house 0.59; afro house 0.49; peak time techno 0.47; disco house 0.44,rolling 0.38; groovy 0.32; dark 0.31; driving 0.29
Shouse,Sunrise (Adam Ten Remix),124.0,progressive house,rolling,progressive house 0.47; tribal house 0.46; electronica 0.39; disco house 0.38,rolling 0.45; percussive 0.43; driving 0.39; raw 0.37
Sidney Charles,Ruffline,123.0,progressive house,percussive,progressive house 0.45; disco house 0.34; tribal house 0.31; afro house 0.31,percussive 0.41; rolling 0.30; raw 0.27; groovy 0.25
Siege feat. Sweet Pussy Pauline,Work This (Extended Mix),126.0,progressive house,rolling,progressive house 0.52; peak time techno 0.50; tech house 0.42; breakbeat 0.41,rolling 0.43; dark 0.36; percussive 0.34; driving 0.32
Sigala and Lavern,Like Sunshine (Extended Mix),132.0,progressive house,rolling,progressive house 0.50; disco house 0.39; afro house 0.39; breakbeat 0.37,rolling 0.45; driving 0.43; raw 0.39; dark 0.39
Silat Beksi,Symmetry,126.0,progressive house,rolling,progressive house 0.53; soulful house 0.45; melodic house 0.45; afro house 0.44,rolling 0.46; driving 0.44; groovy 0.43; dark 0.43
Silvie Loto,Take No Shush (Original Mix),130.0,progressive house,rolling,progressive house 0.60; afro house 0.55; organic house 0.54; soulful house 0.53,rolling 0.53; groovy 0.50; uplifting 0.47; driving 0.46
Simian Mobile Disco,Hustler,127.0,progressive house,rolling,progressive house 0.52; peak time techno 0.47; breakbeat 0.45; disco house 0.39,rolling 0.47; driving 0.42; dark 0.41; percussive 0.40
Simon Doty feat. Ruth Royall,Tattoo,125.0,progressive house,rolling,progressive house 0.53; electronica 0.44; breakbeat 0.44; disco house 0.44,rolling 0.50; driving 0.50; raw 0.46; dark 0.45
"Simon Kidzoo, Marian (BR)",Perco Merco,128.0,progressive house,percussive,progressive house 0.55; disco house 0.53; afro house 0.51; organic house 0.46,percussive 0.43; rolling 0.41; groovy 0.40; driving 0.34
Simone Liberali,Burnin',127.0,progressive house,percussive,progressive house 0.59; tribal house 0.54; afro house 0.52; organic house 0.50,percussive 0.44; rolling 0.42; groovy 0.30; dark 0.28
Sinca,Another Way feat. Toorak Green (Extended Mix),122.0,progressive house,rolling,progressive house 0.60; afro house 0.54; tribal house 0.54; soulful house 0.53,rolling 0.54; groovy 0.43; driving 0.43; uplifting 0.43
Sinca,Dede (Extended Mix),123.0,progressive house,rolling,progressive house 0.56; afro house 0.53; tribal house 0.52; soulful house 0.50,rolling 0.52; groovy 0.45; percussive 0.44; uplifting 0.44
Sinca & Monblaire,Don't Depend (Dub Mix),125.0,progressive house,rolling,progressive house 0.58; peak time techno 0.50; afro house 0.48; tech house 0.47,rolling 0.48; dark 0.41; driving 0.40; groovy 0.38
Sinca & Monblaire,Don't Depend (Extended Mix),125.0,progressive house,rolling,progressive house 0.59; soulful house 0.50; peak time techno 0.49; afro house 0.48,rolling 0.53; dark 0.47; percussive 0.44; driving 0.43
Sinner & James,Deep Inside (Original Mix),123.0,progressive house,rolling,progressive house 0.57; peak time techno 0.50; breakbeat 0.48; afro house 0.46,rolling 0.48; driving 0.42; dark 0.42; groovy 0.38
Sinner & James,The Groove (Original Mix),123.0,progressive house,rolling,progressive house 0.61; afro house 0.52; disco house 0.50; peak time techno 0.47,rolling 0.49; dark 0.41; groovy 0.37; driving 0.37
SirYLL,Malawi,122.0,progressive house,rolling,progressive house 0.49; electronica 0.46; tribal house 0.46; disco house 0.44,rolling 0.49; percussive 0.48; driving 0.42; groovy 0.40
Skip & Die,La Cumbia Dictadura,90.0,progressive house,rolling,progressive house 0.54; breakbeat 0.46; peak time techno 0.44; disco house 0.43,rolling 0.51; dark 0.46; driving 0.46; percussive 0.40
Skyla Tylaa & Kitty Amor & Ruger,Mean 2 Me,121.0,progressive house,rolling,progressive house 0.42; electronica 0.36; breakbeat 0.36; tribal house 0.36,rolling 0.43; driving 0.40; percussive 0.38; raw 0.37
Sllash & Doppe,Guadalajara (Extended Mix),120.0,progressive house,rolling,progressive house 0.52; peak time techno 0.45; afro house 0.43; breakbeat 0.42,rolling 0.48; dark 0.41; percussive 0.40; driving 0.40
Sly & The Revolutionaries,Cocaine,144.88,progressive house,dark,progressive house 0.44; breakbeat 0.39; disco house 0.39; melodic techno 0.37,dark 0.41; driving 0.40; groovy 0.39; rolling 0.39
"Smokin Jo, James Hurr",Feel Real Good (Extended Mix),124.0,progressive house,percussive,progressive house 0.47; tribal house 0.40; afro house 0.35; disco house 0.35,percussive 0.43; rolling 0.36; raw 0.29; driving 0.27
Snilloc,Minibar (Affkt Remix),124.0,progressive house,groovy,progressive house 0.53; afro house 0.50; melodic house 0.49; disco house 0.49,groovy 0.45; rolling 0.43; uplifting 0.42; dreamy 0.40
Snilloc,Vakmatt,115.0,progressive house,rolling,progressive house 0.61; disco house 0.48; afro house 0.48; organic house 0.46,rolling 0.45; driving 0.42; groovy 0.41; dark 0.39
Snilloc,800 Lesbians,122.0,progressive house,rolling,progressive house 0.67; afro house 0.52; organic house 0.52; tribal house 0.50,rolling 0.46; driving 0.41; groovy 0.40; dark 0.40
"Snilloc, Adison",Elso - Adison Reboot,121.0,progressive house,rolling,progressive house 0.52; peak time techno 0.50; afro house 0.50; tech house 0.48,rolling 0.44; groovy 0.36; driving 0.34; uplifting 0.33
So Phat,Love Bizarre (Solomun Remix),120.0,progressive house,rolling,progressive house 0.64; disco house 0.52; afro house 0.52; organic house 0.45,rolling 0.39; groovy 0.31; driving 0.29; percussive 0.28
Social Lovers,Can't Get Enough - Demo,121.0,progressive house,rolling,progressive house 0.52; afro house 0.48; disco house 0.45; soulful house 0.41,rolling 0.46; groovy 0.43; driving 0.42; uplifting 0.40
Sofi Tukker,Drinkee (Vintage Culture & John Summit Extended Mix),124.0,progressive house,rolling,progressive house 0.58; disco house 0.51; afro house 0.49; organic house 0.43,rolling 0.43; percussive 0.42; groovy 0.41; driving 0.40
Sofi Tukker,BOBA (Extended Mix),130.0,progressive house,rolling,progressive house 0.52; disco house 0.46; afro house 0.44; breakbeat 0.41,rolling 0.46; driving 0.45; raw 0.42; groovy 0.42
Sofi Tukker,Drinkee (Addal Remix),120.0,progressive house,rolling,progressive house 0.60; disco house 0.53; afro house 0.52; organic house 0.50,rolling 0.51; percussive 0.48; driving 0.42; groovy 0.42
Sofi Tukker,Drinkee (Original Mix),114.99,progressive house,percussive,progressive house 0.49; breakbeat 0.44; electronica 0.44; disco house 0.42,percussive 0.54; rolling 0.49; driving 0.44; groovy 0.41
Sofia Kourtesis,Texas Changing,130.0,progressive house,rolling,progressive house 0.53; disco house 0.40; afro house 0.39; peak time techno 0.39,rolling 0.41; driving 0.41; percussive 0.41; raw 0.39
Sofinski,See You Every Night,124.0,progressive house,rolling,progressive house 0.51; soulful house 0.46; peak time techno 0.45; afro house 0.45,rolling 0.46; driving 0.45; dreamy 0.44; groovy 0.42
Sohno,Si Tu Quieres (Extended Mix),122.0,progressive house,rolling,progressive house 0.49; soulful house 0.48; melodic techno 0.45; afro house 0.44,rolling 0.51; dark 0.48; uplifting 0.47; driving 0.47
Soichi Terada,Saturday Love Sunday,103.45,progressive house,rolling,progressive house 0.59; peak time techno 0.51; afro house 0.51; deep house 0.45,rolling 0.55; dark 0.43; driving 0.40; groovy 0.36
Solomun,Home (Original Mix),120.0,progressive house,rolling,progressive house 0.54; peak time techno 0.48; afro house 0.44; minimal techno 0.43,rolling 0.48; dark 0.38; driving 0.37; raw 0.36
Solomun,YesNoMaybe (Original Mix),120.0,progressive house,rolling,progressive house 0.58; afro house 0.52; peak time techno 0.50; deep house 0.50,rolling 0.51; dark 0.45; groovy 0.44; driving 0.43
Solomun,Living On,122.0,progressive house,rolling,progressive house 0.61; afro house 0.49; disco house 0.49; organic house 0.45,rolling 0.51; driving 0.45; groovy 0.44; dark 0.42
Solomun & Denis Sulta,Say Nothing (Original Mix),129.0,progressive house,rolling,progressive house 0.56; peak time techno 0.54; afro house 0.51; disco house 0.47,rolling 0.52; dark 0.44; percussive 0.43; driving 0.42
Soluna,Can't Help But Worry (Every Night Every Day),125.0,progressive house,rolling,progressive house 0.45; peak time techno 0.36; deep house 0.35; soulful house 0.35,rolling 0.44; raw 0.42; dark 0.39; driving 0.38
Somelee,Limba La,122.0,progressive house,rolling,progressive house 0.58; afro house 0.57; soulful house 0.56; melodic house 0.55,rolling 0.57; dreamy 0.47; groovy 0.47; uplifting 0.47
Somelee,Sansara,123.0,progressive house,dreamy,progressive house 0.53; soulful house 0.51; afro house 0.47; melodic house 0.47,dreamy 0.47; rolling 0.46; uplifting 0.45; driving 0.45
Sonicvibe & Yoni Yarchi,Anticipation,122.0,progressive house,rolling,progressive house 0.60; afro house 0.54; peak time techno 0.52; disco house 0.52,rolling 0.51; dark 0.44; driving 0.42; groovy 0.40
Soul Legend,SEX IS GOOD BUT HAVE U EVER,118.0,progressive house,groovy,progressive house 0.55; disco house 0.53; afro house 0.45; melodic house 0.42,groovy 0.48; driving 0.46; rolling 0.44; uplifting 0.39
Soul Legend,what i feel,122.0,progressive house,rolling,progressive house 0.49; afro house 0.42; disco house 0.42; electronica 0.37,rolling 0.38; groovy 0.36; driving 0.36; raw 0.35
Soul Legend,dancebaby (Extended Mix),121.0,progressive house,rolling,progressive house 0.52; disco house 0.45; afro house 0.43; breakbeat 0.38,rolling 0.43; raw 0.40; driving 0.40; percussive 0.36
Soul Wun,Searching,124.0,progressive house,rolling,progressive house 0.50; melodic house 0.47; afro house 0.45; disco house 0.45,rolling 0.45; dreamy 0.42; uplifting 0.41; raw 0.41
Soul Wun,Limitless - Jon Sable Remix,129.0,progressive house,groovy,progressive house 0.56; afro house 0.53; disco house 0.51; melodic house 0.49,groovy 0.47; rolling 0.46; uplifting 0.45; driving 0.44
Soul Wun,I Wish I Knew,120.3,progressive house,groovy,progressive house 0.51; disco house 0.47; afro house 0.42; melodic house 0.42,groovy 0.46; driving 0.46; raw 0.45; rolling 0.43
"Soul of Hex, More Lotion",Dimension Spell,120.0,progressive house,groovy,progressive house 0.63; afro house 0.57; disco house 0.56; organic house 0.55,groovy 0.47; rolling 0.47; driving 0.42; uplifting 0.39
SoulFlow,Deeper (Extended Mix),123.0,progressive house,raw,progressive house 0.47; melodic techno 0.41; electronica 0.41; soulful house 0.41,raw 0.46; dark 0.46; dreamy 0.45; driving 0.45
Souler (ES),Trumpet Out,128.0,progressive house,percussive,progressive house 0.56; tribal house 0.54; electronica 0.45; disco house 0.45,percussive 0.49; rolling 0.48; driving 0.42; groovy 0.40
Souler (ES),Jumble Sale,128.0,progressive house,rolling,progressive house 0.62; peak time techno 0.52; organic house 0.50; afro house 0.49,rolling 0.41; percussive 0.35; driving 0.30; groovy 0.29
Souler (ES),Do It,130.0,progressive house,rolling,progressive house 0.56; afro house 0.46; disco house 0.45; peak time techno 0.42,rolling 0.44; percussive 0.38; driving 0.34; groovy 0.34
Sound Patrol,Cruisin' With The Top Down,123.94,progressive house,rolling,progressive house 0.59; afro house 0.53; disco house 0.49; organic house 0.48,rolling 0.44; groovy 0.41; driving 0.35; uplifting 0.31
Sound Quelle,Kurma (Extended Mix),120.0,progressive house,rolling,progressive house 0.47; soulful house 0.47; melodic house 0.42; peak time techno 0.42,rolling 0.51; dark 0.45; uplifting 0.44; driving 0.44
Sound Support,That Song (Extended Version),130.0,progressive house,rolling,progressive house 0.55; disco house 0.51; afro house 0.48; melodic house 0.41,rolling 0.43; raw 0.38; groovy 0.37; uplifting 0.36
Soundstream,Makin' Love,119.99,progressive house,rolling,progressive house 0.57; disco house 0.50; melodic house 0.48; breakbeat 0.47,rolling 0.55; driving 0.54; groovy 0.51; dark 0.48
Space Motion,Baiana,122.0,progressive house,rolling,progressive house 0.42; tribal house 0.40; breakbeat 0.34; electronica 0.33,rolling 0.46; percussive 0.42; driving 0.36; dark 0.35
Space Motion & REVOL,Rico (Original Mix),124.0,progressive house,rolling,progressive house 0.50; afro house 0.43; peak time techno 0.42; disco house 0.40,rolling 0.46; percussive 0.44; driving 0.34; dark 0.33
"Space Motion, Kashovski",The Sun Can't Compare (Original Mix),124.0,progressive house,rolling,progressive house 0.54; peak time techno 0.49; afro house 0.46; breakbeat 0.45,rolling 0.53; driving 0.47; dark 0.46; uplifting 0.41
Spencer Brown x Ilan Bluestone,Austin (Original Mix),128.0,progressive house,rolling,progressive house 0.59; soulful house 0.58; peak time techno 0.53; minimal techno 0.53,rolling 0.63; dark 0.56; driving 0.51; uplifting 0.48
Stardust,Music Sounds Better With You,123.93,progressive house,driving,progressive house 0.54; disco house 0.49; electronica 0.45; afro house 0.43,driving 0.51; rolling 0.49; raw 0.47; dark 0.46
Stavroz,A Great Day To Fly A Kite,121.0,progressive house,rolling,progressive house 0.55; disco house 0.55; afro house 0.54; melodic house 0.51,rolling 0.56; groovy 0.54; percussive 0.48; driving 0.46
Stavroz,Gold Town,118.0,progressive house,rolling,progressive house 0.39; electronica 0.36; disco house 0.35; afro house 0.34,rolling 0.39; euphoric 0.36; driving 0.34; dark 0.32
Stefano Albanese,Sunlight Echoes,125.0,progressive house,rolling,progressive house 0.59; tribal house 0.46; afro house 0.45; disco house 0.44,rolling 0.43; dark 0.37; driving 0.34; raw 0.33
"Stephan Crown, EiZer G",Bouncing,126.0,progressive house,rolling,progressive house 0.63; disco house 0.54; afro house 0.52; deep house 0.51,rolling 0.49; groovy 0.41; dark 0.41; percussive 0.39
Stephan Jolk,No Phones,124.0,progressive house,rolling,progressive house 0.65; afro house 0.57; disco house 0.56; organic house 0.52,rolling 0.48; groovy 0.44; driving 0.41; dark 0.40
Stereo Underground,Above The Clouds (Original Mix),124.0,progressive house,percussive,progressive house 0.54; peak time techno 0.51; organic house 0.48; tribal house 0.46,percussive 0.60; rolling 0.50; driving 0.34; dark 0.32
Stereoclip,How To Listen To This Album,123.0,progressive house,rolling,progressive house 0.47; afro house 0.46; soulful house 0.44; melodic house 0.44,rolling 0.44; dark 0.41; uplifting 0.38; driving 0.38
Sterium,Little More,128.0,progressive house,rolling,progressive house 0.54; afro house 0.45; disco house 0.44; peak time techno 0.41,rolling 0.41; raw 0.34; driving 0.33; dark 0.32
Steve Bug & Cle,The Rave,125.0,progressive house,rolling,progressive house 0.60; afro house 0.54; peak time techno 0.49; disco house 0.47,rolling 0.47; percussive 0.35; groovy 0.34; dark 0.33
Steve Bug & Denney,Moments Later (Extended),126.0,progressive house,rolling,progressive house 0.61; afro house 0.52; disco house 0.50; peak time techno 0.49,rolling 0.49; dark 0.39; driving 0.39; groovy 0.38
Steve Bug & Hervé Solar,It's Personal,122.0,progressive house,rolling,progressive house 0.67; afro house 0.63; organic house 0.59; disco house 0.56,rolling 0.41; groovy 0.41; percussive 0.35; uplifting 0.28
Steve Lawler,K'Trip,126.0,progressive house,rolling,progressive house 0.52; peak time techno 0.43; afro house 0.39; disco house 0.35,rolling 0.36; dark 0.31; percussive 0.28; driving 0.26
Steve Lawler,K'Trip - Enzo Siragusa Remix,127.0,progressive house,rolling,progressive house 0.62; afro house 0.56; disco house 0.53; organic house 0.52,rolling 0.41; groovy 0.37; driving 0.33; dark 0.31
Stimming ft. Paulo Olarte,Una Pena (Original Mix),125.0,progressive house,percussive,progressive house 0.64; organic house 0.54; tribal house 0.53; disco house 0.53,percussive 0.48; rolling 0.48; groovy 0.41; driving 0.38
"Stryv, Malachiii, Adam Port",Positions (Extended Mix),122.0,progressive house,rolling,progressive house 0.49; afro house 0.42; tribal house 0.42; electronica 0.40,rolling 0.46; driving 0.40; uplifting 0.39; dark 0.37
"Stump Valley, Femmina",Non Dire Di No (Extended Version),124.0,progressive house,rolling,progressive house 0.55; disco house 0.42; afro house 0.41; breakbeat 0.40,rolling 0.48; percussive 0.44; driving 0.40; dark 0.38
"Subb-An, Luther Vine",Opti-Mystic,130.0,progressive house,rolling,progressive house 0.59; afro house 0.55; peak time techno 0.52; organic house 0.51,rolling 0.43; percussive 0.37; groovy 0.34; dark 0.30
"Subb-An, Luther Vine",The Zone,128.0,progressive house,rolling,progressive house 0.65; afro house 0.51; disco house 0.50; peak time techno 0.50,rolling 0.48; dark 0.35; percussive 0.35; groovy 0.35
Subb-an,What I Do (Burnski's Tulum Remix),125.0,progressive house,rolling,progressive house 0.54; afro house 0.48; disco house 0.46; organic house 0.42,rolling 0.41; groovy 0.37; driving 0.36; dark 0.34
Subb-an,Deep Inside (Subb-an's Workout Re-edit),128.0,progressive house,rolling,progressive house 0.52; afro house 0.50; melodic house 0.48; soulful house 0.46,rolling 0.45; groovy 0.43; uplifting 0.42; driving 0.40
Subb-an,Illusions,131.0,progressive house,rolling,progressive house 0.57; peak time techno 0.52; afro house 0.50; deep house 0.47,rolling 0.45; dark 0.38; driving 0.31; groovy 0.30
Subb-an,System,130.0,progressive house,rolling,progressive house 0.59; peak time techno 0.55; organic house 0.49; minimal techno 0.48,rolling 0.49; dark 0.40; driving 0.35; percussive 0.33
Subb-an,Warp,125.0,progressive house,rolling,progressive house 0.54; peak time techno 0.45; organic house 0.40; afro house 0.38,rolling 0.27; percussive 0.24; dark 0.16; driving 0.14
Subb-an feat. JEF K,Paris BeBe,125.0,progressive house,rolling,progressive house 0.66; afro house 0.57; tribal house 0.54; disco house 0.53,rolling 0.40; percussive 0.36; groovy 0.31; driving 0.28
Subb-an feat. Melle,Sunchaser,132.0,progressive house,rolling,progressive house 0.51; disco house 0.41; peak time techno 0.41; tech house 0.40,rolling 0.47; driving 0.43; dark 0.41; raw 0.39
"Subb-an, Daniel Paul",Night Rhythm,125.18,progressive house,rolling,progressive house 0.57; peak time techno 0.48; organic house 0.44; tech house 0.43,rolling 0.39; dark 0.30; driving 0.27; groovy 0.24
Sunil Sehgal,Electric Touch (Original Mix),126.0,progressive house,rolling,progressive house 0.56; disco house 0.49; afro house 0.46; breakbeat 0.44,rolling 0.48; driving 0.48; dark 0.43; groovy 0.42
Superchumbo,This Beat Is (Peace Division Deeper Mix),125.98,progressive house,rolling,progressive house 0.62; disco house 0.50; afro house 0.48; tribal house 0.46,rolling 0.43; driving 0.38; dark 0.37; groovy 0.36
Supermode,Tell Me Why,129.0,progressive house,rolling,progressive house 0.46; breakbeat 0.45; afro house 0.44; disco house 0.44,rolling 0.52; driving 0.51; uplifting 0.47; groovy 0.46
Supernova,Velvet Avenue,129.0,progressive house,rolling,progressive house 0.56; afro house 0.48; disco house 0.46; tribal house 0.43,rolling 0.46; percussive 0.42; driving 0.38; groovy 0.37
"Supernova, SLM",Zero Relation (feat. SLM) [Extended Mix],128.0,progressive house,rolling,progressive house 0.56; afro house 0.46; disco house 0.44; tribal house 0.42,rolling 0.38; percussive 0.32; driving 0.28; groovy 0.28
Supershy,If You Were My Girl,121.0,progressive house,rolling,progressive house 0.57; afro house 0.52; organic house 0.50; peak time techno 0.48,rolling 0.39; groovy 0.35; percussive 0.30; driving 0.29
Surrender Discipline,Function Two,124.0,progressive house,rolling,progressive house 0.60; afro house 0.56; peak time techno 0.52; organic house 0.52,rolling 0.46; groovy 0.36; dark 0.35; uplifting 0.33
Sushi.b,Ngikukhumbula,113.0,progressive house,rolling,progressive house 0.42; disco house 0.38; afro house 0.38; electronica 0.36,rolling 0.42; driving 0.39; groovy 0.38; uplifting 0.37
Sushi.b,Ngiyamethemba,112.0,progressive house,uplifting,progressive house 0.43; electronica 0.42; melodic house 0.42; breakbeat 0.42,uplifting 0.53; driving 0.53; rolling 0.51; groovy 0.49
Sushi.b,Umama,112.0,progressive house,rolling,progressive house 0.43; tribal house 0.40; afro house 0.40; disco house 0.36,rolling 0.40; percussive 0.35; raw 0.32; uplifting 0.32
Sushi.b,Picasso,112.0,progressive house,raw,progressive house 0.41; disco house 0.37; afro house 0.36; electronica 0.32,raw 0.37; rolling 0.37; percussive 0.37; driving 0.36
Sushi.b,Summertime,112.0,progressive house,percussive,progressive house 0.41; tribal house 0.39; disco house 0.36; afro house 0.34,percussive 0.46; rolling 0.38; driving 0.31; raw 0.31
Sweely,Techy (la) Sunrise,128.0,progressive house,rolling,progressive house 0.59; afro house 0.54; organic house 0.53; minimal techno 0.51,rolling 0.43; groovy 0.43; percussive 0.40; driving 0.34
Sweely,Time for Freakness,127.0,progressive house,groovy,progressive house 0.59; disco house 0.53; afro house 0.52; organic house 0.51,groovy 0.47; rolling 0.46; dark 0.38; driving 0.37
Swimming Paul,Vhs (Original Mix),128.0,progressive house,percussive,progressive house 0.48; disco house 0.39; afro house 0.37; tribal house 0.35,percussive 0.40; rolling 0.39; raw 0.36; driving 0.36
Swimming Paul,Holly,128.0,progressive house,rolling,progressive house 0.53; disco house 0.43; afro house 0.41; breakbeat 0.37,rolling 0.43; driving 0.41; raw 0.40; dark 0.37
Swimming Paul,Mutt,128.0,progressive house,rolling,progressive house 0.48; electronica 0.40; disco house 0.38; afro house 0.35,rolling 0.46; raw 0.45; driving 0.44; dark 0.40
"System 7, A Guy Called Gerald",PositiveNoise,126.0,progressive house,rolling,progressive house 0.52; afro house 0.43; peak time techno 0.43; disco house 0.42,rolling 0.45; driving 0.42; dark 0.39; groovy 0.37
Sébastien Léger,Lanarka,122.0,progressive house,rolling,progressive house 0.55; afro house 0.50; organic house 0.48; disco house 0.47,rolling 0.51; percussive 0.45; groovy 0.41; driving 0.41
Sébastien Léger,Ashes In The Wind (Original Mix),121.0,progressive house,rolling,progressive house 0.53; peak time techno 0.52; afro house 0.52; soulful house 0.48,rolling 0.49; driving 0.42; uplifting 0.42; dreamy 0.38
Sébastien Léger,Omira (Original Mix),122.0,progressive house,rolling,progressive house 0.49; electronica 0.46; disco house 0.44; breakbeat 0.43,rolling 0.50; driving 0.46; percussive 0.43; raw 0.42
Sébastien Léger,Extassy (Original Mix),122.0,progressive house,rolling,progressive house 0.55; afro house 0.51; disco house 0.48; tribal house 0.43,rolling 0.44; uplifting 0.37; percussive 0.37; driving 0.37
Sébastien Léger,Oracle (Arjuna Schiks remix),120.0,progressive house,rolling,progressive house 0.53; soulful house 0.47; afro house 0.46; peak time techno 0.46,rolling 0.52; driving 0.44; groovy 0.42; dark 0.41
Sébastien Léger & Lost Miracle,Uncloaked (Original Mix),122.0,progressive house,rolling,progressive house 0.61; peak time techno 0.53; afro house 0.52; disco house 0.46,rolling 0.46; dark 0.38; driving 0.35; groovy 0.33
"Sébastien Léger, Lost Miracle",Mistily,121.0,progressive house,percussive,progressive house 0.50; tribal house 0.50; afro house 0.45; peak time techno 0.43,percussive 0.53; rolling 0.38; dark 0.27; driving 0.27
"Sébastien Léger, Roy Rosenfeld, Lost Miracle",Guarana (Extended Mix),122.0,progressive house,rolling,progressive house 0.54; afro house 0.54; tribal house 0.49; disco house 0.47,rolling 0.51; percussive 0.47; groovy 0.39; uplifting 0.39
T.Markakis,Take Me Back (The Underground),124.0,progressive house,rolling,progressive house 0.53; afro house 0.50; soulful house 0.49; melodic house 0.49,rolling 0.51; driving 0.47; groovy 0.47; uplifting 0.45
T.Markakis,Move Your Body (Feel This),124.0,progressive house,rolling,progressive house 0.54; disco house 0.49; afro house 0.45; electronica 0.41,rolling 0.48; driving 0.44; raw 0.42; percussive 0.41
"T.Markakis, Blanco K",Havana Jazz (Extended Mix),122.0,progressive house,rolling,progressive house 0.55; afro house 0.55; melodic house 0.53; disco house 0.52,rolling 0.51; groovy 0.51; driving 0.42; uplifting 0.41
"T.U.R.F., Sondrio",Higher,127.0,progressive house,rolling,progressive house 0.61; afro house 0.51; tribal house 0.50; electronica 0.49,rolling 0.51; driving 0.44; dark 0.41; percussive 0.41
TH;EN,Back to the Funk,126.0,progressive house,rolling,progressive house 0.56; peak time techno 0.52; afro house 0.50; disco house 0.47,rolling 0.48; driving 0.37; dark 0.37; groovy 0.34
TMPLE,The Lake,124.0,progressive house,driving,progressive house 0.51; disco house 0.42; afro house 0.39; electronica 0.37,driving 0.44; rolling 0.42; groovy 0.41; dark 0.41
"TNGHT, Hudson Mohawke; Lunice",Higher Ground,162.16,progressive house,percussive,progressive house 0.47; breakbeat 0.45; peak time techno 0.42; tribal house 0.36,percussive 0.46; rolling 0.45; driving 0.38; dark 0.35
Taiki NuLight,Through Glass,126.0,progressive house,rolling,progressive house 0.52; afro house 0.48; disco house 0.45; peak time techno 0.40,rolling 0.41; driving 0.38; groovy 0.37; uplifting 0.36
"Taiki Nulight, Almek & RENNAN",Ruh (Taiki Nulight Afterhours Extended Mix),125.0,progressive house,rolling,progressive house 0.59; deep house 0.52; peak time techno 0.50; afro house 0.47,rolling 0.49; dark 0.44; driving 0.40; raw 0.37
Tal Fussman,Everybody,131.0,progressive house,rolling,progressive house 0.59; organic house 0.54; afro house 0.54; peak time techno 0.53,rolling 0.45; groovy 0.41; percussive 0.39; driving 0.35
Tal Fussman,Even Rome Wasn't Built In a Day,129.0,progressive house,rolling,progressive house 0.61; soulful house 0.58; peak time techno 0.57; tribal house 0.54,rolling 0.59; dark 0.50; driving 0.46; groovy 0.45
Tame Impala,Let It Happen - Soulwax Remix,124.99,progressive house,driving,progressive house 0.50; disco house 0.42; tribal house 0.38; afro house 0.37,driving 0.40; groovy 0.39; rolling 0.39; percussive 0.35
Tame Impala & JENNIE,Dracula (JENNIE Remix - Boys Noize Disko Version),124.0,progressive house,rolling,progressive house 0.44; breakbeat 0.41; electronica 0.41; peak time techno 0.35,rolling 0.49; driving 0.44; dark 0.43; percussive 0.42
Tantum & Hyunji-A,Keep My Letters (Simon Vuarambon Remix),122.0,progressive house,rolling,progressive house 0.55; peak time techno 0.52; afro house 0.51; soulful house 0.49,rolling 0.54; dark 0.45; driving 0.44; uplifting 0.43
Taron-Trekka,Segelboot,124.0,progressive house,rolling,progressive house 0.45; afro house 0.45; disco house 0.41; melodic house 0.38,rolling 0.37; raw 0.35; dreamy 0.33; uplifting 0.33
Taron-Trekka,Kopsallee,116.0,progressive house,groovy,progressive house 0.60; disco house 0.51; afro house 0.48; organic house 0.44,groovy 0.39; rolling 0.38; driving 0.36; raw 0.32
Taron-Trekka,Consoli,122.0,progressive house,rolling,progressive house 0.52; afro house 0.50; disco house 0.46; melodic house 0.39,rolling 0.38; groovy 0.35; uplifting 0.32; driving 0.31
Tartan,Sumo Shader,124.0,progressive house,rolling,progressive house 0.57; afro house 0.52; disco house 0.51; peak time techno 0.48,rolling 0.50; groovy 0.44; dark 0.42; driving 0.42
Tchami & NIIKO X SWAE,Waiting (Extended Mix) ,128.0,progressive house,rolling,progressive house 0.58; disco house 0.46; afro house 0.45; peak time techno 0.43,rolling 0.41; driving 0.36; percussive 0.36; dark 0.33
"Tchami, Malaa, Disco Lines",Nineteen 84 (Extended Version),128.0,progressive house,rolling,progressive house 0.54; breakbeat 0.48; soulful house 0.48; disco house 0.47,rolling 0.56; driving 0.50; dark 0.49; uplifting 0.45
"Technasia, Green Velvet",Suga (Extended Mix),125.0,progressive house,groovy,progressive house 0.54; disco house 0.51; afro house 0.48; organic house 0.38,groovy 0.41; rolling 0.39; driving 0.37; uplifting 0.36
Tee Mango,Come A Little Closer (Original Mix),118.0,progressive house,percussive,progressive house 0.44; disco house 0.42; afro house 0.39; electronica 0.37,percussive 0.41; rolling 0.40; raw 0.37; driving 0.36
"Tektonauts, Armandd G",La Luna (Latin Mix),123.0,progressive house,rolling,progressive house 0.53; peak time techno 0.47; breakbeat 0.45; afro house 0.45,rolling 0.49; percussive 0.43; driving 0.40; dark 0.40
Tell,Cool Bananas (Original Mix),115.3,progressive house,rolling,progressive house 0.57; afro house 0.53; tribal house 0.51; melodic house 0.49,rolling 0.53; groovy 0.46; driving 0.45; uplifting 0.43
Tell,Starry Night (Original Mix),119.0,progressive house,rolling,progressive house 0.56; disco house 0.48; afro house 0.48; soulful house 0.44,rolling 0.49; driving 0.47; uplifting 0.44; dark 0.41
Tell,I Lost 200€ In A Club (Original Mix),117.3,progressive house,uplifting,progressive house 0.45; afro house 0.40; disco house 0.40; melodic techno 0.40,uplifting 0.42; driving 0.42; raw 0.42; rolling 0.41
Tell,Y'all Feel That Honey (Paradise Mix),124.0,progressive house,rolling,progressive house 0.59; disco house 0.47; afro house 0.45; peak time techno 0.44,rolling 0.45; dark 0.43; driving 0.42; raw 0.38
Tenobi,The Sound That Shook The Ground (Original Mix),125.0,progressive house,percussive,progressive house 0.58; afro house 0.53; disco house 0.50; organic house 0.46,percussive 0.42; rolling 0.39; groovy 0.33; driving 0.30
Tenobi,The Game,123.0,progressive house,rolling,progressive house 0.49; soulful house 0.41; afro house 0.40; tribal house 0.40,rolling 0.46; driving 0.39; raw 0.38; uplifting 0.38
Tensnake,Fantasma,118.0,progressive house,rolling,progressive house 0.54; afro house 0.50; peak time techno 0.49; organic house 0.49,rolling 0.48; groovy 0.41; driving 0.41; uplifting 0.39
Tentendo,Give It Up,127.0,progressive house,rolling,progressive house 0.53; afro house 0.42; disco house 0.42; melodic house 0.40,rolling 0.42; driving 0.42; groovy 0.40; dark 0.40
Tentendo & Honey,Money ,126.0,progressive house,percussive,progressive house 0.51; disco house 0.46; organic house 0.46; afro house 0.46,percussive 0.45; rolling 0.45; raw 0.42; groovy 0.41
Teriyaki Boyz,Tokyo Drift (Fast & Furious),127.0,progressive house,percussive,progressive house 0.45; tribal house 0.42; breakbeat 0.34; disco house 0.34,percussive 0.55; rolling 0.39; driving 0.31; groovy 0.29
Terranova,Paris Is for Lovers (My Love) [feat. Tomas Høffding],123.0,progressive house,rolling,progressive house 0.59; peak time techno 0.51; afro house 0.48; minimal techno 0.48,rolling 0.44; dark 0.35; groovy 0.35; driving 0.33
Terry Lee Brown Jr.,Lost And Found (Steve Bug Found It Mix),126.94,progressive house,rolling,progressive house 0.54; afro house 0.53; disco house 0.51; melodic house 0.47,rolling 0.45; groovy 0.40; uplifting 0.36; driving 0.36
Tessela,Hackney Parrot (Sammy Virji's Hackney Pigeon Dub),136.0,progressive house,rolling,progressive house 0.55; peak time techno 0.44; afro house 0.40; disco house 0.40,rolling 0.42; percussive 0.35; driving 0.35; dark 0.32
Texture,Hit The Ground,122.0,progressive house,rolling,progressive house 0.53; afro house 0.42; disco house 0.42; soulful house 0.38,rolling 0.44; driving 0.41; dark 0.40; raw 0.39
The Bucketheads,The Bomb (These Sounds Fall Into My Mind),125.88,progressive house,driving,progressive house 0.52; disco house 0.45; breakbeat 0.44; tribal house 0.39,driving 0.47; rolling 0.43; groovy 0.43; dark 0.39
The Chemical Brothers,Wide Open feat. Beck (Kölsch Remix),125.0,progressive house,rolling,progressive house 0.49; breakbeat 0.46; soulful house 0.44; electronica 0.42,rolling 0.55; dark 0.55; driving 0.52; uplifting 0.49
The Chemical Brothers,Do It Again (Massano Extended Remix),126.0,progressive house,rolling,progressive house 0.52; peak time techno 0.41; breakbeat 0.41; disco house 0.39,rolling 0.47; dark 0.40; driving 0.39; percussive 0.39
The Chemical Brothers,Galvanize,103.99,progressive house,rolling,progressive house 0.48; breakbeat 0.48; disco house 0.44; afro house 0.36,rolling 0.45; driving 0.45; dark 0.44; groovy 0.40
The Groovers,Here's To You Mr. Robinson (Original Mix),118.0,progressive house,rolling,progressive house 0.58; afro house 0.52; disco house 0.49; melodic house 0.48,rolling 0.48; groovy 0.46; uplifting 0.44; driving 0.43
The Jungle Giants,Feel the Way I Do (Northeast Party House Remix),126.0,progressive house,rolling,progressive house 0.59; afro house 0.52; disco house 0.51; electronica 0.45,rolling 0.48; driving 0.43; groovy 0.42; uplifting 0.42
The Mauskovic Dance Band,Ventura Phase,133.33,progressive house,rolling,progressive house 0.58; disco house 0.50; tribal house 0.46; afro house 0.45,rolling 0.39; percussive 0.39; groovy 0.36; driving 0.32
The Realm,This Is Not A Breakdown (Original Mix),131.01,progressive house,rolling,progressive house 0.64; tribal house 0.49; afro house 0.49; disco house 0.48,rolling 0.46; percussive 0.42; driving 0.40; dark 0.39
The Trip,Fantazia,130.0,progressive house,rolling,progressive house 0.56; afro house 0.51; disco house 0.50; peak time techno 0.45,rolling 0.50; groovy 0.42; percussive 0.42; driving 0.40
The Trip,For the Record,130.0,progressive house,rolling,progressive house 0.56; afro house 0.56; peak time techno 0.50; disco house 0.49,rolling 0.42; percussive 0.38; groovy 0.36; driving 0.29
Tiffy Vera,Be With You (Original Mix),126.0,progressive house,percussive,progressive house 0.54; disco house 0.51; tribal house 0.50; afro house 0.47,percussive 0.52; rolling 0.50; driving 0.43; groovy 0.43
"Tiffy Vera, Nico Bernardini",Like That,126.0,progressive house,rolling,progressive house 0.53; afro house 0.50; disco house 0.47; melodic house 0.45,rolling 0.53; groovy 0.42; driving 0.41; dark 0.40
Tiga,Mind Dimension 2 (Original Mix),124.98,progressive house,rolling,progressive house 0.42; peak time techno 0.41; breakbeat 0.40; deep house 0.39,rolling 0.37; dark 0.35; driving 0.33; raw 0.32
"Tiga, Audion",Let's Go Dancing (Solomun Remix),125.0,progressive house,rolling,progressive house 0.48; organic house 0.45; peak time techno 0.44; afro house 0.43,rolling 0.48; groovy 0.45; percussive 0.42; driving 0.41
Tiger Stripes,A Dance,125.0,progressive house,rolling,progressive house 0.59; afro house 0.49; disco house 0.49; organic house 0.43,rolling 0.46; percussive 0.43; groovy 0.39; driving 0.39
Tiger Stripes,Infant House (Original Mix),126.0,progressive house,rolling,progressive house 0.57; afro house 0.51; disco house 0.50; tech house 0.42,rolling 0.43; groovy 0.37; driving 0.36; raw 0.36
Tiger Stripes,Bang (MNTL Remix),125.0,progressive house,rolling,progressive house 0.58; peak time techno 0.53; organic house 0.44; deep house 0.43,rolling 0.47; dark 0.43; percussive 0.38; driving 0.38
Tiger Stripes,All Night Long (Extended),125.0,progressive house,driving,progressive house 0.50; disco house 0.41; afro house 0.37; breakbeat 0.36,driving 0.44; dark 0.42; rolling 0.40; raw 0.40
Tiger Stripes,Until the Early Light,128.0,progressive house,dark,progressive house 0.43; peak time techno 0.42; electronica 0.36; breakbeat 0.35,dark 0.40; rolling 0.38; raw 0.36; driving 0.36
Tiger Stripes,After Dark (Extended Mix),125.0,progressive house,rolling,progressive house 0.58; afro house 0.53; disco house 0.51; melodic house 0.44,rolling 0.45; groovy 0.43; driving 0.41; uplifting 0.40
Tiger Stripes,Detroit,126.0,progressive house,rolling,progressive house 0.66; afro house 0.55; disco house 0.53; peak time techno 0.51,rolling 0.54; driving 0.44; dark 0.42; groovy 0.41
Tiger Stripes,A Tiger Never Loses it's Stripes,125.0,progressive house,rolling,progressive house 0.50; disco house 0.46; afro house 0.45; breakbeat 0.40,rolling 0.43; driving 0.41; groovy 0.40; uplifting 0.40
Till Krüger,Deciduous (Oliver Schories Extended Remix),122.0,progressive house,rolling,progressive house 0.50; soulful house 0.47; afro house 0.46; melodic house 0.46,rolling 0.50; uplifting 0.45; dark 0.44; driving 0.43
"Tim DeLuxe feat. Frank Simon, Simon Franks",Let The Beats Roll (feat. Simon Frank),129.0,progressive house,percussive,progressive house 0.51; peak time techno 0.48; breakbeat 0.39; electronica 0.39,percussive 0.46; rolling 0.43; raw 0.36; dark 0.35
Tim Deluxe,JAS,126.34,progressive house,rolling,progressive house 0.52; disco house 0.45; breakbeat 0.43; afro house 0.41,rolling 0.49; driving 0.46; groovy 0.43; dark 0.41
Tim Deluxe feat. Sam Obernik,It Just Won't Do,130.0,progressive house,rolling,progressive house 0.45; breakbeat 0.44; peak time techno 0.37; electronica 0.37,rolling 0.50; dark 0.47; percussive 0.46; driving 0.45
Tim Green,You Look Good,123.0,progressive house,rolling,progressive house 0.56; afro house 0.51; disco house 0.46; tribal house 0.46,rolling 0.45; uplifting 0.41; driving 0.40; percussive 0.39
Tim Green,Tears (Original Mix),121.0,progressive house,rolling,progressive house 0.54; afro house 0.50; peak time techno 0.49; soulful house 0.48,rolling 0.51; driving 0.47; groovy 0.45; uplifting 0.43
Tim Hox,Ebrius (I'm gonna get f***ed up tonight),128.0,progressive house,rolling,progressive house 0.59; peak time techno 0.54; soulful house 0.49; minimal techno 0.48,rolling 0.60; dark 0.50; driving 0.47; uplifting 0.41
Tino,Let's Dance,126.0,progressive house,percussive,progressive house 0.55; afro house 0.51; peak time techno 0.45; organic house 0.44,percussive 0.43; rolling 0.35; groovy 0.26; raw 0.20
Tinush,Struggle (Franky Rizardo Sunset Remix),126.0,progressive house,rolling,progressive house 0.44; electronica 0.42; disco house 0.38; afro house 0.37,rolling 0.44; driving 0.43; raw 0.42; uplifting 0.41
Tito Puente,Oye Como Va (Simon Fava & Yvvan Back Extended Mix),125.0,progressive house,rolling,progressive house 0.58; afro house 0.45; tribal house 0.45; peak time techno 0.45,rolling 0.44; percussive 0.38; driving 0.36; dark 0.34
Tobiahs,Lifetime,135.0,progressive house,rolling,progressive house 0.54; afro house 0.42; disco house 0.42; soulful house 0.42,rolling 0.49; raw 0.41; driving 0.41; dark 0.40
Toby Kahler,Hey You,127.0,progressive house,rolling,progressive house 0.58; afro house 0.52; peak time techno 0.50; disco house 0.49,rolling 0.44; groovy 0.34; dark 0.34; driving 0.32
Todd Terje,Inspector Norse (Original Mix),119.98,progressive house,rolling,progressive house 0.55; afro house 0.54; disco house 0.50; peak time techno 0.45,rolling 0.45; groovy 0.34; driving 0.32; percussive 0.31
Todd Terje,Snooze 4 Love (Dixon Remix),120.0,progressive house,rolling,progressive house 0.50; afro house 0.49; organic house 0.41; minimal techno 0.41,rolling 0.41; groovy 0.34; percussive 0.32; uplifting 0.31
Todd Terje,Inspector Norse (Westend Edit),127.0,progressive house,rolling,progressive house 0.53; afro house 0.52; disco house 0.48; peak time techno 0.42,rolling 0.43; groovy 0.33; driving 0.32; uplifting 0.31
Toka Project,Back To My Loops,125.0,progressive house,groovy,progressive house 0.60; afro house 0.55; disco house 0.53; organic house 0.51,groovy 0.52; rolling 0.46; driving 0.41; uplifting 0.40
Tom Jarmey ft. MarBlu,Caverns (Original Mix),120.0,progressive house,rolling,progressive house 0.47; electronica 0.46; melodic house 0.45; tribal house 0.43,rolling 0.49; driving 0.45; dreamy 0.44; groovy 0.44
Toman,Verano En NY (Original Mix),126.0,progressive house,rolling,progressive house 0.59; tribal house 0.50; afro house 0.47; disco house 0.45,rolling 0.45; percussive 0.39; driving 0.32; dark 0.30
Tommy Richman,Million Dollar Baby,138.0,progressive house,rolling,progressive house 0.47; disco house 0.44; breakbeat 0.42; afro house 0.40,rolling 0.40; driving 0.39; raw 0.37; groovy 0.37
Tommy Vercetti,Pressure Drop (Original Mix)   ,124.0,progressive house,rolling,progressive house 0.51; peak time techno 0.48; afro house 0.41; tech house 0.40,rolling 0.40; dark 0.32; percussive 0.29; driving 0.29
Tomoki Tamura,Taiyo Mo Nai,125.0,progressive house,rolling,progressive house 0.57; organic house 0.45; tech house 0.43; tribal house 0.43,rolling 0.43; dark 0.35; driving 0.34; raw 0.33
Tomàn,Dolce Far Niente,134.0,progressive house,rolling,progressive house 0.53; peak time techno 0.48; afro house 0.42; organic house 0.41,rolling 0.42; dark 0.34; driving 0.34; groovy 0.30
Toomy Disco,The Awakening (Dilby Remix),125.0,progressive house,rolling,progressive house 0.55; peak time techno 0.51; breakbeat 0.48; afro house 0.47,rolling 0.54; dark 0.47; driving 0.45; groovy 0.39
Toomy Disco,Chances,126.0,progressive house,rolling,progressive house 0.51; disco house 0.43; afro house 0.41; tribal house 0.38,rolling 0.47; driving 0.40; dark 0.39; uplifting 0.38
Topazz,New Millenium,128.72,progressive house,percussive,progressive house 0.54; disco house 0.49; afro house 0.46; tribal house 0.43,percussive 0.45; rolling 0.45; groovy 0.40; driving 0.39
Touchtalk,Change It (Westend Edit),127.0,progressive house,rolling,progressive house 0.53; peak time techno 0.52; breakbeat 0.51; disco house 0.50,rolling 0.50; driving 0.44; percussive 0.42; dark 0.42
Tour-Maubourg,Floating on Silence,123.0,progressive house,driving,progressive house 0.51; disco house 0.44; electronica 0.43; afro house 0.43,driving 0.46; rolling 0.46; groovy 0.43; dreamy 0.43
Tour-Maubourg,Allégresse,124.0,progressive house,rolling,progressive house 0.46; melodic house 0.43; afro house 0.41; electronica 0.41,rolling 0.48; driving 0.46; groovy 0.45; dreamy 0.42
Tour-Maubourg,La Plainte d'Aurore,121.5,progressive house,rolling,progressive house 0.47; melodic house 0.45; soulful house 0.44; melodic techno 0.43,rolling 0.47; dreamy 0.45; driving 0.43; uplifting 0.41
Tourdefrance,Solou,123.0,progressive house,raw,progressive house 0.45; disco house 0.43; afro house 0.41; electronica 0.39,raw 0.46; rolling 0.41; groovy 0.38; percussive 0.37
Toyzz,ASI (Extended Mix),126.0,progressive house,rolling,progressive house 0.62; afro house 0.52; disco house 0.51; peak time techno 0.50,rolling 0.47; driving 0.40; percussive 0.40; groovy 0.36
Toyzz,Toro,126.0,progressive house,rolling,progressive house 0.61; peak time techno 0.53; afro house 0.50; organic house 0.49,rolling 0.43; percussive 0.39; dark 0.34; groovy 0.34
"Trace, Liquid Rose","Bitch, Don't Kill My Vibe (Extended Mix)",128.0,progressive house,rolling,progressive house 0.59; afro house 0.54; disco house 0.51; organic house 0.49,rolling 0.45; percussive 0.41; groovy 0.38; driving 0.34
Trallez,Ladies & Gentlemen (Extended Mix),128.0,progressive house,rolling,progressive house 0.54; tribal house 0.46; peak time techno 0.43; afro house 0.41,rolling 0.41; percussive 0.41; dark 0.34; driving 0.33
Trallez,Allez La (Original Mix),130.0,progressive house,rolling,progressive house 0.59; peak time techno 0.54; organic house 0.50; tribal house 0.48,rolling 0.38; percussive 0.38; dark 0.32; driving 0.31
Traumer,Luxuria,125.0,progressive house,groovy,progressive house 0.67; organic house 0.62; afro house 0.61; disco house 0.59,groovy 0.52; rolling 0.52; driving 0.41; dark 0.40
Traumer,District (Original Mix),128.0,progressive house,rolling,progressive house 0.62; afro house 0.57; disco house 0.55; organic house 0.51,rolling 0.45; groovy 0.40; driving 0.35; dark 0.34
Traumer,Cyclo,126.0,progressive house,rolling,progressive house 0.58; peak time techno 0.43; tribal house 0.41; afro house 0.41,rolling 0.47; percussive 0.41; dark 0.40; driving 0.39
Traumer & Anton pres. antraum,Ju (Traumer Sunset Mix),127.0,progressive house,groovy,progressive house 0.60; afro house 0.52; disco house 0.51; organic house 0.46,groovy 0.47; rolling 0.46; driving 0.44; dark 0.42
Traumer & Anton pres. antraum,Mata,127.0,progressive house,rolling,progressive house 0.60; afro house 0.57; disco house 0.53; deep house 0.51,rolling 0.47; groovy 0.46; uplifting 0.40; driving 0.39
Travis Emmons,Redbone (Kevin McKay Extended Remix),122.0,progressive house,groovy,progressive house 0.54; afro house 0.52; disco house 0.51; melodic house 0.38,groovy 0.42; rolling 0.40; driving 0.37; uplifting 0.36
Traya,for the clique,136.0,progressive house,percussive,progressive house 0.54; disco house 0.47; afro house 0.47; organic house 0.44,percussive 0.42; rolling 0.40; raw 0.38; groovy 0.38
Tresor & Sofiya Nzau,Wale Wale (Extended Mix),118.0,progressive house,percussive,progressive house 0.47; electronica 0.45; afro house 0.44; organic house 0.43,percussive 0.52; rolling 0.50; raw 0.41; driving 0.40
Trilucid,Cheyenne,123.0,progressive house,rolling,progressive house 0.54; soulful house 0.52; melodic house 0.50; afro house 0.50,rolling 0.54; driving 0.48; groovy 0.45; uplifting 0.45
Trilucid,Take Me Higher (Extended Mix),124.0,progressive house,rolling,progressive house 0.58; afro house 0.51; peak time techno 0.50; disco house 0.46,rolling 0.49; dark 0.39; driving 0.38; groovy 0.38
Tube & Berger,Bierchen (Extended Mix),123.0,progressive house,percussive,progressive house 0.54; afro house 0.49; disco house 0.49; organic house 0.44,percussive 0.44; rolling 0.44; groovy 0.34; driving 0.30
Tuccillo,Street Jungle,125.0,progressive house,rolling,progressive house 0.61; disco house 0.58; afro house 0.51; organic house 0.47,rolling 0.47; groovy 0.46; dark 0.41; driving 0.40
Tuccillo,One More,127.0,progressive house,rolling,progressive house 0.56; afro house 0.48; disco house 0.45; organic house 0.44,rolling 0.39; groovy 0.35; percussive 0.33; driving 0.31
Tuccillo,Time (Original Mix),123.0,progressive house,percussive,progressive house 0.58; afro house 0.48; disco house 0.47; organic house 0.40,percussive 0.42; rolling 0.36; groovy 0.30; driving 0.28
Tuccillo & The Checkup,Aguas Congas (Reboots Extrapicante Rework),128.0,progressive house,rolling,progressive house 0.58; peak time techno 0.54; afro house 0.48; disco house 0.48,rolling 0.54; percussive 0.46; dark 0.43; driving 0.41
Tuccillo & The Checkup,Aguas Congas (Extended Mix),126.0,progressive house,rolling,progressive house 0.62; organic house 0.50; afro house 0.49; tribal house 0.48,rolling 0.38; percussive 0.34; groovy 0.27; dark 0.22
Tuccillo feat. Patty Pravo,Bambola,122.0,progressive house,rolling,progressive house 0.55; breakbeat 0.44; disco house 0.42; afro house 0.39,rolling 0.48; driving 0.46; groovy 0.42; dark 0.42
Tuff London; Ben Remember,Save My Soul (Original Mix),124.0,progressive house,rolling,progressive house 0.50; peak time techno 0.39; tribal house 0.35; soulful house 0.34,rolling 0.42; dark 0.42; driving 0.38; raw 0.35
Twin Diplomacy & it's murph,Breathing,124.0,progressive house,rolling,progressive house 0.60; afro house 0.50; disco house 0.49; organic house 0.48,rolling 0.45; dark 0.38; groovy 0.38; driving 0.37
Twin State,Pedro Mexi,124.0,progressive house,rolling,progressive house 0.62; peak time techno 0.58; tech house 0.55; organic house 0.54,rolling 0.51; dark 0.39; groovy 0.39; driving 0.36
Twin State,Sueto,124.0,progressive house,rolling,progressive house 0.58; peak time techno 0.51; breakbeat 0.46; afro house 0.43,rolling 0.55; dark 0.49; driving 0.43; groovy 0.37
Two Rhodes,House Music All Night Long (Original Mix),125.0,progressive house,percussive,progressive house 0.57; peak time techno 0.44; afro house 0.44; organic house 0.40,percussive 0.38; rolling 0.36; dark 0.30; driving 0.28
"TwoForAll, Mont Rouge",Back Then,124.0,progressive house,rolling,progressive house 0.54; afro house 0.48; peak time techno 0.44; disco house 0.42,rolling 0.43; driving 0.36; groovy 0.35; percussive 0.34
Tête De La Course & Mandy Jones,True,123.0,progressive house,rolling,progressive house 0.50; disco house 0.45; afro house 0.42; electronica 0.39,rolling 0.46; raw 0.44; driving 0.44; uplifting 0.41
UN*DEUX,Namaste Senorita,125.0,progressive house,rolling,progressive house 0.57; afro house 0.53; disco house 0.51; melodic house 0.44,rolling 0.43; groovy 0.42; uplifting 0.41; driving 0.40
UNKNOWN ARTIST,UNTITLED (MYEDITS001),129.79,progressive house,rolling,progressive house 0.64; disco house 0.55; afro house 0.55; organic house 0.52,rolling 0.44; percussive 0.39; groovy 0.37; driving 0.33
Uffie feat. Pharrell Williams,ADD SUV,124.98,progressive house,driving,progressive house 0.52; breakbeat 0.45; disco house 0.45; tribal house 0.42,driving 0.46; rolling 0.44; percussive 0.43; dark 0.41
Ugo Banchi,Dance With Ibiza (Umberto Balzanelli & Dinaro Re-Edit),125.0,progressive house,rolling,progressive house 0.48; peak time techno 0.47; breakbeat 0.42; afro house 0.42,rolling 0.44; percussive 0.38; driving 0.34; dark 0.34
Umami,Really really spacey ,123.0,progressive house,driving,progressive house 0.52; disco house 0.50; afro house 0.43; electronica 0.39,driving 0.44; groovy 0.44; raw 0.42; uplifting 0.41
Unknown T,Goodums (Sammy Virji Remix),138.0,progressive house,rolling,progressive house 0.49; afro house 0.39; disco house 0.38; peak time techno 0.34,rolling 0.37; percussive 0.35; driving 0.31; raw 0.29
Unus Emre,False Hope (Original Mix),126.0,progressive house,rolling,progressive house 0.60; afro house 0.54; peak time techno 0.49; organic house 0.49,rolling 0.48; groovy 0.40; driving 0.40; dark 0.38
Unus Emre,Laf (Original Mix),123.0,progressive house,groovy,progressive house 0.59; afro house 0.55; disco house 0.53; deep house 0.52,groovy 0.46; rolling 0.45; dark 0.41; uplifting 0.41
Unus Emre,Endless,126.0,progressive house,rolling,progressive house 0.61; afro house 0.58; peak time techno 0.54; minimal techno 0.53,rolling 0.49; groovy 0.42; dark 0.39; uplifting 0.37
Unus Emre,Make Me Feel (Kirby Mix),125.0,progressive house,rolling,progressive house 0.54; afro house 0.43; disco house 0.43; peak time techno 0.40,rolling 0.42; driving 0.41; groovy 0.40; dark 0.38
Unus Emre,J'Adore (Original Mix),123.0,progressive house,driving,progressive house 0.51; disco house 0.42; afro house 0.41; soulful house 0.40,driving 0.45; rolling 0.43; raw 0.42; groovy 0.42
"Unus Emre, Dennis Cruz",Listen Up!,123.0,progressive house,rolling,progressive house 0.59; peak time techno 0.46; organic house 0.43; disco house 0.43,rolling 0.44; driving 0.38; dark 0.36; groovy 0.34
Upercent,Da Warrior,128.0,progressive house,rolling,progressive house 0.58; peak time techno 0.50; breakbeat 0.45; disco house 0.43,rolling 0.46; dark 0.42; percussive 0.41; driving 0.36
Urulu,Tochigi Descent,125.0,progressive house,rolling,progressive house 0.54; afro house 0.54; tribal house 0.50; organic house 0.49,rolling 0.40; percussive 0.36; groovy 0.34; uplifting 0.31
Urulu,Night Tube,124.01,progressive house,driving,progressive house 0.48; peak time techno 0.42; melodic techno 0.42; breakbeat 0.41,driving 0.47; rolling 0.47; dark 0.44; raw 0.39
Urulu,Flight Pattern,125.0,progressive house,rolling,progressive house 0.60; organic house 0.49; disco house 0.47; afro house 0.46,rolling 0.38; groovy 0.35; percussive 0.34; driving 0.32
V.I.C.A.R.I.,Pascià,124.0,progressive house,groovy,progressive house 0.64; afro house 0.56; disco house 0.55; organic house 0.50,groovy 0.52; rolling 0.52; dark 0.44; driving 0.44
VANROY,Get That Beat,129.0,progressive house,rolling,progressive house 0.64; afro house 0.55; peak time techno 0.52; organic house 0.52,rolling 0.41; groovy 0.35; driving 0.32; dark 0.31
VENGA,Shake It (Extended Mix),130.0,progressive house,percussive,progressive house 0.45; peak time techno 0.42; breakbeat 0.42; tribal house 0.35,percussive 0.40; rolling 0.40; driving 0.34; dark 0.29
Valdovinos,Memories from Montmartre ,122.0,progressive house,rolling,progressive house 0.56; peak time techno 0.56; melodic techno 0.53; minimal techno 0.51,rolling 0.58; dark 0.49; driving 0.47; groovy 0.44
"Vander, Ramiro Rossotti, Fiin",Lola feat. Miluhska (Extended Mix),120.0,progressive house,rolling,progressive house 0.49; electronica 0.41; disco house 0.40; peak time techno 0.39,rolling 0.46; driving 0.46; raw 0.45; dark 0.43
Vaudafunk,Plage Privée,123.0,progressive house,rolling,progressive house 0.58; peak time techno 0.51; tech house 0.49; organic house 0.48,rolling 0.47; percussive 0.45; driving 0.40; raw 0.39
Veitengruber,Gimme Some Muah,126.0,progressive house,rolling,progressive house 0.62; afro house 0.51; disco house 0.48; organic house 0.44,rolling 0.38; percussive 0.29; raw 0.28; groovy 0.28
Vent,NOIT,126.0,progressive house,rolling,progressive house 0.59; disco house 0.50; afro house 0.48; organic house 0.42,rolling 0.40; percussive 0.39; groovy 0.34; driving 0.32
Verb,Yu Feel,124.0,progressive house,rolling,progressive house 0.53; afro house 0.44; disco house 0.42; deep house 0.40,rolling 0.45; dark 0.39; raw 0.39; driving 0.38
Versus,1988,125.0,progressive house,rolling,progressive house 0.65; afro house 0.58; disco house 0.57; peak time techno 0.56,rolling 0.50; groovy 0.44; percussive 0.42; dark 0.42
Versus,Red Light (Original Mix),127.0,progressive house,rolling,progressive house 0.56; disco house 0.50; afro house 0.49; organic house 0.45,rolling 0.46; percussive 0.42; groovy 0.40; driving 0.40
"Versus, Dissolut",Get Naked (Original Mix),125.0,progressive house,rolling,progressive house 0.60; disco house 0.49; peak time techno 0.47; afro house 0.47,rolling 0.46; dark 0.42; groovy 0.38; driving 0.38
"Versus, Dissolut",Demented,127.0,progressive house,rolling,progressive house 0.61; peak time techno 0.59; afro house 0.55; tech house 0.53,rolling 0.46; dark 0.39; groovy 0.38; driving 0.38
"Versus, Dissolut",Unanswered Call,125.0,progressive house,rolling,progressive house 0.59; afro house 0.54; peak time techno 0.53; disco house 0.51,rolling 0.38; groovy 0.36; percussive 0.36; driving 0.31
"Versus, Dissolut",Robitobi,127.0,progressive house,rolling,progressive house 0.56; peak time techno 0.53; organic house 0.48; afro house 0.46,rolling 0.35; percussive 0.32; groovy 0.26; driving 0.25
Vertigini,I Need U,123.0,progressive house,rolling,progressive house 0.50; afro house 0.42; disco house 0.41; peak time techno 0.38,rolling 0.39; percussive 0.36; driving 0.34; raw 0.31
Vertigini,The Shrimps (Original Mix),122.0,progressive house,percussive,progressive house 0.53; disco house 0.48; afro house 0.47; tribal house 0.39,percussive 0.44; rolling 0.43; raw 0.39; driving 0.38
Vertigini,Back Again,117.0,progressive house,rolling,progressive house 0.59; disco house 0.57; afro house 0.53; tribal house 0.48,rolling 0.44; groovy 0.43; percussive 0.40; driving 0.39
Vertigini,The Shrimps (Sebb Junior Remix),124.0,progressive house,rolling,progressive house 0.61; disco house 0.49; afro house 0.49; peak time techno 0.44,rolling 0.43; driving 0.37; raw 0.36; dark 0.35
Vhyce,Be the Same,123.0,progressive house,rolling,progressive house 0.52; afro house 0.50; disco house 0.47; melodic house 0.43,rolling 0.45; uplifting 0.44; driving 0.41; dark 0.38
Victor Alc,Sudamérica (Extended Mix),120.0,progressive house,rolling,progressive house 0.55; tribal house 0.45; afro house 0.44; disco house 0.41,rolling 0.42; percussive 0.38; raw 0.35; driving 0.33
Vince LaSalle,Pass the Rennies,140.0,progressive house,rolling,progressive house 0.57; peak time techno 0.55; afro house 0.52; disco house 0.51,rolling 0.52; driving 0.44; dark 0.44; groovy 0.43
Vinny Terranova,Let's Go People (HP Vince House Remix),126.0,progressive house,rolling,progressive house 0.57; disco house 0.50; afro house 0.47; tribal house 0.40,rolling 0.43; driving 0.40; groovy 0.39; percussive 0.36
"Vintage Culture, Maverick Sabre & Tom Breu",Weak (Marco Lys Remix),128.0,progressive house,rolling,progressive house 0.61; afro house 0.44; disco house 0.44; peak time techno 0.42,rolling 0.44; dark 0.39; driving 0.39; groovy 0.36
"Vlada Asanin, Joe Red",Losing You (Original Mix),125.62,progressive house,rolling,progressive house 0.56; afro house 0.45; disco house 0.43; tribal house 0.43,rolling 0.42; percussive 0.42; driving 0.34; groovy 0.34
Volen Sentir,The Great Escape (Original Mix),122.0,progressive house,driving,progressive house 0.53; soulful house 0.50; melodic house 0.48; electronica 0.48,driving 0.56; uplifting 0.53; dark 0.52; dreamy 0.52
Volen Sentir,Arrival (Original Mix),123.0,progressive house,rolling,progressive house 0.49; soulful house 0.48; melodic house 0.47; melodic techno 0.45,rolling 0.49; driving 0.47; dreamy 0.46; dark 0.45
Volkoder,Cama Cama,123.0,progressive house,rolling,progressive house 0.56; afro house 0.50; tech house 0.45; disco house 0.44,rolling 0.38; groovy 0.34; dark 0.34; uplifting 0.34
Volkoder,All Night Long,128.0,progressive house,rolling,progressive house 0.59; peak time techno 0.54; afro house 0.51; tech house 0.48,rolling 0.46; dark 0.38; groovy 0.38; driving 0.35
Volkoder,The Stop (Original Mix),126.0,progressive house,rolling,progressive house 0.53; peak time techno 0.50; afro house 0.47; minimal techno 0.45,rolling 0.45; dark 0.39; driving 0.36; groovy 0.34
Vrdnyn,Shoreditch,132.0,progressive house,rolling,progressive house 0.56; afro house 0.52; disco house 0.51; deep house 0.45,rolling 0.47; groovy 0.41; driving 0.41; dark 0.39
WEIRD.,Bagsy (Original Mix),130.0,progressive house,percussive,progressive house 0.59; afro house 0.46; peak time techno 0.46; tribal house 0.44,percussive 0.39; rolling 0.36; raw 0.28; groovy 0.26
War,Low Rider (Kyle Watson Extended Remix),129.0,progressive house,rolling,progressive house 0.56; disco house 0.53; afro house 0.51; breakbeat 0.45,rolling 0.47; percussive 0.46; groovy 0.42; driving 0.39
Warung,Melah,126.0,progressive house,rolling,progressive house 0.56; soulful house 0.50; afro house 0.48; melodic house 0.46,rolling 0.51; dark 0.45; driving 0.45; uplifting 0.45
Way Out West,Tuesday Maybe (Guy J Remix),123.0,progressive house,rolling,progressive house 0.49; afro house 0.47; soulful house 0.46; melodic house 0.45,rolling 0.53; dark 0.40; driving 0.39; warm 0.39
Weast,Werden,121.48,progressive house,rolling,progressive house 0.64; afro house 0.62; disco house 0.57; organic house 0.53,rolling 0.42; groovy 0.42; uplifting 0.30; driving 0.30
Weast,Disengage,124.04,progressive house,rolling,progressive house 0.54; afro house 0.48; organic house 0.47; melodic house 0.45,rolling 0.39; groovy 0.37; dreamy 0.34; driving 0.34
WestBam and Nena,"Oldschool, Baby (Piano Mix)",125.72,progressive house,rolling,progressive house 0.50; disco house 0.50; afro house 0.45; melodic house 0.41,rolling 0.47; groovy 0.45; driving 0.41; raw 0.40
Westseven feat. Angus Powell,Go Right Through,121.0,progressive house,rolling,progressive house 0.48; soulful house 0.45; melodic techno 0.44; deep house 0.41,rolling 0.48; dark 0.47; driving 0.47; uplifting 0.47
Wh0,Escalator,128.0,progressive house,rolling,progressive house 0.47; peak time techno 0.47; breakbeat 0.42; afro house 0.38,rolling 0.44; percussive 0.39; dark 0.33; driving 0.30
Wh0 & CASSIMM,Samba,127.0,progressive house,rolling,progressive house 0.51; peak time techno 0.49; breakbeat 0.41; afro house 0.39,rolling 0.48; dark 0.42; percussive 0.41; driving 0.39
Wh0 & Kideko,Soul Searcher (Extended Mix),125.0,progressive house,rolling,progressive house 0.50; disco house 0.42; afro house 0.39; electronica 0.37,rolling 0.43; driving 0.41; percussive 0.40; raw 0.40
Whirlpool Productions,From: Disco To: Disco,125.0,progressive house,percussive,progressive house 0.47; tribal house 0.46; disco house 0.45; afro house 0.43,percussive 0.43; rolling 0.39; groovy 0.36; driving 0.34
Whirlpool Productions,De Groove You Spezial,125.0,progressive house,percussive,progressive house 0.54; disco house 0.50; afro house 0.47; organic house 0.45,percussive 0.51; rolling 0.46; groovy 0.37; raw 0.36
Whirlpool Productions,Valley of the Muzik,127.66,progressive house,percussive,progressive house 0.61; disco house 0.51; afro house 0.48; peak time techno 0.47,percussive 0.41; rolling 0.40; groovy 0.34; driving 0.33
Whirlpool Productions,The Whirlpool Dub,125.0,progressive house,percussive,progressive house 0.62; disco house 0.50; afro house 0.47; organic house 0.41,percussive 0.35; rolling 0.34; groovy 0.29; driving 0.28
Whirlpool Productions,Dense Music,119.85,progressive house,percussive,progressive house 0.49; electronica 0.45; disco house 0.43; afro house 0.43,percussive 0.42; rolling 0.40; driving 0.39; groovy 0.35
Whirlpool Productions,Ja,127.51,progressive house,rolling,progressive house 0.58; disco house 0.54; afro house 0.48; electronica 0.46,rolling 0.44; groovy 0.44; driving 0.42; percussive 0.39
Whirlpool Productions,It Happened Last Night,124.03,progressive house,rolling,progressive house 0.57; afro house 0.48; tribal house 0.47; disco house 0.47,rolling 0.36; percussive 0.33; groovy 0.30; driving 0.27
Whitesquare,N-ergia,124.0,progressive house,rolling,progressive house 0.55; afro house 0.53; peak time techno 0.51; tech house 0.48,rolling 0.44; groovy 0.35; warm 0.34; driving 0.33
"Why U So, Lua Sola",Mood Song,130.0,progressive house,rolling,progressive house 0.51; afro house 0.44; disco house 0.44; soulful house 0.42,rolling 0.46; driving 0.43; raw 0.41; uplifting 0.40
William Kiss,Like This (Original Mix),131.0,progressive house,rolling,progressive house 0.51; peak time techno 0.37; tech house 0.33; afro house 0.33,rolling 0.37; dark 0.34; driving 0.32; raw 0.30
Wolfram & Josh Ludlow,YoYo Disco (Purple Disco Machine Extended Remix),126.0,progressive house,percussive,progressive house 0.54; disco house 0.51; afro house 0.50; organic house 0.43,percussive 0.50; rolling 0.49; groovy 0.42; driving 0.37
Wuki,Edge Of Seventeen (Extended Mix),128.0,progressive house,rolling,progressive house 0.42; electronica 0.37; peak time techno 0.35; tribal house 0.35,rolling 0.46; percussive 0.40; dark 0.39; driving 0.38
YOURS,DON'T KNOW WHERE I'M GOING (Extended Mix),129.0,progressive house,driving,progressive house 0.54; disco house 0.45; afro house 0.43; melodic house 0.41,driving 0.46; rolling 0.45; groovy 0.44; raw 0.43
Yaeji,Noonside,115.0,progressive house,rolling,progressive house 0.55; disco house 0.43; tribal house 0.42; afro house 0.41,rolling 0.44; driving 0.40; dark 0.39; raw 0.38
Yaeji,raingurl,128.0,progressive house,rolling,progressive house 0.53; disco house 0.40; afro house 0.39; soulful house 0.38,rolling 0.43; driving 0.40; dark 0.39; raw 0.34
Yamagucci,Sonar Waves,127.0,progressive house,rolling,progressive house 0.53; afro house 0.52; disco house 0.49; peak time techno 0.47,rolling 0.48; percussive 0.41; driving 0.40; groovy 0.38
Yamagucci & Mary Janei,Please You (Original Mix),126.0,progressive house,rolling,progressive house 0.51; peak time techno 0.49; soulful house 0.44; afro house 0.44,rolling 0.52; dark 0.47; driving 0.45; uplifting 0.43
"Yamagucci, DvirNuns",First Choice (Original Mix),123.0,progressive house,rolling,progressive house 0.55; breakbeat 0.51; soulful house 0.48; disco house 0.48,rolling 0.63; dark 0.57; driving 0.57; groovy 0.50
Yame,Teens (Extended Mix),121.0,progressive house,percussive,progressive house 0.49; afro house 0.44; disco house 0.41; peak time techno 0.37,percussive 0.40; rolling 0.34; raw 0.27; driving 0.23
"Yamil, Clemente, Groove Shack, Pieces Of Life",Mindgames,120.0,progressive house,rolling,progressive house 0.57; peak time techno 0.51; tribal house 0.50; organic house 0.49,rolling 0.56; percussive 0.47; dark 0.46; driving 0.43
Yeadon,Look Within,123.0,progressive house,rolling,progressive house 0.52; afro house 0.50; peak time techno 0.48; tech house 0.47,rolling 0.49; uplifting 0.41; dark 0.40; groovy 0.40
Yes Boone (AUS),Rising Stars (Extended Mix),130.0,progressive house,percussive,progressive house 0.45; tribal house 0.39; disco house 0.38; afro house 0.33,percussive 0.44; rolling 0.41; raw 0.38; driving 0.31
Yin Yin,Dis kô Dis kô,127.1,progressive house,groovy,progressive house 0.49; disco house 0.49; tribal house 0.40; organic house 0.38,groovy 0.47; driving 0.42; rolling 0.42; dark 0.40
YokoO,Majahuitas (Original Mix),125.0,progressive house,rolling,progressive house 0.54; melodic house 0.51; afro house 0.49; soulful house 0.49,rolling 0.45; groovy 0.44; dreamy 0.43; uplifting 0.41
You & I,Suitcase Stories (Lost Desert Remix),122.0,progressive house,rolling,progressive house 0.50; soulful house 0.49; afro house 0.47; electronica 0.46,rolling 0.45; uplifting 0.42; driving 0.41; dreamy 0.40
Youandewan,Cola Beach (Original Mix),130.0,progressive house,rolling,progressive house 0.57; organic house 0.50; afro house 0.50; disco house 0.47,rolling 0.38; percussive 0.37; groovy 0.28; driving 0.27
Yulia Niko,The Only One (Extended Mix) (feat. SAÍGO),124.0,progressive house,rolling,progressive house 0.59; afro house 0.53; disco house 0.51; organic house 0.41,rolling 0.48; driving 0.39; groovy 0.38; percussive 0.37
Yuvèe,Cross Culture,125.0,progressive house,rolling,progressive house 0.60; afro house 0.54; disco house 0.52; organic house 0.50,rolling 0.44; groovy 0.43; percussive 0.42; uplifting 0.38
Yuv鐺,Freydies (Extended Mix),122.0,progressive house,rolling,progressive house 0.49; breakbeat 0.46; disco house 0.42; afro house 0.42,rolling 0.48; driving 0.47; dark 0.43; groovy 0.42
Yves Murasca Feat. Rosario Galati,Kalura (Gorge Extended Remix),123.0,progressive house,rolling,progressive house 0.58; afro house 0.57; tech house 0.53; peak time techno 0.49,rolling 0.45; groovy 0.38; uplifting 0.38; dark 0.32
"Yves Murasca, Rosario Galati",Close Your Eyes (Karol XVII & MB Valence Loco Remix),125.0,progressive house,rolling,progressive house 0.59; afro house 0.54; disco house 0.53; organic house 0.48,rolling 0.52; groovy 0.47; driving 0.45; uplifting 0.43
"Yves Murasca, Rosario Galati feat. Karolyn Haze",Love This Life,120.0,progressive house,rolling,progressive house 0.52; soulful house 0.50; melodic house 0.49; electronica 0.47,rolling 0.57; driving 0.54; uplifting 0.51; groovy 0.48
ZAV,Getting Older,127.0,progressive house,rolling,progressive house 0.53; disco house 0.53; afro house 0.49; tribal house 0.43,rolling 0.46; groovy 0.44; percussive 0.42; driving 0.42
"ZENØN, HIGHLITE",We Are One - HIGHLITE Remix,126.0,progressive house,rolling,progressive house 0.56; afro house 0.54; disco house 0.51; organic house 0.45,rolling 0.48; groovy 0.44; driving 0.40; uplifting 0.37
ZULAN,Campeón,127.0,progressive house,raw,progressive house 0.48; disco house 0.41; electronica 0.38; afro house 0.37,raw 0.42; rolling 0.41; percussive 0.39; driving 0.38
Zakem,Adameyo,123.0,progressive house,rolling,progressive house 0.49; afro house 0.47; melodic techno 0.44; melodic house 0.43,rolling 0.49; uplifting 0.41; dark 0.41; dreamy 0.39
Zeca Veloso,Todo Homem (Antdot & Maz (BR) Remix),124.0,progressive house,rolling,progressive house 0.47; afro house 0.47; melodic house 0.47; electronica 0.47,rolling 0.48; dreamy 0.46; groovy 0.46; uplifting 0.44
Zhu,Superfriends,112.0,progressive house,driving,progressive house 0.50; disco house 0.48; breakbeat 0.45; afro house 0.43,driving 0.48; groovy 0.46; percussive 0.45; rolling 0.44
Zhu,Moves Like Ms. Jackson [OutKast Cover],125.0,progressive house,rolling,progressive house 0.57; disco house 0.52; afro house 0.50; organic house 0.42,rolling 0.44; groovy 0.44; driving 0.43; dark 0.40
Zhu,Faded,125.0,progressive house,driving,progressive house 0.52; afro house 0.48; disco house 0.47; soulful house 0.47,driving 0.48; uplifting 0.48; groovy 0.47; rolling 0.47
Zhu,Cocaine Model,120.0,progressive house,rolling,progressive house 0.52; afro house 0.44; disco house 0.44; soulful house 0.40,rolling 0.42; driving 0.41; raw 0.40; uplifting 0.39
Zhu & Sabrina Claudio,Settle For Less,118.0,progressive house,raw,progressive house 0.49; disco house 0.44; afro house 0.44; soulful house 0.40,raw 0.45; rolling 0.42; uplifting 0.42; driving 0.41
Zoo Brazil,Tear the Club Up,127.0,progressive house,rolling,progressive house 0.61; disco house 0.51; afro house 0.48; tribal house 0.45,rolling 0.47; percussive 0.39; driving 0.39; raw 0.39
Zsak,House Affair (Extended Mix),125.0,progressive house,rolling,progressive house 0.52; peak time techno 0.43; afro house 0.42; disco house 0.41,rolling 0.44; percussive 0.38; driving 0.35; dark 0.33
"Zsak, Andrea Lane",Por Eso (Extended Mix),125.0,progressive house,percussive,progressive house 0.54; tribal house 0.49; afro house 0.48; disco house 0.44,percussive 0.44; rolling 0.38; groovy 0.30; driving 0.30
a/s/l,Joy Boy,120.0,progressive house,rolling,progressive house 0.55; disco house 0.44; afro house 0.43; tribal house 0.40,rolling 0.41; driving 0.37; groovy 0.36; dark 0.33
all things break,Blackout Blackout (Original Mix),128.0,progressive house,raw,progressive house 0.48; disco house 0.40; afro house 0.39; electronica 0.33,raw 0.40; driving 0.38; dark 0.38; rolling 0.38
baby d,Let Me Be Your Fantasy (Original Radio Edit),134.98,progressive house,rolling,progressive house 0.39; electronica 0.39; disco house 0.36; breakbeat 0.34,rolling 0.44; driving 0.40; raw 0.38; uplifting 0.37
clmbski,I Hope for the Future,124.0,progressive house,rolling,progressive house 0.60; afro house 0.49; peak time techno 0.47; disco house 0.46,rolling 0.48; dark 0.45; driving 0.42; groovy 0.37
"clubhouse, Imad, Nitefreak, Shoba",Not The Same (Black Coffee feat. Shoba Extended Mix),120.0,progressive house,rolling,progressive house 0.41; electronica 0.38; disco house 0.36; breakbeat 0.36,rolling 0.46; percussive 0.46; raw 0.43; driving 0.41
"dj poolboi, Theresa Ng'ambi",malo okoma,118.0,progressive house,rolling,progressive house 0.52; electronica 0.42; disco house 0.40; soulful house 0.40,rolling 0.47; driving 0.46; raw 0.44; dark 0.44
dub.format,Keep (Original Mix),123.0,progressive house,rolling,progressive house 0.60; afro house 0.57; organic house 0.52; peak time techno 0.52,rolling 0.42; percussive 0.37; groovy 0.29; dark 0.26
fromclay,Gimme,134.0,progressive house,rolling,progressive house 0.55; afro house 0.48; peak time techno 0.47; disco house 0.46,rolling 0.43; driving 0.37; dark 0.36; groovy 0.36
fwd/slash,Aural Therapy (Original Mix),118.0,progressive house,driving,progressive house 0.49; melodic house 0.44; disco house 0.43; electronica 0.43,driving 0.51; rolling 0.51; dreamy 0.50; raw 0.46
fwd/slash,Botanica,122.0,progressive house,rolling,progressive house 0.52; melodic house 0.52; soulful house 0.50; melodic techno 0.49,rolling 0.55; dreamy 0.50; driving 0.50; uplifting 0.49
geods sorèd,Someone Somewhere,128.0,progressive house,raw,progressive house 0.48; disco house 0.44; afro house 0.40; electronica 0.39,raw 0.46; rolling 0.44; driving 0.39; dark 0.39
"it's murph, Sorana",Down Low (Extended Mix),130.0,progressive house,rolling,progressive house 0.44; electronica 0.43; breakbeat 0.41; disco house 0.38,rolling 0.49; percussive 0.42; driving 0.42; raw 0.41
khen,Land Of Goshen (Patrice Baumel Remix),124.0,progressive house,rolling,progressive house 0.52; afro house 0.49; peak time techno 0.43; soulful house 0.43,rolling 0.48; dark 0.36; uplifting 0.36; groovy 0.36
lofi cassette,mode,122.0,progressive house,rolling,progressive house 0.54; deep house 0.53; soulful house 0.52; afro house 0.52,rolling 0.53; dark 0.49; driving 0.43; uplifting 0.42
luv,Send To You,125.0,progressive house,raw,progressive house 0.35; electronica 0.35; disco house 0.34; breakbeat 0.33,raw 0.41; driving 0.40; rolling 0.39; dark 0.38
m-flo loves melody. & Ryohei,miss you,175.98,progressive house,percussive,progressive house 0.46; tribal house 0.35; disco house 0.35; breakbeat 0.35,percussive 0.42; rolling 0.39; driving 0.36; raw 0.32
made in 97,flashbacks,124.0,progressive house,rolling,progressive house 0.55; afro house 0.49; peak time techno 0.48; soulful house 0.46,rolling 0.47; dark 0.41; groovy 0.40; driving 0.39
"nae:tek, R.Hz, Marco Berto",Mirroring,124.0,progressive house,rolling,progressive house 0.65; afro house 0.55; minimal techno 0.53; peak time techno 0.51,rolling 0.46; dark 0.39; driving 0.37; groovy 0.36
narou,again and again (Solomun Remix),128.0,progressive house,rolling,progressive house 0.58; afro house 0.46; disco house 0.44; tribal house 0.43,rolling 0.46; percussive 0.40; dark 0.38; groovy 0.38
"nimino, Manta",Better,125.0,progressive house,rolling,progressive house 0.45; disco house 0.36; tribal house 0.36; afro house 0.35,rolling 0.42; percussive 0.40; raw 0.36; driving 0.34
oskar med k,Make Me Feel,125.0,progressive house,raw,progressive house 0.45; afro house 0.36; disco house 0.34; soulful house 0.31,raw 0.38; rolling 0.34; percussive 0.33; uplifting 0.32
oskar med k,Too Tense,126.0,progressive house,rolling,progressive house 0.49; soulful house 0.44; afro house 0.42; melodic house 0.42,rolling 0.46; uplifting 0.45; raw 0.44; driving 0.43
oskar med k,Knock Me Off My Feet,125.0,progressive house,rolling,progressive house 0.52; disco house 0.45; afro house 0.44; deep house 0.39,rolling 0.41; raw 0.39; driving 0.38; dark 0.38
oskar med k,Release Me,127.0,progressive house,driving,progressive house 0.47; electronica 0.40; soulful house 0.39; disco house 0.37,driving 0.45; raw 0.44; uplifting 0.44; dreamy 0.43
overtones,Jealous Girl,123.0,progressive house,rolling,progressive house 0.51; afro house 0.43; disco house 0.42; deep house 0.39,rolling 0.42; raw 0.39; dark 0.35; driving 0.35
roof,did this before,126.0,progressive house,rolling,progressive house 0.55; disco house 0.44; afro house 0.42; breakbeat 0.41,rolling 0.43; driving 0.41; percussive 0.38; groovy 0.35
saint hills,temperatura,125.0,progressive house,rolling,progressive house 0.62; afro house 0.54; disco house 0.53; organic house 0.52,rolling 0.52; percussive 0.44; groovy 0.43; raw 0.42
"salute, Sammy Virji",Peach,135.0,progressive house,rolling,progressive house 0.58; afro house 0.52; disco house 0.50; deep house 0.43,rolling 0.45; raw 0.38; groovy 0.38; dark 0.37
sometimes jah,Hypnotized,128.0,progressive house,raw,progressive house 0.50; disco house 0.46; afro house 0.45; organic house 0.39,raw 0.39; rolling 0.39; groovy 0.37; driving 0.35
sometimes jah,Un Exposé Au Saxophone,126.0,progressive house,rolling,progressive house 0.47; disco house 0.46; afro house 0.45; electronica 0.40,rolling 0.41; driving 0.41; uplifting 0.40; raw 0.39
sosa UK,clutta,128.0,progressive house,rolling,progressive house 0.52; peak time techno 0.48; deep house 0.43; breakbeat 0.41,rolling 0.41; dark 0.37; driving 0.32; groovy 0.29
sunflwr,hyperspeed,125.0,progressive house,groovy,progressive house 0.47; afro house 0.47; melodic house 0.45; disco house 0.45,groovy 0.43; rolling 0.43; uplifting 0.42; dreamy 0.40
sunflwr,cul de sac club,117.0,progressive house,rolling,progressive house 0.55; afro house 0.51; disco house 0.48; melodic house 0.45,rolling 0.39; groovy 0.38; raw 0.36; dreamy 0.35
sunflwr,what i remember of san francisco,118.0,progressive house,raw,progressive house 0.40; melodic house 0.37; downtempo 0.36; melodic techno 0.35,raw 0.43; rolling 0.39; dreamy 0.38; driving 0.37
tINI,That's Right,124.0,progressive house,rolling,progressive house 0.59; disco house 0.46; deep house 0.46; afro house 0.44,rolling 0.41; dark 0.36; driving 0.33; raw 0.32
upper class,Six Million,120.0,progressive house,rolling,progressive house 0.48; disco house 0.46; afro house 0.46; melodic house 0.46,rolling 0.41; raw 0.38; dreamy 0.38; groovy 0.36
vano1337,tucson,125.0,progressive house,rolling,progressive house 0.59; disco house 0.52; afro house 0.51; organic house 0.45,rolling 0.42; groovy 0.37; dark 0.36; driving 0.35
vinter,This Is Not The James Brown,128.0,progressive house,rolling,progressive house 0.47; breakbeat 0.44; peak time techno 0.42; disco house 0.36,rolling 0.47; dark 0.47; driving 0.44; raw 0.39
warner case,good time,122.0,progressive house,rolling,progressive house 0.50; afro house 0.40; disco house 0.39; peak time techno 0.36,rolling 0.34; percussive 0.31; driving 0.31; dark 0.30
"warner case, Jean Tonique",summer on the inside (feat. Max Kaluza),104.66,progressive house,rolling,progressive house 0.55; disco house 0.54; afro house 0.51; organic house 0.41,rolling 0.43; groovy 0.39; percussive 0.37; raw 0.36
"warner case, Jean Tonique",ill be there,120.46,progressive house,rolling,progressive house 0.60; afro house 0.53; disco house 0.50; organic house 0.43,rolling 0.36; groovy 0.35; driving 0.31; percussive 0.27
yungpolar,Maybe It's Love...,124.0,progressive house,rolling,progressive house 0.53; afro house 0.47; disco house 0.47; melodic house 0.47,rolling 0.51; groovy 0.47; raw 0.45; driving 0.45
박혜진 Park Hye Jin,Like This,125.0,progressive house,rolling,progressive house 0.55; peak time techno 0.50; soulful house 0.50; electronica 0.48,rolling 0.53; dark 0.49; driving 0.46; uplifting 0.44
박혜진 Park Hye Jin,I DON'T CARE,124.0,progressive house,rolling,progressive house 0.64; disco house 0.51; afro house 0.51; tech house 0.46,rolling 0.44; driving 0.38; groovy 0.36; dark 0.35
박혜진 Park Hye Jin,Lets Sing Lets Dance,130.0,progressive house,raw,progressive house 0.49; electronica 0.38; disco house 0.37; afro house 0.36,raw 0.44; rolling 0.43; driving 0.41; dark 0.39
ARTBAT,Horizon,124.0,soulful house,rolling,soulful house 0.53; melodic house 0.51; melodic techno 0.51; afro house 0.51,rolling 0.57; dark 0.52; uplifting 0.51; driving 0.51
"ARTBAT, Dino Lenny",Our Space,124.0,soulful house,dark,soulful house 0.57; melodic techno 0.53; deep house 0.49; breakbeat 0.49,dark 0.64; rolling 0.58; uplifting 0.55; driving 0.53
"Adriatique, WhoMadeWho",Miracle,123.0,soulful house,rolling,soulful house 0.51; peak time techno 0.49; melodic techno 0.48; electronica 0.46,rolling 0.54; dark 0.54; uplifting 0.47; driving 0.47
Andrea Oliva,Too Long (Extended Mix),123.0,soulful house,rolling,soulful house 0.51; electronica 0.51; progressive house 0.51; peak time techno 0.49,rolling 0.54; dark 0.52; driving 0.48; raw 0.46
Avoure,Aura (Original Mix),123.0,soulful house,dreamy,soulful house 0.50; melodic house 0.48; melodic techno 0.47; progressive house 0.45,dreamy 0.53; uplifting 0.52; rolling 0.50; dark 0.49
Ben Bohmer & Malou,Lost In Mind (Volen Sentir Extended Vision),124.0,soulful house,rolling,soulful house 0.53; melodic house 0.52; progressive house 0.51; melodic techno 0.48,rolling 0.56; driving 0.54; dreamy 0.51; dark 0.50
Billie Eilish,Everything I Wanted (Umut Torun Extended Remix),122.0,soulful house,driving,soulful house 0.54; electronica 0.50; progressive house 0.49; breakbeat 0.47,driving 0.54; rolling 0.54; dark 0.52; uplifting 0.51
Blake.08,The Change Of Love (Extended Mix),126.0,soulful house,rolling,soulful house 0.52; peak time techno 0.52; progressive house 0.50; melodic house 0.50,rolling 0.59; dark 0.48; driving 0.48; uplifting 0.46
Blonde Maze,Being Pulled (Polar Inc. Extended Remix),119.95,soulful house,dreamy,soulful house 0.49; melodic house 0.46; electronica 0.45; progressive house 0.42,dreamy 0.49; uplifting 0.48; rolling 0.46; raw 0.44
"Bottler, GONE",Tacoma - Gone Remix,126.0,soulful house,uplifting,soulful house 0.49; progressive house 0.48; melodic house 0.47; afro house 0.46,uplifting 0.50; dreamy 0.47; rolling 0.47; driving 0.45
Braxton,Clockwork (Original Mix),123.0,soulful house,rolling,soulful house 0.52; electronica 0.47; melodic house 0.46; breakbeat 0.43,rolling 0.56; warm 0.52; driving 0.49; uplifting 0.48
Braxton,Karuru Falls (Extended Mix),123.0,soulful house,rolling,soulful house 0.51; progressive house 0.51; peak time techno 0.49; melodic house 0.49,rolling 0.55; dark 0.45; driving 0.45; groovy 0.44
Ceci,Peace,124.0,soulful house,rolling,soulful house 0.61; melodic house 0.55; electronica 0.52; melodic techno 0.52,rolling 0.61; dark 0.52; euphoric 0.50; warm 0.50
Cubicolor,Points Beyond (Original Mix),116.0,soulful house,rolling,soulful house 0.53; progressive house 0.53; melodic house 0.52; melodic techno 0.49,rolling 0.53; driving 0.52; uplifting 0.51; dark 0.51
DAVI,Forbidden City (Original Mix),122.0,soulful house,rolling,soulful house 0.53; progressive house 0.53; melodic techno 0.50; peak time techno 0.49,rolling 0.58; dark 0.50; driving 0.50; dreamy 0.47
"Deadmau5, Kaskade",I Remember,128.0,soulful house,dark,soulful house 0.46; progressive house 0.46; breakbeat 0.43; electronica 0.42,dark 0.51; driving 0.50; uplifting 0.49; rolling 0.49
"Delerium, Sarah McLachlan",Silence (DJ Tiësto's In Search Of Sunrise Edit),137.98,soulful house,dark,soulful house 0.49; peak time techno 0.46; progressive house 0.44; melodic techno 0.44,dark 0.48; rolling 0.47; uplifting 0.43; driving 0.42
Eli & Fur,AIR (Extended Mix),124.0,soulful house,rolling,soulful house 0.49; electronica 0.48; progressive house 0.48; peak time techno 0.47,rolling 0.56; driving 0.49; dark 0.47; uplifting 0.44
Eric Lune,Predisposition (Original Mix),123.0,soulful house,rolling,soulful house 0.53; peak time techno 0.52; melodic techno 0.52; progressive house 0.49,rolling 0.60; dark 0.53; driving 0.50; uplifting 0.45
Evren Furtuna,Cupid (Extended Mix),118.0,soulful house,rolling,soulful house 0.57; melodic house 0.54; progressive house 0.54; peak time techno 0.52,rolling 0.57; dark 0.47; groovy 0.47; driving 0.46
"Fred again.., Duskus, Four Tet & Skrillex",glow,129.0,soulful house,rolling,soulful house 0.49; progressive house 0.48; melodic techno 0.48; peak time techno 0.45,rolling 0.48; uplifting 0.43; driving 0.42; dark 0.42
Gab Rhome,Apres-Ski Nautique,120.0,soulful house,dreamy,soulful house 0.52; melodic house 0.51; downtempo 0.48; melodic techno 0.48,dreamy 0.56; rolling 0.50; driving 0.48; uplifting 0.48
Gregory Esayan,Cradle (LTN Remix),122.0,soulful house,rolling,soulful house 0.59; melodic house 0.52; melodic techno 0.50; progressive house 0.48,rolling 0.61; dark 0.54; warm 0.53; driving 0.52
"Haulm, BAILE",Preludes,124.0,soulful house,rolling,soulful house 0.51; progressive house 0.49; melodic techno 0.48; melodic house 0.47,rolling 0.55; driving 0.49; dark 0.49; dreamy 0.48
Hosini,And U (Marsh Remix),121.0,soulful house,rolling,soulful house 0.47; progressive house 0.46; melodic techno 0.45; breakbeat 0.43,rolling 0.54; driving 0.51; dark 0.51; uplifting 0.49
Jay FM,Skin Deep (Extended Mix),118.0,soulful house,rolling,soulful house 0.53; afro house 0.53; melodic house 0.53; progressive house 0.52,rolling 0.53; uplifting 0.47; dreamy 0.47; driving 0.45
Jay FM,Come (Original Mix),120.0,soulful house,uplifting,soulful house 0.49; progressive house 0.49; melodic house 0.47; melodic techno 0.47,uplifting 0.51; driving 0.51; dreamy 0.51; dark 0.49
Jeremy Olander,Samus,125.0,soulful house,rolling,soulful house 0.47; melodic techno 0.47; melodic house 0.47; progressive house 0.46,rolling 0.49; driving 0.46; uplifting 0.44; dark 0.44
Joachim Pastor,Reykjavik,122.0,soulful house,rolling,soulful house 0.54; melodic house 0.54; progressive house 0.54; downtempo 0.50,rolling 0.60; driving 0.58; dreamy 0.56; uplifting 0.54
Juan Yarin,If I Could Stop The Sunset (Original Mix),122.0,soulful house,rolling,soulful house 0.49; progressive house 0.48; melodic house 0.47; afro house 0.46,rolling 0.49; uplifting 0.41; driving 0.41; dreamy 0.41
KEKURA,Amor 44,123.0,soulful house,rolling,soulful house 0.52; melodic techno 0.50; melodic house 0.49; progressive house 0.49,rolling 0.54; driving 0.53; dark 0.51; dreamy 0.51
Kaz James & Nick Morgan,Dazed (Original Mix),122.0,soulful house,rolling,soulful house 0.51; peak time techno 0.49; melodic techno 0.49; electronica 0.48,rolling 0.58; dark 0.55; driving 0.53; uplifting 0.47
"Kaz James, Nick Morgan",Dazed,122.0,soulful house,rolling,soulful house 0.52; melodic techno 0.50; peak time techno 0.49; electronica 0.48,rolling 0.59; dark 0.56; driving 0.53; uplifting 0.47
Kowari,Rome 1987,127.0,soulful house,rolling,soulful house 0.48; electronica 0.47; breakbeat 0.47; melodic techno 0.47,rolling 0.60; driving 0.52; dark 0.52; warm 0.48
Krasa Rosa,Ty & Ya,122.0,soulful house,rolling,soulful house 0.56; melodic techno 0.51; progressive house 0.51; melodic house 0.51,rolling 0.57; dark 0.52; dreamy 0.48; uplifting 0.48
LAR & Chris Savor,Be So Cold (Extended Mix) ,122.0,soulful house,rolling,soulful house 0.48; electronica 0.47; melodic house 0.46; progressive house 0.45,rolling 0.53; driving 0.52; uplifting 0.51; raw 0.49
LTN pres. Ghostbeat,The Wanderer (Extended Mix),121.0,soulful house,rolling,soulful house 0.56; progressive house 0.52; melodic house 0.52; melodic techno 0.51,rolling 0.54; dark 0.54; driving 0.53; uplifting 0.51
Lisandro (AR),The Garden,118.0,soulful house,rolling,soulful house 0.54; melodic house 0.53; progressive house 0.51; afro house 0.49,rolling 0.53; driving 0.48; dreamy 0.48; uplifting 0.47
M83,Midnight City (Eric Prydz Private Remix),125.0,soulful house,rolling,soulful house 0.48; breakbeat 0.47; melodic techno 0.46; melodic house 0.43,rolling 0.53; dark 0.51; driving 0.47; uplifting 0.47
Marsh & Jesse Bullitt,Your Eyes (Original Mix),123.0,soulful house,rolling,soulful house 0.54; progressive house 0.54; afro house 0.53; melodic house 0.50,rolling 0.51; uplifting 0.45; dark 0.44; dreamy 0.44
"Marsh, Nox Vahn",Naturish (Extended Mix),121.0,soulful house,rolling,soulful house 0.53; progressive house 0.51; melodic house 0.51; afro house 0.50,rolling 0.51; uplifting 0.45; dreamy 0.44; groovy 0.43
Marten Lou,Your Body (Extended),121.0,soulful house,rolling,soulful house 0.49; breakbeat 0.47; peak time techno 0.47; melodic techno 0.46,rolling 0.61; driving 0.51; dark 0.51; percussive 0.50
Mass Digital,Changes (Original Mix),121.0,soulful house,rolling,soulful house 0.53; melodic house 0.52; progressive house 0.49; afro house 0.47,rolling 0.50; driving 0.47; dreamy 0.47; uplifting 0.46
Maty Owl,Ametista (Extended Mix),123.0,soulful house,rolling,soulful house 0.56; progressive house 0.53; melodic techno 0.53; melodic house 0.52,rolling 0.58; driving 0.57; dark 0.56; dreamy 0.54
Maz (BR) & JP Castro feat. Luke Coulson,All For You (Volen Sentir Remix),122.0,soulful house,rolling,soulful house 0.54; melodic house 0.51; progressive house 0.50; melodic techno 0.49,rolling 0.55; driving 0.52; dreamy 0.48; uplifting 0.48
Nils Andreas,Une Simple Histoire (Original Mix),122.0,soulful house,rolling,soulful house 0.55; melodic house 0.54; melodic techno 0.50; downtempo 0.49,rolling 0.56; warm 0.52; uplifting 0.51; dreamy 0.51
Nox Vahn & Marsh feat. Mimi Page,Follow Me (Extended Mix),123.0,soulful house,rolling,soulful house 0.55; melodic techno 0.51; melodic house 0.48; downtempo 0.48,rolling 0.58; dark 0.55; dreamy 0.55; driving 0.54
PROFF & Volen Sentir,Luna Amazonia (AM Mix),123.0,soulful house,rolling,soulful house 0.48; progressive house 0.47; melodic house 0.47; breakbeat 0.46,rolling 0.52; driving 0.50; uplifting 0.48; dark 0.47
"PROFF, M.O.S.",Scarlet Sails (Extended Mix),123.0,soulful house,rolling,soulful house 0.56; progressive house 0.53; melodic house 0.52; melodic techno 0.51,rolling 0.59; dark 0.52; driving 0.51; uplifting 0.47
Parallel Voices,Still (Extended Mix),126.0,soulful house,rolling,soulful house 0.48; melodic techno 0.48; melodic house 0.47; progressive house 0.47,rolling 0.54; driving 0.47; dark 0.47; uplifting 0.45
Parallel Voices,Drift (Extended Mix),123.0,soulful house,rolling,soulful house 0.47; melodic techno 0.46; progressive house 0.46; peak time techno 0.46,rolling 0.53; driving 0.51; dark 0.50; uplifting 0.46
Polar Inc.,Laika,122.0,soulful house,rolling,soulful house 0.52; melodic techno 0.50; progressive house 0.49; melodic house 0.48,rolling 0.58; dark 0.50; driving 0.50; uplifting 0.49
Rinzen feat. Anaphase,Some Good Here (Original Mix),123.0,soulful house,dark,soulful house 0.49; progressive house 0.49; melodic techno 0.47; melodic house 0.47,dark 0.53; driving 0.52; rolling 0.52; uplifting 0.49
RÜFÜS DU SOL,Alive (Anyma Extended Remix),125.0,soulful house,rolling,soulful house 0.49; peak time techno 0.47; progressive house 0.47; electronica 0.45,rolling 0.50; dark 0.47; driving 0.46; uplifting 0.46
"Sahar Z, Guy Mantzur",Temporary Sanity (Cornucopia Remix),121.0,soulful house,rolling,soulful house 0.54; progressive house 0.51; melodic techno 0.49; peak time techno 0.48,rolling 0.52; dark 0.46; driving 0.45; uplifting 0.45
Samantha Loveridge,Sassy (Original Mix),124.0,soulful house,rolling,soulful house 0.48; melodic techno 0.45; electronica 0.44; downtempo 0.42,rolling 0.52; dark 0.48; dreamy 0.48; uplifting 0.47
Sound Quelle,Energy (Soul Engineers Remix),122.0,soulful house,uplifting,soulful house 0.56; melodic house 0.56; electronica 0.49; downtempo 0.49,uplifting 0.56; rolling 0.55; driving 0.55; warm 0.54
Sound Quelle,Badoor (Extended Mix),122.0,soulful house,rolling,soulful house 0.55; melodic house 0.51; progressive house 0.50; afro house 0.49,rolling 0.57; driving 0.50; uplifting 0.50; dreamy 0.49
Sultan + Shepard,You Are My High (Original Mix),123.0,soulful house,rolling,soulful house 0.51; melodic techno 0.51; electronica 0.47; melodic house 0.46,rolling 0.55; dark 0.54; driving 0.50; uplifting 0.47
Supermode,Tell Me Why (MEDUZA Remix),126.0,soulful house,rolling,soulful house 0.52; peak time techno 0.52; progressive house 0.52; electronica 0.49,rolling 0.58; dark 0.53; driving 0.53; uplifting 0.50
Urulu,1991,123.0,soulful house,rolling,soulful house 0.52; melodic techno 0.51; afro house 0.51; melodic house 0.51,rolling 0.48; dark 0.44; groovy 0.42; uplifting 0.41
WITH U,Karibu (Extended Mix),120.0,soulful house,rolling,soulful house 0.52; progressive house 0.51; melodic house 0.50; afro house 0.49,rolling 0.53; uplifting 0.50; driving 0.50; groovy 0.47
"Westseven, Angus Powell",Go Right Through (Sound Quelle Extended Mix),120.0,soulful house,rolling,soulful house 0.53; melodic house 0.50; melodic techno 0.48; progressive house 0.47,rolling 0.51; dreamy 0.51; uplifting 0.50; driving 0.49
Yves Murasca & Rosario Galati,Close Your Eyes (Extended Mix),122.0,soulful house,rolling,soulful house 0.55; melodic house 0.51; progressive house 0.51; afro house 0.48,rolling 0.50; uplifting 0.46; groovy 0.43; driving 0.42
djimboh,Yours,120.0,soulful house,dreamy,soulful house 0.54; melodic house 0.52; progressive house 0.49; afro house 0.48,dreamy 0.51; rolling 0.50; uplifting 0.48; driving 0.46
fwd/slash & frea,Nairobi,122.0,soulful house,rolling,soulful house 0.57; melodic techno 0.53; melodic house 0.51; progressive house 0.51,rolling 0.63; driving 0.56; dark 0.54; uplifting 0.53
AVIVI,Hopa (Original Mix),124.0,tribal house,percussive,tribal house 0.48; progressive house 0.48; afro house 0.39; organic house 0.34,percussive 0.47; rolling 0.31; groovy 0.21; driving 0.20
Africanism feat. Arkadyan & Bob Sinclar,Leleley,122.0,tribal house,percussive,tribal house 0.45; progressive house 0.44; electronica 0.38; disco house 0.35,percussive 0.46; rolling 0.43; driving 0.37; euphoric 0.33
Against All Logic,Now U Got Me Hooked,100.5,tribal house,percussive,tribal house 0.47; progressive house 0.47; disco house 0.40; afro house 0.38,percussive 0.44; rolling 0.42; groovy 0.37; driving 0.37
Antho Decks,Tikuna (Extended Mix),124.0,tribal house,percussive,tribal house 0.54; progressive house 0.50; afro house 0.44; organic house 0.40,percussive 0.45; rolling 0.44; driving 0.34; groovy 0.30
Axel Boman,Fantastic Piano (Original Mix),121.0,tribal house,rolling,tribal house 0.45; progressive house 0.43; electronica 0.43; downtempo 0.41,rolling 0.48; driving 0.45; percussive 0.43; dark 0.40
Bontan,Despacio (Extended Mix),124.0,tribal house,rolling,tribal house 0.43; progressive house 0.38; afro house 0.36; breakbeat 0.33,rolling 0.40; percussive 0.40; euphoric 0.27; driving 0.23
Cochemea,Tukaria,105.26,tribal house,rolling,tribal house 0.50; progressive house 0.36; breakbeat 0.31; disco house 0.30,rolling 0.38; percussive 0.35; euphoric 0.32; groovy 0.31
Cocho,Coast Fantasy (Extended Mix),122.0,tribal house,percussive,tribal house 0.53; progressive house 0.51; afro house 0.45; organic house 0.41,percussive 0.46; rolling 0.44; driving 0.32; uplifting 0.30
Cocho,Caléndula,122.0,tribal house,rolling,tribal house 0.50; progressive house 0.48; soulful house 0.47; electronica 0.46,rolling 0.56; driving 0.49; percussive 0.47; uplifting 0.45
DJ Chus,That Feeling (Shai T Remix),124.0,tribal house,percussive,tribal house 0.55; progressive house 0.53; afro house 0.44; disco house 0.42,percussive 0.50; rolling 0.43; driving 0.30; groovy 0.28
Daniel Steinberg,Bailando,124.0,tribal house,percussive,tribal house 0.45; progressive house 0.38; disco house 0.30; afro house 0.28,percussive 0.40; rolling 0.34; raw 0.27; euphoric 0.24
"David Tort, OKEN (ES)",La Caja feat. OKEN (ES) (Extended Mix),125.0,tribal house,percussive,tribal house 0.49; progressive house 0.48; afro house 0.40; peak time techno 0.40,percussive 0.44; rolling 0.37; dark 0.28; groovy 0.25
Dennis Cruz,Los Tamales,124.0,tribal house,percussive,tribal house 0.43; progressive house 0.42; disco house 0.38; afro house 0.35,percussive 0.48; rolling 0.40; driving 0.31; groovy 0.29
Dennis Cruz & Josh Butler,Ahora Todo Va (Gorgon City Remix),124.0,tribal house,rolling,tribal house 0.44; progressive house 0.43; soulful house 0.41; peak time techno 0.40,rolling 0.54; percussive 0.47; dark 0.46; euphoric 0.45
Emmanuel jal,Kuar (FNX Omar),122.0,tribal house,percussive,tribal house 0.50; progressive house 0.38; organic house 0.30; electronica 0.29,percussive 0.57; rolling 0.40; euphoric 0.27; raw 0.27
Fioretti,Rio 400 (Original Mix),125.0,tribal house,rolling,tribal house 0.49; progressive house 0.47; breakbeat 0.43; afro house 0.42,rolling 0.52; percussive 0.46; driving 0.41; groovy 0.38
Four Tet,Plastic People,124.0,tribal house,rolling,tribal house 0.47; progressive house 0.47; melodic house 0.40; afro house 0.40,rolling 0.45; dreamy 0.43; uplifting 0.38; driving 0.37
"Franco De Mulero, J.A.N feat. Isabella",Mais Que Nada,124.0,tribal house,percussive,tribal house 0.45; progressive house 0.44; electronica 0.38; breakbeat 0.38,percussive 0.56; rolling 0.48; driving 0.37; raw 0.34
"Hugel, SOLTO (FR)",Jamaican (Bam Bam) (Extended Mix),122.0,tribal house,percussive,tribal house 0.51; progressive house 0.48; electronica 0.38; afro house 0.37,percussive 0.60; rolling 0.44; euphoric 0.37; raw 0.34
Jackarta,Here She Comes (Archaellum Remix),123.0,tribal house,percussive,tribal house 0.54; progressive house 0.48; melodic house 0.46; electronica 0.44,percussive 0.54; rolling 0.45; dreamy 0.42; groovy 0.42
"Jewels, Kenza, LE YORA",Next To Me (Antdot Remix),121.0,tribal house,rolling,tribal house 0.45; progressive house 0.44; electronica 0.43; soulful house 0.42,rolling 0.51; percussive 0.47; dark 0.42; driving 0.42
Kaiserdisco,Callao (Original Mix),126.0,tribal house,percussive,tribal house 0.52; progressive house 0.49; organic house 0.38; peak time techno 0.35,percussive 0.43; rolling 0.39; dark 0.23; driving 0.22
Leafar Legov,Cenote,120.0,tribal house,rolling,tribal house 0.62; progressive house 0.55; melodic house 0.52; soulful house 0.50,rolling 0.56; groovy 0.52; driving 0.50; dreamy 0.48
Lee Burridge & Lost Desert,Suzan's Lunch (Original Mix),118.0,tribal house,rolling,tribal house 0.57; progressive house 0.56; soulful house 0.54; electronica 0.48,rolling 0.61; driving 0.54; uplifting 0.50; dark 0.49
Luke Alessi,Day Dreams of Beaches (Original Mix),123.0,tribal house,rolling,tribal house 0.48; progressive house 0.46; afro house 0.45; melodic house 0.45,rolling 0.53; percussive 0.50; uplifting 0.47; dreamy 0.45
"Maz (BR), Antdot, Jéssica Gaspar",Emoriô (Original Mix)  ,123.0,tribal house,percussive,tribal house 0.50; progressive house 0.48; afro house 0.42; disco house 0.38,percussive 0.47; rolling 0.46; driving 0.35; uplifting 0.34
Mendo,Watermelon (Iberican mix),127.0,tribal house,percussive,tribal house 0.62; progressive house 0.53; organic house 0.46; breakbeat 0.43,percussive 0.57; rolling 0.57; euphoric 0.40; driving 0.38
Milan93,Just Relax,113.0,tribal house,percussive,tribal house 0.41; electronica 0.37; disco house 0.36; breakbeat 0.36,percussive 0.50; rolling 0.43; driving 0.42; warm 0.40
Miluhska,Reina de la Pista,128.0,tribal house,rolling,tribal house 0.54; progressive house 0.51; afro house 0.39; disco house 0.38,rolling 0.44; percussive 0.43; raw 0.33; driving 0.31
"Mòojo, Demayä, Arkadyan feat. Eribertho Cruzado",Desperado (Vocal Mix),121.0,tribal house,percussive,tribal house 0.37; breakbeat 0.34; progressive house 0.33; electronica 0.31,percussive 0.43; rolling 0.41; euphoric 0.38; driving 0.32
Obbie,Father McKenzie (Original Mix),122.0,tribal house,percussive,tribal house 0.61; progressive house 0.52; afro house 0.45; organic house 0.43,percussive 0.54; rolling 0.50; dreamy 0.36; driving 0.36
Peppe Citarella,Mas Que Nada (Union Afro Demo Mix),120.28,tribal house,percussive,tribal house 0.55; progressive house 0.47; afro house 0.38; organic house 0.36,percussive 0.47; rolling 0.41; driving 0.24; groovy 0.23
"Tayllor, Mëstiza",Enamorá (Original Mix),120.0,tribal house,percussive,tribal house 0.52; progressive house 0.44; electronica 0.33; disco house 0.32,percussive 0.52; rolling 0.37; driving 0.31; raw 0.29
The Mauskovic Dance Band,Continue the Fun - Space Version,119.9,tribal house,percussive,tribal house 0.45; progressive house 0.43; disco house 0.38; afro house 0.37,percussive 0.39; rolling 0.37; driving 0.26; groovy 0.25
Traumer,Classroom,126.0,tribal house,rolling,tribal house 0.68; progressive house 0.56; organic house 0.52; afro house 0.45,rolling 0.48; percussive 0.47; groovy 0.35; dreamy 0.34
Zeitverschiebung,Louis XIV (TÂCHES Remix),120.0,tribal house,rolling,tribal house 0.54; melodic house 0.52; progressive house 0.50; soulful house 0.50,rolling 0.53; groovy 0.46; dreamy 0.46; percussive 0.45
_BY.ALEXANDER,BLUH BLUH BLUH,130.0,tribal house,percussive,tribal house 0.41; progressive house 0.40; disco house 0.33; afro house 0.31,percussive 0.47; rolling 0.38; raw 0.31; groovy 0.28
