track_id,est_bpm,brightness,energy_rms,percussiveness
11309065,103.36,2275.62,0.29226,0.08204
94954597,123.05,1996.47,0.28242,0.07393
79011702,123.05,2634.73,0.17655,0.1059
186900356,123.05,2632.82,0.24787,0.11483
21840649,83.35,1410.68,0.22046,0.03474
138902476,123.05,1800.11,0.2622,0.05343
5191576,123.05,2860.63,0.33447,0.11436
255199389,123.05,1758.68,0.20774,0.06997
35624456,123.05,1548.21,0.24905,0.04807
37999731,123.05,3086.46,0.15489,0.18046
111679909,136.0,1776.51,0.25623,0.05579
106555528,123.05,1622.66,0.19121,0.04943
258696664,123.05,2646.64,0.23579,0.07938
178803599,123.05,2155.09,0.22665,0.07302
75813422,107.67,1792.21,0.19972,0.05054
230088001,123.05,1722.52,0.27047,0.06613
100371185,129.2,2117.43,0.27111,0.08401
212712290,103.36,1922.99,0.20858,0.05898
252966275,123.05,2183.23,0.30995,0.09256
160355775,123.05,2455.7,0.23433,0.0913
55193587,123.05,1669.2,0.1715,0.05676
149360531,117.45,2665.03,0.20532,0.1239
28451401,117.45,2182.11,0.30257,0.06324
44998605,123.05,1802.73,0.21793,0.08564
170069817,123.05,2598.84,0.23232,0.1076
129944120,123.05,2243.0,0.24756,0.07688
227044174,129.2,1836.08,0.30651,0.06247
17845458,123.05,2603.06,0.25123,0.09737
165576752,129.2,2547.63,0.31514,0.09191
122388156,123.05,2016.04,0.25739,0.07057
169392022,123.05,2124.55,0.23034,0.06409
48113818,123.05,1424.2,0.37618,0.04615
134571030,123.05,2112.1,0.32345,0.06175
223186299,143.55,2274.93,0.28791,0.09913
20516033,123.05,1949.21,0.30194,0.06089
264406092,129.2,2537.3,0.23632,0.10739
134401873,123.05,2764.69,0.26237,0.10631
219689843,129.2,2130.11,0.31329,0.0652
244763642,117.45,2228.74,0.28142,0.08521
46496297,129.2,2829.58,0.26292,0.11457
161215666,129.2,3113.9,0.2254,0.1442
194601984,123.05,2673.18,0.26851,0.11378
36354010,123.05,1419.39,0.13658,0.0706
16124557,129.2,2188.65,0.29725,0.0759
94926741,123.05,1602.93,0.3392,0.04078
190748698,112.35,2683.79,0.20454,0.11131
162782838,129.2,2337.18,0.33624,0.07936
233315453,129.2,2704.03,0.31447,0.11985
227310156,129.2,2313.01,0.31978,0.08247
172528917,123.05,2462.47,0.18031,0.08295
86833725,123.05,2388.53,0.20534,0.09292
22944267,117.45,2674.13,0.28787,0.10573
182192804,117.45,2730.22,0.28885,0.11185
103940111,123.05,2544.79,0.2728,0.10835
49654583,123.05,2367.26,0.21387,0.08967
90115565,123.05,2596.0,0.18546,0.10299
227412787,117.45,2708.73,0.26842,0.10672
132504825,129.2,2501.79,0.19262,0.09331
121222526,123.05,2382.12,0.25795,0.08348
200624245,129.2,2053.28,0.2754,0.07592
216295629,129.2,1927.02,0.27784,0.07743
246317942,123.05,2033.17,0.30344,0.0629
12168400,129.2,2553.48,0.29366,0.11401
197720491,129.2,2393.96,0.35265,0.08153
77916651,129.2,2432.01,0.25193,0.1098
198418359,123.05,2651.04,0.24778,0.11432
70531240,123.05,2795.93,0.23458,0.12998
240358091,136.0,2428.33,0.35331,0.07785
202010194,123.05,2776.64,0.28137,0.11942
220959893,95.7,1880.68,0.26422,0.05763
66524880,95.7,2011.7,0.19761,0.08499
173575903,123.05,2693.76,0.20261,0.11655
69525534,123.05,2027.39,0.22576,0.08661
80398121,117.45,2259.6,0.37256,0.05529
259451788,136.0,1676.84,0.30764,0.06149
267332778,123.05,2082.01,0.32064,0.07023
208440852,112.35,2258.59,0.21243,0.09613
210715841,123.05,3419.54,0.24538,0.16424
72286358,129.2,2773.46,0.3476,0.09766
116639212,123.05,2643.18,0.29868,0.11119
11059531,129.2,2052.98,0.3226,0.05252
85381594,123.05,1972.56,0.23396,0.05003
80842224,66.26,2960.56,0.34251,0.13708
71270825,123.05,1502.39,0.31868,0.04699
67780172,123.05,2208.35,0.32424,0.08436
240028548,123.05,3309.55,0.22247,0.14399
14420445,129.2,1873.79,0.26606,0.06183
249956846,123.05,2947.93,0.35,0.10701
190679893,123.05,2850.2,0.27343,0.13479
236329954,129.2,1776.42,0.17348,0.06958
4057805,123.05,3338.7,0.21152,0.13496
214906319,123.05,2006.17,0.22895,0.08637
16015886,143.55,2543.49,0.28403,0.10635
109886684,143.55,2404.04,0.32305,0.08619
81663092,117.45,1704.67,0.25793,0.06314
154172776,123.05,3037.56,0.27249,0.13938
33601534,123.05,2838.75,0.24049,0.10093
188536659,123.05,2507.53,0.26389,0.08184
183894830,123.05,1773.48,0.25769,0.05561
201436905,123.05,2218.05,0.26779,0.08151
198414739,129.2,2739.38,0.30359,0.10253
145017377,123.05,2089.49,0.16607,0.10027
197562394,123.05,2908.7,0.27393,0.13813
90500468,117.45,1246.21,0.20251,0.04761
166600569,123.05,2674.8,0.29959,0.12515
167526558,117.45,2744.21,0.25659,0.08508
1171643,123.05,2469.73,0.23933,0.10038
23904623,129.2,1605.61,0.27207,0.06351
264979550,129.2,1908.81,0.23418,0.06872
18682433,123.05,2119.9,0.25608,0.08698
13402861,123.05,1965.33,0.31992,0.05507
263380903,123.05,2616.49,0.24816,0.11853
137400131,123.05,2816.65,0.18896,0.14023
200318735,117.45,1625.21,0.2923,0.04974
55799303,123.05,3249.9,0.23674,0.16063
109359756,129.2,1917.65,0.29257,0.06059
113717179,123.05,1447.89,0.25108,0.04502
143645745,117.45,1877.91,0.26112,0.05318
252620748,123.05,1098.52,0.25206,0.03678
212379967,123.05,1943.87,0.30544,0.03943
241972585,123.05,1623.82,0.23669,0.0554
4244169,123.05,1685.54,0.19072,0.06635
35117748,117.45,1567.27,0.26193,0.03624
153347592,129.2,2349.1,0.34158,0.05782
121111359,123.05,3042.48,0.18576,0.1478
129303348,123.05,1338.2,0.25367,0.04978
21125599,123.05,2087.29,0.3181,0.05245
107415943,117.45,2961.85,0.18124,0.12542
79121119,123.05,2603.52,0.23283,0.11771
221333139,86.13,2194.92,0.32058,0.07035
226912163,123.05,2491.51,0.36964,0.09428
215121792,123.05,2102.32,0.24479,0.08804
118073704,123.05,2713.01,0.12437,0.12482
218206520,123.05,3041.2,0.25069,0.13977
116658500,123.05,2688.68,0.19333,0.14299
133522644,123.05,2320.14,0.22825,0.09711
57756111,123.05,2589.78,0.23013,0.08634
178798854,123.05,2421.54,0.24168,0.09755
183290555,123.05,2289.85,0.25197,0.09425
196968299,123.05,2322.5,0.22955,0.07104
214921215,123.05,2792.52,0.29092,0.10473
233731642,117.45,1593.66,0.32209,0.04143
159456365,112.35,1570.64,0.19652,0.04472
144717406,117.45,1996.73,0.21265,0.06935
230783963,117.45,1678.64,0.23609,0.04878
163360939,123.05,2659.07,0.18442,0.12548
76922822,117.45,2359.63,0.21272,0.08473
35885536,123.05,2565.91,0.14528,0.11312
126430441,83.35,2423.03,0.24697,0.10676
148040935,129.2,2998.87,0.25506,0.13619
148972611,129.2,2648.56,0.29926,0.0837
229557484,129.2,2123.29,0.33367,0.0715
196520003,123.05,2679.3,0.34125,0.10758
130818716,129.2,1956.74,0.2973,0.05793
125094953,117.45,2661.31,0.27932,0.09595
201355522,123.05,2914.84,0.22718,0.14823
206452777,129.2,2148.33,0.23764,0.08443
106233154,123.05,2397.77,0.26854,0.07776
256589253,129.2,2765.42,0.30249,0.11557
44300384,123.05,3232.11,0.30622,0.15519
191761219,123.05,1806.45,0.24099,0.07521
26285491,129.2,1756.39,0.19188,0.06333
88706770,123.05,1930.99,0.14545,0.06699
38219933,123.05,3533.88,0.28611,0.10575
142159079,123.05,3040.54,0.24766,0.13466
151005422,123.05,2508.73,0.26755,0.08812
33480066,129.2,2563.88,0.33821,0.09216
176302291,123.05,3183.52,0.32166,0.12478
159827709,123.05,2587.08,0.17411,0.14485
16532618,123.05,2351.63,0.18911,0.07877
261403496,123.05,1577.18,0.30757,0.0463
58947367,117.45,2203.38,0.11543,0.11226
112288398,129.2,2534.2,0.32028,0.08014
98126954,123.05,2085.97,0.16845,0.1023
73538313,123.05,1925.56,0.29064,0.065
187877875,117.45,1775.75,0.29345,0.06282
194156156,117.45,2031.26,0.34214,0.08316
199674689,123.05,2343.38,0.22583,0.09503
89197120,129.2,2441.31,0.28961,0.09207
123209750,123.05,2478.03,0.22452,0.11476
31640599,129.2,2671.32,0.30426,0.10786
143035952,123.05,2907.06,0.25499,0.13035
194965514,123.05,1372.57,0.24528,0.03915
253271054,123.05,2202.48,0.22072,0.08579
242819069,123.05,2258.56,0.24725,0.07764
52813548,129.2,2421.06,0.27073,0.09849
49601544,129.2,3439.93,0.21197,0.15901
241438620,123.05,2728.41,0.25791,0.10958
237887698,123.05,3008.07,0.21485,0.1309
63777972,123.05,2821.8,0.23374,0.13344
169921852,123.05,2695.73,0.23299,0.11433
212631185,123.05,2504.29,0.28168,0.09235
202270472,123.05,2363.77,0.23972,0.09864
140550701,117.45,2323.24,0.28851,0.08584
162173931,161.5,2657.49,0.24154,0.0872
154265925,123.05,3046.04,0.24912,0.1178
236706189,123.05,1518.76,0.17651,0.06856
125471242,123.05,1314.09,0.25992,0.04501
160113691,136.0,2244.12,0.1544,0.1061
149698488,103.36,1299.78,0.49533,0.03114
249114708,129.2,2479.16,0.3251,0.07726
143356320,123.05,1742.25,0.1975,0.08257
167658411,103.36,1822.29,0.19834,0.05726
228630647,123.05,1808.9,0.26735,0.08094
120405171,123.05,2513.74,0.22366,0.09307
72826432,123.05,2448.67,0.285,0.11409
125238345,112.35,1935.94,0.26539,0.04094
119791355,123.05,2193.51,0.31504,0.06875
237534230,123.05,1825.67,0.16121,0.09263
257109900,123.05,2764.59,0.28152,0.1037
166026965,123.05,2541.49,0.34943,0.08815
114025338,123.05,2057.11,0.18053,0.06998
192357413,161.5,2248.2,0.24008,0.07877
94066325,123.05,1496.95,0.27379,0.06416
154637590,117.45,1551.28,0.21966,0.05168
196902889,161.5,1484.82,0.1741,0.03875
52988915,123.05,2368.8,0.23115,0.08911
220299535,123.05,2217.83,0.24219,0.09611
213838903,123.05,2059.78,0.20484,0.09042
213675028,123.05,2489.97,0.26469,0.09338
119865001,123.05,2083.26,0.18582,0.09115
187094300,123.05,3034.66,0.2425,0.1632
176861277,123.05,1808.34,0.20622,0.06243
80014730,123.05,2072.76,0.29309,0.07543
25542376,129.2,2371.14,0.22299,0.10389
262405018,123.05,2539.43,0.16855,0.09892
1378304,123.05,2429.43,0.24881,0.11911
180084769,129.2,2293.91,0.18608,0.10453
17168752,129.2,2570.36,0.22111,0.0937
45987030,123.05,2259.58,0.28808,0.08839
257334179,123.05,2789.93,0.23679,0.14027
179455437,117.45,2070.86,0.22359,0.08412
76707318,123.05,2898.27,0.2632,0.13402
41956795,117.45,2178.08,0.20834,0.06922
108779717,129.2,2368.91,0.33554,0.08684
87110150,117.45,2023.52,0.26401,0.0669
162012381,123.05,3002.68,0.20365,0.12835
172390931,129.2,2193.11,0.21003,0.07344
114480394,123.05,2330.81,0.26009,0.10365
265264720,123.05,1671.64,0.18089,0.06647
49613272,123.05,2791.96,0.28623,0.11046
159547405,123.05,3317.26,0.18961,0.15488
115516110,129.2,2095.04,0.2457,0.09837
260322714,123.05,2178.81,0.21012,0.09362
100412926,123.05,1762.01,0.31292,0.0601
51292113,123.05,2497.42,0.28396,0.07792
15106579,123.05,2884.9,0.23509,0.12846
97766653,123.05,2379.32,0.28314,0.07457
201347939,123.05,2197.18,0.26073,0.08535
136110276,129.2,2553.19,0.17441,0.10717
103969991,129.2,3137.62,0.27113,0.12842
75960767,129.2,2493.9,0.21415,0.09833
20779122,123.05,3103.88,0.19027,0.1245
169470696,123.05,2958.12,0.24994,0.13344
267977586,123.05,1740.62,0.25941,0.04243
99291845,123.05,1740.62,0.25941,0.04243
127352795,117.45,2179.76,0.39593,0.07777
223823441,123.05,2367.05,0.23683,0.08715
197766831,123.05,2316.84,0.33472,0.08222
157297907,123.05,2663.54,0.245,0.10116
110916327,129.2,2156.02,0.1504,0.08337
202567146,123.05,1405.61,0.31091,0.04381
14706253,129.2,1950.2,0.30488,0.06586
46282588,123.05,1640.55,0.21803,0.06047
10695938,123.05,2797.25,0.21135,0.1113
40911333,123.05,2783.03,0.20165,0.10397
241431088,123.05,2677.0,0.25531,0.09004
95241601,123.05,1641.47,0.2902,0.0535
115222207,123.05,2540.06,0.26606,0.11694
138677959,99.38,1803.68,0.19198,0.07262
196126687,123.05,1987.83,0.20029,0.0825
115864083,123.05,2087.87,0.30961,0.06025
132218092,129.2,2593.81,0.23414,0.08281
114140478,123.05,2212.76,0.30803,0.08084
142632244,123.05,2995.34,0.23447,0.09844
181072608,123.05,3190.15,0.31534,0.14558
176817898,123.05,2446.69,0.28722,0.10301
167623400,123.05,2127.99,0.23244,0.07375
144723408,123.05,2581.13,0.2806,0.07808
264403739,123.05,2377.85,0.2207,0.09543
249222784,129.2,2750.15,0.26988,0.11787
68915673,129.2,3396.98,0.31952,0.15268
93757076,123.05,2279.02,0.22484,0.10327
91336596,123.05,2356.93,0.28295,0.09209
233250463,123.05,2598.7,0.30824,0.11237
52986228,123.05,2071.6,0.23127,0.09517
182651859,123.05,2194.64,0.31962,0.08699
225546369,143.55,2061.15,0.28444,0.07872
2618885,129.2,2033.81,0.29715,0.06958
61147635,123.05,2416.8,0.2932,0.09261
92219628,123.05,3231.02,0.23428,0.16098
226855847,123.05,2408.81,0.28634,0.08141
149736979,117.45,2306.21,0.21217,0.08471
252659632,129.2,1935.63,0.3034,0.06348
27787539,117.45,1393.22,0.15082,0.04004
162881957,117.45,1812.72,0.29453,0.05289
13445420,107.67,1499.41,0.31931,0.04411
115957213,123.05,1581.15,0.25968,0.03215
98075973,123.05,1700.35,0.21851,0.05996
23468076,123.05,1809.24,0.21895,0.07146
93750674,123.05,2620.07,0.2378,0.07595
264471674,123.05,2812.93,0.25156,0.13852
267819799,129.2,3361.1,0.29226,0.15161
266606317,117.45,2040.7,0.27504,0.07073
143061326,117.45,2369.61,0.22736,0.06929
265729665,123.05,2328.81,0.29486,0.0886
267921116,123.05,3003.39,0.24949,0.15211
146180859,117.45,1561.7,0.26801,0.04554
165742214,123.05,1773.03,0.22513,0.05227
138398881,129.2,2393.57,0.25109,0.103
10061190,129.2,3299.29,0.29793,0.18013
94038448,123.05,2166.56,0.21062,0.074
111570597,129.2,2126.06,0.23647,0.07868
91383377,123.05,2200.8,0.29553,0.07937
213555697,123.05,2947.15,0.26253,0.15912
142660571,123.05,2804.32,0.23088,0.14125
201666712,123.05,1853.03,0.22046,0.07668
193345767,123.05,2029.17,0.26325,0.07626
57733461,123.05,2221.04,0.25676,0.07412
113310578,123.05,1994.63,0.31445,0.07023
236067797,123.05,2071.42,0.26158,0.07311
180033515,123.05,1813.37,0.21349,0.04868
124283764,123.05,1282.08,0.24871,0.04479
197621759,123.05,1932.01,0.25812,0.06949
193946901,123.05,2193.62,0.21374,0.07349
92580376,123.05,2135.77,0.1746,0.07167
40170864,123.05,2480.95,0.31924,0.08806
36401437,123.05,3010.13,0.1894,0.15427
261640498,123.05,2507.2,0.21514,0.12226
242630659,129.2,2425.36,0.2442,0.09967
54933895,123.05,2379.23,0.28029,0.06412
53783908,117.45,1909.49,0.2098,0.07981
147884568,123.05,1752.0,0.24565,0.05305
97398365,117.45,1928.64,0.26244,0.0542
94762842,123.05,1601.32,0.24568,0.05393
225198762,123.05,1849.29,0.29094,0.05564
80860193,123.05,3036.83,0.24926,0.13707
1546865,123.05,3306.64,0.20973,0.15061
254806988,123.05,1796.16,0.1887,0.06884
33447348,117.45,2299.4,0.19755,0.09204
43568232,123.05,3456.41,0.24627,0.11105
220191402,129.2,2394.51,0.23424,0.12933
85122553,123.05,2323.74,0.28596,0.06322
132246524,123.05,2995.86,0.22993,0.14775
77787618,123.05,1940.07,0.19841,0.06222
223800629,123.05,2205.6,0.19049,0.07286
112772194,123.05,2640.06,0.16895,0.10442
26289551,161.5,1754.69,0.27163,0.05448
37322132,112.35,2644.16,0.24046,0.09662
68684684,123.05,3012.99,0.17925,0.12113
179865241,123.05,2380.41,0.19253,0.08973
123133076,117.45,2069.64,0.29922,0.06956
181277037,99.38,1952.0,0.21703,0.07803
157296062,123.05,2275.63,0.19962,0.0832
55650187,123.05,2328.39,0.26257,0.09367
161258152,123.05,3522.19,0.20906,0.17571
49758734,117.45,1808.07,0.26486,0.04841
93868047,123.05,2880.9,0.31515,0.11379
71761505,129.2,2534.84,0.24285,0.08739
107309525,123.05,2323.93,0.25093,0.08833
73995056,99.38,2097.75,0.31737,0.07404
65582049,123.05,2431.41,0.2704,0.09743
95961220,123.05,993.26,0.22545,0.03077
165524840,123.05,2451.76,0.20866,0.10763
167910487,117.45,2185.28,0.2913,0.06104
266814082,123.05,3061.53,0.25091,0.11152
171743137,123.05,2668.93,0.23837,0.11306
248377847,123.05,1896.53,0.25088,0.07453
156215897,123.05,2540.28,0.21563,0.10744
39877509,123.05,3592.88,0.23692,0.16114
42070006,123.05,3120.16,0.31567,0.16664
190394793,143.55,2147.89,0.35585,0.08138
36855175,123.05,2710.99,0.21653,0.1208
184957598,123.05,2722.77,0.24436,0.10276
234186244,123.05,1834.6,0.1917,0.06619
142540598,117.45,2207.66,0.18196,0.10375
138649660,117.45,2306.27,0.26929,0.08047
202823662,123.05,2809.1,0.23147,0.10486
66577664,123.05,1796.16,0.20437,0.0818
60989519,123.05,2003.52,0.28341,0.07294
234857078,123.05,2497.98,0.20598,0.07717
95048447,123.05,2213.41,0.27302,0.06043
89688059,129.2,2652.6,0.22562,0.1079
1731822,123.05,1982.32,0.30346,0.07181
105619212,117.45,2430.33,0.25794,0.05905
222606809,123.05,1324.41,0.32797,0.03267
185361497,129.2,2432.3,0.18804,0.09692
2034467,123.05,1909.23,0.23393,0.06187
195007580,123.05,2130.09,0.2487,0.06593
250026593,123.05,1604.65,0.2647,0.06392
124801849,129.2,2848.54,0.19947,0.11229
71138534,123.05,1451.35,0.32145,0.05484
69149239,123.05,2874.11,0.22678,0.10423
236739625,123.05,3681.28,0.18002,0.19133
40410713,129.2,2089.64,0.30825,0.06366
137786811,129.2,2156.3,0.29468,0.07737
49872996,129.2,2861.05,0.25518,0.14214
150493197,123.05,2525.37,0.28456,0.11546
55180456,123.05,2878.11,0.23791,0.14028
33189004,123.05,1684.74,0.28354,0.04206
250235618,123.05,2635.46,0.26771,0.07999
140507159,123.05,2661.04,0.25226,0.10298
189607607,107.67,2990.18,0.17633,0.13359
49418341,112.35,1721.5,0.18323,0.05749
214769220,129.2,3497.12,0.26459,0.15041
228284650,123.05,1733.69,0.23219,0.06649
232265181,129.2,2797.96,0.2628,0.1098
247494727,123.05,3560.39,0.11415,0.20196
234287874,123.05,1724.55,0.26236,0.0742
30172212,129.2,2827.51,0.33766,0.08573
114401179,123.05,2097.89,0.28334,0.0948
131376727,123.05,3026.42,0.22862,0.15787
175453858,123.05,2150.14,0.2219,0.08058
3465079,123.05,3168.78,0.24783,0.13376
61455450,129.2,2700.31,0.3031,0.11691
67373601,123.05,2162.55,0.31646,0.08294
238401432,129.2,1637.99,0.38853,0.03963
215303743,129.2,2284.9,0.19671,0.09595
13725939,129.2,2735.88,0.31356,0.09981
13243339,123.05,2915.82,0.27645,0.14532
18220199,129.2,2553.14,0.25198,0.1085
71658029,123.05,1700.03,0.27192,0.05121
228512498,123.05,3286.99,0.25946,0.14682
95210060,129.2,2691.42,0.26734,0.11131
78320939,123.05,2742.25,0.26469,0.11807
254102380,123.05,3196.86,0.30287,0.12786
20448789,123.05,1658.29,0.28289,0.04894
45315752,123.05,2025.23,0.30194,0.06144
133713144,123.05,2715.91,0.1971,0.10704
143279501,123.05,2926.53,0.21412,0.12454
129713651,123.05,1396.85,0.24004,0.04246
227877491,123.05,1470.46,0.28458,0.04365
86802891,123.05,1553.81,0.22285,0.04422
57438430,123.05,1806.92,0.31003,0.04241
228026068,123.05,1218.47,0.22295,0.03563
39257969,123.05,2977.82,0.28146,0.11567
5614846,95.7,2458.01,0.21272,0.08133
61618185,123.05,1932.9,0.17987,0.06969
261396742,123.05,2443.42,0.26403,0.09507
133821608,117.45,2387.53,0.20221,0.09349
262100380,117.45,2804.4,0.22631,0.12961
132288223,123.05,2168.53,0.09845,0.07856
82007290,117.45,2499.13,0.14956,0.12412
248717782,123.05,2559.55,0.27416,0.09575
193094566,123.05,2536.26,0.37148,0.0835
242169392,117.45,2026.79,0.32693,0.06224
96866503,123.05,2585.64,0.17132,0.12819
183835391,123.05,1006.63,0.27467,0.02935
238419492,117.45,1591.7,0.26895,0.05295
209790876,123.05,2823.98,0.27823,0.12859
74355957,123.05,2467.66,0.2918,0.10018
262726804,117.45,1787.83,0.26019,0.06061
22636983,117.45,2290.54,0.24909,0.07323
58368942,123.05,2915.61,0.14859,0.11987
123249684,123.05,2534.76,0.20016,0.09337
155680241,123.05,1545.76,0.31862,0.04251
38082348,123.05,2196.82,0.26752,0.09916
181638710,123.05,2077.63,0.19773,0.06633
18688777,117.45,1879.44,0.21163,0.05693
178066786,123.05,2416.53,0.29454,0.0754
86802218,123.05,1784.59,0.27701,0.06253
21103108,117.45,2026.79,0.32693,0.06224
162590116,123.05,2600.33,0.27578,0.1045
148839794,117.45,1473.17,0.23214,0.0655
40948116,123.05,2682.44,0.2533,0.12618
17464117,123.05,2090.56,0.21015,0.08844
20330612,123.05,2117.45,0.24134,0.09608
52528515,123.05,1946.01,0.18212,0.07849
240462196,117.45,1894.88,0.191,0.06027
183789307,123.05,3075.93,0.20969,0.1567
222697831,123.05,2472.57,0.23779,0.09209
209576427,123.05,2869.16,0.17275,0.14906
66338611,123.05,1849.91,0.22213,0.06161
171469258,123.05,2993.68,0.26072,0.12788
85688139,123.05,2632.29,0.26068,0.09341
162026590,123.05,2437.17,0.23771,0.09708
195880651,123.05,2346.35,0.28874,0.07444
197447241,123.05,2928.35,0.21026,0.1153
149964348,117.45,3194.34,0.22214,0.13432
4047777,129.2,2936.57,0.28325,0.10265
240669925,123.05,2611.08,0.30537,0.10154
74380987,123.05,2039.19,0.26416,0.07063
60691516,123.05,2568.56,0.19439,0.10096
178428309,123.05,3005.01,0.28006,0.13492
222472754,117.45,1711.69,0.21822,0.05079
6516300,123.05,2063.38,0.27146,0.06336
70644301,123.05,2200.0,0.25435,0.07892
27973912,123.05,1921.78,0.18226,0.07773
255834919,112.35,1394.1,0.22086,0.03235
88101130,117.45,1619.65,0.22439,0.05026
199321398,117.45,2305.5,0.35115,0.0656
114675163,117.45,2960.47,0.22837,0.09913
241184199,117.45,1521.81,0.24477,0.05879
101723539,117.45,1691.92,0.2635,0.05337
12916837,117.45,2053.93,0.23237,0.08297
62739347,117.45,1199.31,0.26905,0.04188
185426388,117.45,1214.36,0.17411,0.04732
261090404,117.45,2605.42,0.23142,0.08022
31464741,117.45,1739.99,0.09082,0.05984
111367819,117.45,1842.71,0.27223,0.04705
105408946,117.45,2052.85,0.28883,0.067
153470829,117.45,2251.46,0.27227,0.06634
167292578,117.45,1887.29,0.20352,0.06169
112912630,117.45,1125.2,0.20148,0.04082
120167130,129.2,2905.64,0.21787,0.14297
215325599,123.05,2589.03,0.25667,0.11636
248660266,129.2,2087.36,0.15475,0.09176
66510959,123.05,2485.63,0.27646,0.08361
117920739,129.2,2581.81,0.26845,0.09855
267812309,123.05,2788.42,0.33481,0.1066
27478423,129.2,2414.88,0.24422,0.08373
126075061,129.2,2511.21,0.30545,0.09314
113930165,136.0,2676.38,0.2737,0.07978
214222390,123.05,1592.71,0.20322,0.06965
73401446,117.45,1973.82,0.24262,0.07573
186242299,123.05,2327.22,0.39303,0.08291
85175081,123.05,3063.48,0.32584,0.13821
102138808,129.2,1864.37,0.26858,0.07858
13077428,123.05,3123.16,0.29922,0.12926
7107296,123.05,3036.2,0.28221,0.15534
66540974,95.7,2824.51,0.26037,0.10968
245682198,117.45,2871.05,0.26287,0.10985
253159763,123.05,3364.73,0.25643,0.1588
191782966,117.45,1671.96,0.16864,0.04858
74319095,136.0,2379.77,0.33338,0.08563
262429416,123.05,2219.78,0.21579,0.07798
171389140,123.05,1938.47,0.17843,0.06804
56682265,112.35,2559.12,0.33458,0.09482
184461067,123.05,1486.5,0.24893,0.04955
42406512,123.05,2667.78,0.28277,0.09763
72255284,123.05,1993.4,0.24268,0.06848
12732858,123.05,2289.47,0.25788,0.08137
9911299,117.45,2810.79,0.22033,0.0915
18628011,123.05,2616.31,0.17671,0.13645
206218750,123.05,3115.09,0.32124,0.12999
239793084,112.35,2146.85,0.15969,0.08084
243441585,123.05,2190.71,0.26913,0.06589
164445176,117.45,1893.34,0.22629,0.04726
83327200,117.45,1513.31,0.24285,0.04439
116608578,123.05,1450.13,0.24248,0.04948
90407562,117.45,1340.34,0.18333,0.04547
254210722,129.2,2273.03,0.30271,0.07032
156902075,123.05,2582.35,0.23365,0.09488
150482852,117.45,2156.39,0.20654,0.08262
152040221,123.05,3142.17,0.27547,0.13825
204923691,123.05,3054.19,0.30849,0.12866
240855031,83.35,1888.61,0.37897,0.04686
49473629,123.05,2248.7,0.29215,0.08482
25341904,136.0,2212.18,0.25164,0.06829
239968025,123.05,1994.99,0.26683,0.07681
184240423,129.2,1923.76,0.29909,0.07484
166371436,123.05,1606.75,0.34533,0.04022
244850395,123.05,1148.15,0.26422,0.03696
213145650,123.05,2088.17,0.27875,0.07554
132028070,123.05,1762.52,0.30446,0.05608
102869915,117.45,910.84,0.21666,0.02345
154241842,123.05,1984.71,0.26407,0.06716
96031668,123.05,1616.79,0.22451,0.05695
98247072,123.05,1165.7,0.19003,0.03778
33129556,123.05,3541.98,0.15419,0.18381
180414774,117.45,2197.03,0.29784,0.05025
152954501,129.2,3053.67,0.26902,0.14591
112604607,129.2,2545.67,0.28144,0.101
30541062,129.2,3289.85,0.28573,0.15743
81745020,129.2,2624.31,0.27815,0.12107
135983275,129.2,1412.69,0.23377,0.05118
120472834,112.35,2250.01,0.25354,0.09702
81720849,136.0,2145.21,0.25953,0.0676
102652167,123.05,2223.2,0.33893,0.08268
14734245,123.05,2743.19,0.27629,0.11812
71914882,123.05,2344.23,0.31002,0.0912
257156020,129.2,2455.2,0.14,0.1267
81101642,123.05,2755.95,0.23416,0.11589
217355501,123.05,1902.22,0.17991,0.06728
38985918,117.45,1155.89,0.24326,0.02921
136886584,123.05,3016.24,0.27309,0.12356
224027443,123.05,2530.71,0.26037,0.09241
38150899,129.2,2132.01,0.22927,0.09625
77692325,123.05,1594.02,0.20628,0.04475
100735954,117.45,2617.75,0.18729,0.10353
159815235,117.45,2366.53,0.34367,0.1001
78204012,117.45,1830.02,0.29837,0.07007
128458373,117.45,2139.35,0.19215,0.08221
50356953,123.05,1592.86,0.29807,0.04799
179319473,117.45,2248.73,0.25391,0.0808
194088047,117.45,1877.93,0.27291,0.06415
229164520,117.45,2537.88,0.27233,0.09071
33414587,129.2,2238.98,0.27609,0.07983
118205004,123.05,2303.25,0.25688,0.08107
55298810,117.45,2163.29,0.12992,0.08456
199193425,123.05,2112.24,0.22698,0.08399
28420848,123.05,2785.49,0.25662,0.12216
252535863,123.05,1789.04,0.24397,0.04838
81703914,86.13,2508.29,0.22749,0.08699
248912981,123.05,2712.59,0.23035,0.11096
230406395,123.05,1731.26,0.26403,0.05827
197250719,123.05,2295.48,0.23803,0.0793
27035989,123.05,2202.05,0.24997,0.07815
177301555,123.05,2713.42,0.25288,0.10841
212871249,123.05,2748.92,0.22902,0.12071
106650580,129.2,1884.1,0.21158,0.06489
248351326,123.05,2654.63,0.30125,0.1032
23367581,123.05,2515.35,0.23148,0.08592
18023415,123.05,2627.22,0.17526,0.09769
56503094,123.05,2322.17,0.23898,0.0933
215778266,123.05,2223.1,0.25545,0.0875
93188713,123.05,2170.53,0.23392,0.08806
35628993,129.2,2129.96,0.32923,0.0703
42278171,117.45,1916.28,0.20101,0.05538
12653221,123.05,2615.57,0.25948,0.0948
248602440,129.2,2066.95,0.27841,0.08251
242349126,117.45,3024.83,0.18929,0.10412
107526084,161.5,2408.58,0.30459,0.07509
240475802,123.05,2797.98,0.20517,0.09656
133224572,129.2,2137.52,0.37734,0.07338
71613578,129.2,2280.83,0.31245,0.07242
73971001,123.05,2045.34,0.21735,0.09771
57897244,123.05,2801.8,0.2306,0.12897
19355282,123.05,2234.22,0.21962,0.08575
463280,117.45,2168.55,0.2626,0.05235
160576698,129.2,2387.15,0.33453,0.08984
209325185,129.2,2663.99,0.22644,0.12839
134776081,129.2,2281.59,0.28963,0.08665
135097713,129.2,1937.37,0.29078,0.06554
233676546,129.2,2942.81,0.27353,0.10665
98699266,129.2,2770.65,0.30008,0.10715
170874970,129.2,2767.17,0.32266,0.09943
25429808,129.2,2646.32,0.29901,0.08846
171792051,136.0,2693.55,0.31273,0.11531
188208358,129.2,2631.39,0.37168,0.10041
111286918,107.67,2072.69,0.07464,0.10865
113214092,129.2,2424.13,0.22558,0.1039
131331405,123.05,2323.59,0.29609,0.09779
59113873,129.2,3129.05,0.26441,0.1345
8874392,129.2,2131.34,0.35308,0.08143
157691004,129.2,2354.2,0.34749,0.09156
38763726,123.05,2323.14,0.3134,0.06882
105369000,129.2,2563.73,0.24268,0.10304
109078082,129.2,1958.32,0.18976,0.07716
108979548,129.2,2868.53,0.28883,0.11757
144285096,129.2,2844.85,0.29652,0.10884
142849912,129.2,2497.16,0.30196,0.08907
61697933,129.2,2149.89,0.30412,0.08933
91178283,129.2,2660.33,0.25883,0.1202
153146889,129.2,2631.06,0.27521,0.09469
35503374,123.05,2543.13,0.23876,0.08644
240407035,123.05,2625.01,0.22669,0.10835
99566874,117.45,1964.28,0.26286,0.06667
176332567,123.05,2761.0,0.2502,0.11757
117217408,123.05,2346.78,0.28912,0.09665
209039596,123.05,2926.66,0.26371,0.1341
239344454,123.05,1459.66,0.20228,0.04969
94306515,117.45,2251.67,0.2363,0.086
57379610,123.05,2330.09,0.29328,0.0768
236935355,123.05,2090.2,0.20716,0.08272
52068627,117.45,2430.81,0.30044,0.0878
50624962,117.45,2477.09,0.2404,0.09348
133631966,123.05,2058.98,0.26713,0.05968
44805669,161.5,2446.62,0.27989,0.09324
213804625,117.45,2107.5,0.23159,0.05696
27540260,123.05,1706.27,0.32254,0.05688
243413737,129.2,1677.8,0.29331,0.05868
114245014,123.05,2892.93,0.29854,0.12012
31079750,123.05,2521.42,0.21032,0.11879
249879332,123.05,2522.06,0.23784,0.09334
202888423,123.05,2443.97,0.24901,0.09794
14725902,117.45,1928.44,0.17103,0.07472
47151936,123.05,1854.4,0.22903,0.05779
225413496,123.05,3257.25,0.24614,0.14912
81386821,123.05,2985.49,0.2664,0.12492
76387635,123.05,3695.31,0.24901,0.1562
132889915,123.05,2669.49,0.28784,0.08765
197977134,95.7,2594.98,0.29598,0.0703
209106842,117.45,1594.39,0.31444,0.05101
174883447,117.45,2425.14,0.27753,0.09147
41493527,117.45,2983.11,0.26233,0.10134
161893302,123.05,1988.64,0.23558,0.07053
143078066,161.5,2172.47,0.20019,0.06897
238836646,123.05,2086.81,0.24822,0.07793
160362034,136.0,2739.82,0.26222,0.12629
91018305,123.05,2289.92,0.22677,0.10049
114793917,129.2,2580.56,0.2892,0.10081
184464568,129.2,3167.27,0.28508,0.13603
71922239,129.2,3112.79,0.28223,0.14185
141839941,129.2,2327.58,0.35208,0.08212
52977917,129.2,3169.73,0.24741,0.13739
59497179,129.2,2628.36,0.32713,0.09045
68343641,123.05,2409.51,0.3618,0.05857
123978819,129.2,2742.98,0.27119,0.12274
87931395,129.2,2447.13,0.33435,0.09094
46214076,123.05,2849.04,0.17388,0.08183
258478720,129.2,2374.18,0.23295,0.10568
138490302,123.05,2768.73,0.27308,0.11396
15607464,123.05,2677.64,0.20443,0.11978
3794367,123.05,2467.04,0.22057,0.12643
154934684,123.05,2095.04,0.3033,0.0659
5765082,123.05,1972.58,0.22945,0.07376
224928810,123.05,2614.42,0.17021,0.08526
171327685,123.05,2724.31,0.292,0.07927
202301441,123.05,2941.08,0.24412,0.09043
94297454,123.05,1857.22,0.2386,0.06344
134688480,123.05,2659.74,0.23367,0.09361
208479240,123.05,2646.47,0.21775,0.09492
101931247,123.05,2421.21,0.21529,0.07281
146572734,123.05,2324.36,0.25975,0.08535
85725657,123.05,2166.64,0.30416,0.06738
263475807,123.05,2413.23,0.23386,0.06582
27037124,123.05,2123.65,0.23657,0.07064
152467591,123.05,2476.88,0.24872,0.10462
168281208,129.2,2919.84,0.28349,0.1272
228398637,123.05,2329.43,0.21467,0.0931
113118036,117.45,2243.08,0.21691,0.08177
89686535,123.05,2338.36,0.18505,0.11481
5843031,123.05,3212.79,0.27617,0.13408
46767441,123.05,2890.85,0.26896,0.12311
204347585,129.2,2818.38,0.23181,0.14018
182415102,89.1,2529.99,0.33588,0.07778
177602965,129.2,2830.11,0.3119,0.13105
19817364,129.2,2950.42,0.35587,0.12159
118950843,129.2,2617.61,0.28597,0.10008
110317642,136.0,2542.3,0.41372,0.09122
125232718,129.2,2074.35,0.35437,0.07024
3426302,123.05,3077.56,0.27561,0.14517
119898356,129.2,2997.39,0.25265,0.12426
255874068,129.2,2947.71,0.25358,0.11095
165515484,129.2,2562.41,0.30105,0.10573
99294778,123.05,2844.57,0.25289,0.12938
209210270,129.2,2815.73,0.26679,0.13718
13434458,129.2,2584.61,0.29126,0.08955
253001568,123.05,2692.22,0.29786,0.12051
53761201,123.05,2708.95,0.30484,0.11933
43724815,129.2,2210.05,0.39821,0.07444
161598174,123.05,2753.23,0.26912,0.11356
150359082,129.2,3455.98,0.21964,0.14762
89817099,95.7,1655.03,0.29942,0.04166
150508670,123.05,2469.37,0.23056,0.0948
176381145,123.05,1907.28,0.28685,0.05056
25956458,123.05,1998.5,0.25739,0.04828
255574226,129.2,3563.15,0.22416,0.17872
160804594,123.05,2868.95,0.28454,0.12375
147889591,123.05,1645.21,0.3172,0.04257
261645178,123.05,1692.64,0.33873,0.05483
139153221,123.05,1620.79,0.35475,0.04396
172232876,123.05,1420.56,0.3293,0.0482
119485285,123.05,2128.89,0.24017,0.06493
79960464,129.2,2449.54,0.21774,0.08579
187594812,129.2,3051.25,0.2556,0.13996
254047653,117.45,1880.74,0.24407,0.05695
19610148,129.2,2458.16,0.31718,0.0823
46116827,123.05,2678.49,0.34021,0.09628
118196522,123.05,1742.42,0.23656,0.07507
237346774,117.45,2360.09,0.26333,0.09387
252864332,123.05,3720.82,0.23543,0.17299
88449160,123.05,2216.9,0.24795,0.07346
160768501,123.05,2454.15,0.26505,0.10572
93957003,123.05,2411.63,0.27544,0.09835
146854693,129.2,1375.61,0.24576,0.0633
195778073,123.05,1544.72,0.15843,0.06065
62373734,123.05,2969.7,0.14268,0.10826
66522925,123.05,2681.74,0.24754,0.11249
118430264,123.05,1510.97,0.15096,0.06214
268072473,99.38,2524.3,0.21775,0.09635
49901360,123.05,2257.39,0.24177,0.08495
140118340,161.5,2688.48,0.28154,0.11221
159271315,123.05,2618.77,0.23512,0.10904
15537941,123.05,2652.61,0.34413,0.10236
86820374,123.05,2448.79,0.20365,0.08092
59572636,123.05,2738.99,0.2668,0.09175
263438672,117.45,2983.51,0.19851,0.10797
77628112,123.05,3633.0,0.20736,0.16419
215783747,129.2,2960.64,0.31471,0.11648
119898597,129.2,1735.69,0.31832,0.04998
83511243,123.05,2923.79,0.21919,0.12466
59508133,123.05,2766.19,0.26333,0.11356
146524674,123.05,2276.25,0.25875,0.08518
242023954,123.05,3145.55,0.21849,0.13492
185224156,123.05,2759.38,0.29474,0.09204
89687874,123.05,2489.71,0.23617,0.08339
157023290,123.05,2982.78,0.2939,0.13238
214705963,123.05,2630.14,0.33778,0.08265
223587183,123.05,3676.75,0.26114,0.14703
222156954,129.2,2650.63,0.3739,0.08668
129335396,129.2,2625.16,0.32233,0.10731
73952685,123.05,2275.17,0.21509,0.10488
154156195,117.45,2216.03,0.22333,0.0817
73753927,161.5,1807.83,0.21342,0.0687
243514476,123.05,2621.29,0.26707,0.09531
119199249,129.2,2769.59,0.23343,0.11906
114523829,123.05,3743.21,0.21891,0.14514
161178518,123.05,2949.2,0.27156,0.13288
166183156,123.05,2338.35,0.24521,0.078
92148460,123.05,2695.81,0.30105,0.09132
2280598,123.05,2050.49,0.33469,0.05961
216831915,123.05,2541.18,0.22537,0.10257
168069709,129.2,2370.14,0.32023,0.07979
156815106,129.2,2520.94,0.28327,0.0983
204551954,123.05,3099.87,0.24193,0.12595
204519751,129.2,2371.36,0.22397,0.09263
199861867,123.05,2952.36,0.22111,0.12766
112739257,123.05,2413.46,0.33022,0.09315
39012923,129.2,2571.47,0.2678,0.10811
84217697,129.2,3012.48,0.32327,0.1124
143904983,123.05,3262.07,0.24684,0.16548
90795647,123.05,2550.67,0.30712,0.08933
41875096,123.05,3411.04,0.31373,0.16001
118095130,117.45,2090.76,0.24723,0.0615
206569433,136.0,1981.86,0.25888,0.08276
71278956,123.05,3157.05,0.24066,0.15155
178214778,123.05,3270.13,0.22847,0.12749
30086504,129.2,2730.59,0.26806,0.10801
267007171,129.2,2876.66,0.29468,0.12686
4579764,123.05,2252.12,0.18857,0.10251
128799295,123.05,1061.13,0.40777,0.02327
224182125,129.2,1118.31,0.25252,0.02719
80180305,129.2,2390.48,0.22857,0.08563
79916936,129.2,1942.86,0.29083,0.06578
115576152,123.05,2325.15,0.27516,0.08937
209728627,123.05,2948.0,0.28248,0.1273
151381592,83.35,1985.51,0.19381,0.07799
77487892,129.2,2429.34,0.30107,0.09712
56781785,123.05,2555.08,0.28975,0.09132
45423917,129.2,3148.02,0.31654,0.13986
242269709,123.05,2305.25,0.31728,0.09886
36009553,123.05,2978.25,0.19031,0.13699
77334678,129.2,2771.75,0.23426,0.12657
212069772,161.5,2585.72,0.3128,0.09638
263031453,123.05,2524.43,0.2944,0.09005
165292919,123.05,3370.9,0.16218,0.1629
196067845,117.45,2291.17,0.3326,0.06095
123683969,123.05,1898.19,0.22814,0.07019
38743407,129.2,2635.06,0.24989,0.08154
183974978,129.2,3234.95,0.28554,0.14691
156472310,123.05,2828.23,0.34713,0.11419
196939298,129.2,2232.1,0.24908,0.08398
105059692,123.05,1544.66,0.14247,0.06385
36536833,123.05,2362.49,0.22924,0.07276
195153413,123.05,1900.3,0.29262,0.06187
71814433,129.2,2682.83,0.21036,0.13432
100563969,123.05,3228.95,0.2359,0.17719
178081926,129.2,2600.42,0.2792,0.11694
95548982,123.05,3375.94,0.28327,0.17608
74854413,123.05,3250.55,0.23605,0.14922
159043123,129.2,2959.09,0.25097,0.14608
225188749,123.05,2201.18,0.30891,0.08734
88435599,123.05,3203.98,0.26156,0.18165
208944691,129.2,2881.51,0.21402,0.15254
250304508,129.2,2272.49,0.29091,0.09463
191102203,123.05,1772.4,0.22223,0.05821
233089750,123.05,3386.19,0.27966,0.17312
254602569,123.05,2714.4,0.30123,0.12625
199697545,129.2,2670.27,0.33823,0.09219
102563966,129.2,2804.73,0.25092,0.11023
80274059,129.2,2843.64,0.19169,0.15003
2038215,129.2,1402.57,0.30462,0.04167
107076314,123.05,2898.89,0.22888,0.13605
183475937,129.2,2356.36,0.23773,0.09072
253294846,123.05,2426.45,0.30262,0.08543
240164736,123.05,2328.07,0.26777,0.07837
111810686,129.2,2227.89,0.25356,0.08626
169764009,123.05,2200.66,0.27678,0.07509
235591775,123.05,2839.69,0.25899,0.11709
207969254,123.05,2544.89,0.25053,0.09021
119828817,123.05,2234.12,0.22091,0.0783
10281957,129.2,2202.38,0.30777,0.0675
249344173,123.05,2533.6,0.2294,0.07028
220770513,83.35,2422.47,0.30843,0.08892
253115995,123.05,2388.25,0.30624,0.07819
204915657,129.2,2690.6,0.28592,0.09203
166796315,123.05,3594.36,0.31566,0.1784
247707834,123.05,2228.71,0.28019,0.08464
257972293,123.05,2583.49,0.27177,0.08389
149354739,123.05,2163.06,0.31409,0.06889
198623605,129.2,2912.68,0.25037,0.15256
149967126,129.2,3439.61,0.22671,0.1966
155411851,129.2,3022.28,0.3629,0.13121
57711132,129.2,2442.77,0.31547,0.0887
214557507,123.05,2370.14,0.232,0.08952
131343499,129.2,2791.75,0.28374,0.11765
167922251,129.2,2988.08,0.25219,0.1561
242754656,129.2,3063.14,0.29603,0.14348
136153776,129.2,2032.83,0.34396,0.06693
24467495,117.45,2138.36,0.29595,0.06914
42198577,129.2,2450.9,0.1758,0.10003
72684890,123.05,1796.66,0.20818,0.04512
104090890,123.05,2367.29,0.28102,0.08046
211166336,123.05,2463.32,0.30954,0.09359
212714240,129.2,2833.22,0.18754,0.12152
2406344,123.05,2151.82,0.29551,0.07356
65705534,129.2,3075.48,0.29859,0.14045
121361510,129.2,2877.6,0.2201,0.11473
158209004,123.05,2683.92,0.27166,0.10519
77061545,129.2,2552.03,0.26795,0.10463
222271420,123.05,2816.01,0.26841,0.10213
247002064,129.2,2545.66,0.28875,0.08303
150187730,129.2,2585.63,0.22984,0.11837
140666222,129.2,3361.09,0.2398,0.15387
160513861,136.0,3302.96,0.26453,0.13092
240427803,123.05,2280.64,0.18361,0.09358
2682113,123.05,2746.91,0.19869,0.10302
144081188,123.05,2840.69,0.27083,0.09909
225178428,129.2,2633.03,0.32908,0.08911
156696104,123.05,2291.16,0.33526,0.09064
155399227,123.05,2439.97,0.22641,0.08019
194695883,129.2,3100.6,0.24948,0.12581
140079725,117.45,2131.81,0.18865,0.07736
192671898,123.05,2165.66,0.20811,0.06558
252071809,123.05,2457.19,0.26502,0.09876
21807889,123.05,2718.39,0.16671,0.09898
124204250,123.05,1845.69,0.26127,0.06862
69347494,129.2,3421.78,0.21714,0.18563
641813,123.05,2177.13,0.2274,0.08346
76546426,123.05,3314.5,0.16863,0.14692
82349167,123.05,3211.88,0.30647,0.1561
239510533,123.05,1720.61,0.34128,0.05068
455659,123.05,2571.26,0.26024,0.10813
15244833,123.05,1954.86,0.19571,0.07315
80215631,123.05,2441.09,0.26901,0.0696
37031601,123.05,1813.68,0.1267,0.07437
183550545,123.05,2791.08,0.22206,0.11146
162798517,161.5,2673.95,0.25364,0.11481
195073171,123.05,2490.08,0.21828,0.11555
129938594,123.05,2446.41,0.2314,0.08196
146612048,129.2,2997.98,0.28915,0.11613
166794903,123.05,2121.57,0.23534,0.07454
179364461,123.05,2394.43,0.21748,0.08745
154589639,117.45,2309.7,0.21124,0.07247
16331052,123.05,2474.41,0.25219,0.09664
248019531,123.05,2052.33,0.25887,0.06139
158434562,123.05,3162.59,0.28195,0.10204
180368914,83.35,2501.34,0.31032,0.08376
135848849,123.05,2547.84,0.31095,0.08102
118139257,129.2,2890.61,0.25789,0.12035
247034330,123.05,2902.0,0.2104,0.11498
46372124,123.05,2905.38,0.26507,0.09619
125060048,123.05,2068.07,0.26027,0.05832
22378055,123.05,2100.87,0.20382,0.06419
4079904,129.2,3023.25,0.24699,0.1246
38349367,123.05,1803.61,0.32826,0.05953
135925241,117.45,2701.41,0.23305,0.1436
33345586,123.05,1913.83,0.18236,0.08502
82979075,123.05,2818.52,0.25741,0.09392
75214148,123.05,2673.46,0.30994,0.09369
12748451,123.05,2275.16,0.18452,0.07635
125469590,123.05,2926.35,0.21111,0.12647
71468851,123.05,3169.26,0.25056,0.12436
76623606,129.2,2644.91,0.24956,0.09718
43640144,129.2,2430.11,0.41817,0.07444
53966869,129.2,2455.13,0.34848,0.08132
8402906,129.2,2711.02,0.22341,0.11199
12897155,123.05,3013.99,0.19144,0.14125
82650425,129.2,2353.91,0.26948,0.07351
233611986,123.05,2839.13,0.20318,0.10999
132324990,129.2,1482.39,0.19836,0.05351
106326976,123.05,1825.35,0.24548,0.04947
239807540,123.05,2792.13,0.31579,0.12587
143698711,123.05,2193.04,0.21976,0.08702
81046555,123.05,2808.72,0.16128,0.11275
6607605,123.05,2413.49,0.26061,0.08334
178484117,123.05,1630.55,0.30024,0.06386
207424738,117.45,2205.07,0.21848,0.09218
169342932,123.05,2442.86,0.24731,0.08462
39696245,123.05,3332.8,0.20434,0.15959
49527132,123.05,2579.41,0.23394,0.11329
145713560,123.05,1337.81,0.10168,0.06354
234260653,117.45,2177.46,0.19498,0.07754
82976561,123.05,1914.41,0.23812,0.06146
59270314,117.45,2982.7,0.25759,0.10355
170932854,123.05,1607.08,0.20943,0.05557
219640776,123.05,2293.12,0.26964,0.05745
256757929,123.05,2035.28,0.28208,0.06054
72100401,123.05,2464.54,0.28932,0.08888
123886771,123.05,2099.16,0.21782,0.06589
179866548,123.05,1618.64,0.26582,0.05033
84089300,123.05,2682.11,0.25499,0.10334
214323948,123.05,1898.09,0.25443,0.06997
39407017,129.2,1872.62,0.20611,0.06329
19684743,123.05,2450.1,0.25732,0.08346
251052822,123.05,1922.68,0.2116,0.05622
115127812,123.05,2458.13,0.22463,0.09238
8650069,123.05,1775.34,0.29204,0.04287
78295264,123.05,2605.62,0.20999,0.10325
162077162,123.05,2632.66,0.2347,0.09598
101214061,123.05,2043.58,0.24992,0.07701
93616156,123.05,2408.87,0.28634,0.08166
256633248,123.05,1961.57,0.25277,0.06536
60108542,123.05,1628.14,0.22137,0.06132
54398102,123.05,2429.91,0.20055,0.10224
248064166,129.2,2784.16,0.27588,0.13254
52745328,129.2,2522.7,0.31685,0.09747
268174253,123.05,2660.55,0.18828,0.12937
41836468,129.2,2252.34,0.34913,0.07414
12927830,123.05,2651.11,0.17182,0.11332
215701081,123.05,1916.05,0.23987,0.07117
11357064,123.05,2478.01,0.29015,0.0865
123189587,123.05,2388.06,0.24304,0.09504
134905033,123.05,2161.1,0.17925,0.07914
69026571,123.05,2334.39,0.29594,0.07516
6392979,123.05,2205.81,0.30322,0.05248
52107986,123.05,2534.16,0.20774,0.09529
177310571,123.05,2831.72,0.27731,0.10541
45354378,123.05,2283.01,0.20712,0.06516
229294733,123.05,2751.73,0.19997,0.09264
74607802,123.05,3207.75,0.19409,0.13874
111662729,129.2,2027.49,0.23632,0.05207
19014156,123.05,2448.33,0.2517,0.08491
120385804,129.2,1912.66,0.30075,0.0444
70953376,123.05,2504.99,0.25405,0.09426
89119560,117.45,2156.01,0.23697,0.05391
3335562,117.45,2170.51,0.24111,0.07821
213799970,123.05,2568.78,0.22295,0.10137
207946069,123.05,2873.27,0.18019,0.13752
88588927,123.05,2316.43,0.25024,0.07307
251330683,123.05,2406.4,0.30603,0.08296
173050161,129.2,2289.12,0.21866,0.07122
5902967,123.05,2255.31,0.12818,0.07836
78071416,123.05,2166.26,0.28829,0.068
39885611,123.05,3141.31,0.23068,0.12036
209001344,123.05,3296.99,0.24619,0.15027
244140214,123.05,2729.35,0.21553,0.1048
56832608,123.05,2800.33,0.27392,0.08346
29760803,117.45,2262.23,0.21915,0.09039
169434884,117.45,1718.44,0.30095,0.0525
155691830,123.05,2066.13,0.24879,0.05977
250695392,117.45,2108.3,0.19058,0.07061
96648269,123.05,2980.2,0.2396,0.11755
86369487,123.05,2646.68,0.33244,0.12025
46389726,123.05,2342.92,0.24203,0.08338
123438260,129.2,2508.56,0.29348,0.09291
188144654,161.5,1675.99,0.26691,0.04982
250960487,123.05,1964.2,0.20671,0.07357
216735108,129.2,1987.56,0.27655,0.04968
160888385,123.05,2143.46,0.21024,0.08988
261909437,123.05,2381.95,0.22924,0.08886
230267561,123.05,2307.62,0.26098,0.09251
143164475,112.35,3032.67,0.16073,0.10759
190119567,123.05,2595.68,0.22344,0.10105
74813681,123.05,2820.71,0.27903,0.1163
109902285,123.05,2378.81,0.32058,0.09801
18171252,123.05,3057.32,0.22902,0.13024
124237586,117.45,2321.72,0.21367,0.08682
157914929,117.45,2013.52,0.20345,0.06725
201470576,123.05,2212.65,0.20834,0.07972
63217671,123.05,2078.1,0.18671,0.07915
83864920,123.05,2263.68,0.22207,0.0814
240332210,112.35,2177.0,0.19762,0.06585
189159697,117.45,2348.75,0.17303,0.10522
133490340,123.05,2547.1,0.22972,0.09393
196048470,129.2,2443.04,0.25019,0.08638
20062329,117.45,2275.48,0.28375,0.08231
22598838,129.2,2512.01,0.20149,0.08965
68769395,123.05,1678.34,0.13806,0.06185
212894618,123.05,2284.43,0.21585,0.08516
230399418,117.45,2195.55,0.28124,0.06675
128372129,123.05,1953.21,0.34539,0.05641
54391115,117.45,2301.21,0.16772,0.09479
47102603,99.38,3240.68,0.18094,0.1316
221723883,123.05,2515.31,0.18027,0.0899
162923416,123.05,1875.32,0.23884,0.05997
136144090,123.05,2818.36,0.23248,0.10781
52067640,123.05,2568.74,0.16918,0.13265
53517873,117.45,2870.82,0.27942,0.07747
195874776,123.05,2512.14,0.32527,0.06538
104805560,117.45,3019.93,0.20379,0.12376
257657728,123.05,2091.93,0.23163,0.07631
133012178,123.05,2626.15,0.25003,0.10627
240338456,123.05,2330.88,0.266,0.08078
60720536,129.2,1673.23,0.19564,0.0608
239220700,123.05,1832.02,0.31488,0.04408
244173325,123.05,1751.51,0.1734,0.05008
190210466,123.05,2554.79,0.18378,0.11735
107499188,95.7,2743.4,0.15366,0.12826
195211535,129.2,2202.96,0.28488,0.07882
121480716,123.05,2978.48,0.26567,0.12067
240721763,161.5,1908.32,0.35923,0.05313
198458033,129.2,2734.13,0.25896,0.13102
182885799,117.45,1946.08,0.25493,0.05755
187647901,123.05,1866.3,0.25897,0.07154
250183478,123.05,2438.31,0.14575,0.11763
229340932,117.45,2329.76,0.24517,0.07701
42141415,117.45,2074.45,0.19979,0.08943
69211201,123.05,1888.38,0.22688,0.06501
267143357,117.45,2623.66,0.25093,0.08494
47185084,123.05,2768.65,0.2945,0.14755
92615271,117.45,2369.04,0.21405,0.09628
188176610,123.05,3008.02,0.26033,0.10649
205118082,117.45,2523.34,0.15997,0.09162
73616188,107.67,2067.19,0.15583,0.0515
80740175,123.05,1157.9,0.18822,0.03215
75125177,123.05,1271.26,0.24518,0.04754
231889328,123.05,2915.0,0.31997,0.11965
156453739,123.05,1921.86,0.27863,0.08218
218622265,123.05,2556.97,0.29683,0.09486
14322201,123.05,1512.51,0.2147,0.05724
460670,83.35,2223.11,0.23595,0.08722
196160536,112.35,1727.71,0.23623,0.07185
65742104,117.45,2266.96,0.13374,0.08314
91140729,123.05,2359.34,0.22669,0.083
150822548,123.05,2427.41,0.2666,0.0644
3795983,123.05,2339.46,0.25496,0.07564
78296739,117.45,2313.34,0.24019,0.11204
101191170,107.67,2387.18,0.3092,0.07765
15810208,117.45,2866.89,0.36702,0.08464
46120130,129.2,3239.89,0.25885,0.12344
136168023,123.05,2318.04,0.20603,0.09239
117333681,117.45,2381.77,0.19457,0.08858
93350976,117.45,1556.3,0.23225,0.05405
184485899,123.05,2315.69,0.19834,0.08846
218281431,123.05,1730.75,0.17886,0.04604
156801708,123.05,2245.15,0.24423,0.06482
2503670,117.45,1844.93,0.16883,0.06845
199054687,117.45,2726.61,0.13371,0.13356
70326192,123.05,2186.87,0.22278,0.05668
203231355,123.05,1948.26,0.19837,0.05837
140690510,123.05,3817.41,0.20157,0.17272
133735396,129.2,2876.31,0.20296,0.11401
40288673,123.05,2882.51,0.18797,0.13142
168594406,123.05,2143.38,0.21144,0.08599
72719767,117.45,1651.35,0.2516,0.06191
44267204,92.29,2630.07,0.21756,0.10473
34850702,117.45,1953.47,0.28186,0.05501
71434698,92.29,2026.72,0.20632,0.06695
204353697,107.67,2431.87,0.18556,0.08503
205125776,117.45,1571.52,0.23544,0.04795
114242556,123.05,1642.88,0.18123,0.05226
247424249,107.67,2417.44,0.25863,0.06622
39174912,117.45,2748.67,0.21237,0.07951
104987639,117.45,1929.31,0.24105,0.05635
193261988,117.45,2279.71,0.13584,0.08624
21689529,112.35,1608.7,0.22769,0.05275
263906631,123.05,1501.32,0.1954,0.07021
222922069,107.67,2253.55,0.15659,0.07313
189083757,117.45,1444.15,0.3147,0.05424
104093663,123.05,2551.29,0.19979,0.08629
121860780,123.05,1593.72,0.22894,0.05537
249421267,112.35,2103.29,0.24385,0.06679
195662692,123.05,2063.74,0.26126,0.06603
77485440,123.05,1600.69,0.18358,0.06637
158084342,123.05,2325.95,0.24014,0.11091
243757096,117.45,2020.46,0.24175,0.06683
6108062,117.45,1884.48,0.28554,0.06157
11289717,117.45,2036.46,0.1822,0.07817
224202449,129.2,1481.7,0.27352,0.04217
38657328,123.05,2329.33,0.29452,0.07369
174852176,123.05,2074.83,0.29064,0.07591
105395224,161.5,2872.43,0.20596,0.10317
117059547,123.05,2159.11,0.25544,0.07423
7107038,117.45,2060.97,0.28401,0.06914
206085055,123.05,1647.81,0.20759,0.05397
71550410,123.05,2315.39,0.32609,0.08181
16623275,143.55,2146.46,0.20855,0.07198
78445011,123.05,2655.75,0.20215,0.1228
57307831,117.45,1427.14,0.17927,0.05964
3545257,117.45,1633.6,0.27795,0.06205
214054328,117.45,2142.78,0.22756,0.09189
29171273,117.45,2045.93,0.23239,0.06486
13131936,123.05,2362.11,0.25535,0.07405
140084663,123.05,2552.07,0.27591,0.09707
191075734,123.05,2060.36,0.33983,0.06983
37956990,123.05,1601.45,0.28545,0.04864
267282143,136.0,2858.9,0.35431,0.10239
186017491,107.67,2354.37,0.24278,0.06894
6106746,123.05,2852.49,0.20617,0.12578
79553881,117.45,2694.39,0.22575,0.09997
63524419,123.05,2586.92,0.23027,0.09411
248141867,123.05,2149.54,0.31331,0.05815
180084193,123.05,1801.38,0.25554,0.05155
100071038,123.05,2487.93,0.21674,0.08157
145899402,123.05,2417.77,0.26024,0.09377
125077975,123.05,2582.13,0.23219,0.13012
20715789,129.2,2642.7,0.17216,0.08643
73109507,129.2,2517.77,0.21124,0.09855
208338993,129.2,1752.36,0.29558,0.05161
159887150,117.45,1625.78,0.14851,0.06151
120840157,123.05,1892.49,0.32199,0.04283
188863946,123.05,2194.61,0.26776,0.07476
240919439,123.05,2114.33,0.16106,0.08318
253294701,123.05,2267.15,0.24607,0.08374
156514487,92.29,1703.86,0.16226,0.05838
44399372,123.05,2894.21,0.22939,0.10926
207902278,83.35,2486.78,0.30677,0.06717
76256980,86.13,2119.61,0.25315,0.05711
74025412,123.05,2802.42,0.19976,0.11257
58697032,129.2,2479.88,0.29749,0.07961
33114,112.35,1791.88,0.43578,0.03701
124450588,117.45,2138.49,0.29148,0.04936
236927162,123.05,2162.03,0.3347,0.0508
246100369,123.05,2554.78,0.2108,0.11711
149081173,129.2,2300.9,0.24051,0.08401
69783516,112.35,2271.49,0.24489,0.07813
129325002,123.05,1270.61,0.28051,0.02176
59476437,117.45,2104.9,0.22226,0.06345
180113758,123.05,2714.33,0.27897,0.11866
170058047,117.45,1203.47,0.16327,0.06886
67839456,123.05,1994.12,0.304,0.07219
88456433,129.2,2259.39,0.17625,0.08669
49942035,123.05,2487.69,0.28418,0.07931
91309838,117.45,2639.86,0.23367,0.1103
63472487,123.05,2415.04,0.24521,0.10638
118383165,123.05,2028.98,0.23854,0.06834
16475663,117.45,1757.27,0.19681,0.08057
108180914,123.05,2425.88,0.20435,0.09869
65670946,129.2,1868.73,0.19252,0.07492
230156345,123.05,1998.01,0.24455,0.08574
84765165,123.05,1804.72,0.345,0.04231
127946057,123.05,2443.97,0.24304,0.08252
188788351,123.05,1463.57,0.21112,0.05352
239412741,129.2,2006.72,0.17903,0.07928
135477893,123.05,1921.55,0.19346,0.06186
80366477,123.05,2880.91,0.20944,0.09838
246116755,129.2,1275.54,0.29501,0.04213
102558347,123.05,2187.54,0.28141,0.08349
87881846,117.45,2431.03,0.18256,0.09876
29289743,117.45,2329.49,0.25725,0.08247
41377860,117.45,1960.62,0.27006,0.05803
261580978,123.05,1999.51,0.22425,0.06009
13711164,123.05,1182.05,0.33927,0.04486
233199278,123.05,2206.55,0.23916,0.0993
70382865,123.05,2713.95,0.19159,0.10197
204087396,123.05,2731.61,0.22823,0.11724
185798447,123.05,1888.84,0.2426,0.07144
251856228,117.45,2418.61,0.13241,0.10092
229053422,123.05,2172.77,0.28664,0.07555
207411505,123.05,2527.35,0.23285,0.0872
199669122,123.05,1756.05,0.26341,0.05406
48742362,117.45,2199.46,0.21092,0.08133
252474287,117.45,2086.87,0.28951,0.06222
36061186,103.36,1937.43,0.16594,0.05986
40744011,123.05,2032.98,0.19925,0.0775
84793180,123.05,1752.45,0.29198,0.07577
26112842,143.55,2492.54,0.32805,0.08627
136617069,123.05,2804.05,0.3467,0.09225
157309255,123.05,1413.44,0.19764,0.05147
87061580,123.05,2315.34,0.26902,0.06793
26921853,123.05,1432.22,0.22212,0.04716
13667426,123.05,2093.86,0.2952,0.07003
175157414,123.05,2233.68,0.31411,0.07977
60940603,123.05,3038.85,0.19933,0.13687
72762587,123.05,2337.3,0.24329,0.0922
167406726,123.05,2387.04,0.29289,0.08729
203788612,129.2,1883.41,0.18491,0.06635
26798970,123.05,2879.14,0.24838,0.09547
204052453,123.05,3092.73,0.19263,0.1344
31310375,123.05,1536.95,0.20022,0.03931
20504136,129.2,1991.99,0.23066,0.07083
122324620,129.2,2333.62,0.27996,0.08765
6343714,123.05,2697.24,0.2576,0.11035
156592833,123.05,2201.53,0.30148,0.0813
166204952,123.05,2775.56,0.25682,0.10185
132296432,123.05,2312.76,0.25545,0.08245
172728072,123.05,2292.62,0.18018,0.10347
30081655,123.05,2360.33,0.22465,0.10175
106753620,123.05,2066.13,0.32383,0.08137
268154427,117.45,2331.5,0.29062,0.08831
122600469,129.2,1789.37,0.14115,0.07172
246953358,123.05,2088.77,0.24507,0.08101
98697796,117.45,2606.98,0.22511,0.09416
91881710,123.05,2686.12,0.1916,0.09068
8063794,123.05,2062.11,0.28112,0.05689
198194082,123.05,1627.45,0.31927,0.05575
235617960,123.05,2132.63,0.20068,0.09051
107571716,123.05,2552.85,0.16746,0.10293
36417962,129.2,2222.39,0.28762,0.05984
237003623,83.35,2690.67,0.17876,0.13729
176341149,123.05,2072.89,0.2752,0.06597
189258116,123.05,3050.64,0.252,0.13676
122855720,129.2,2041.81,0.22624,0.06624
58582080,123.05,2636.67,0.26005,0.12078
191080630,129.2,2843.48,0.20797,0.14313
247962346,129.2,1483.94,0.17508,0.0584
63752762,123.05,2062.59,0.2573,0.07599
98375756,123.05,1753.35,0.16679,0.05909
210341977,117.45,1627.52,0.11484,0.0617
159467280,117.45,1462.44,0.27603,0.04146
162516943,99.38,1783.09,0.21912,0.05585
92842971,123.05,2643.51,0.29177,0.10299
76010312,123.05,3094.62,0.15584,0.1434
52951474,123.05,2382.21,0.30927,0.0847
118475041,117.45,2301.18,0.16374,0.0867
88441426,117.45,2347.39,0.29321,0.08422
161947170,123.05,3249.21,0.31013,0.093
180091635,129.2,2782.45,0.25166,0.12596
215596837,129.2,2161.5,0.26175,0.07824
262807238,123.05,1721.3,0.30589,0.06453
34561741,123.05,2018.49,0.28605,0.06147
258091317,123.05,2393.42,0.28723,0.08476
193489459,129.2,2658.87,0.27626,0.09835
148112957,123.05,2074.16,0.23087,0.06739
22484263,129.2,2010.75,0.15115,0.09121
167792497,123.05,1617.23,0.25284,0.04986
105497010,123.05,2610.56,0.21873,0.11369
93345034,123.05,3095.43,0.2833,0.12437
51736446,123.05,2064.79,0.20677,0.07759
41966012,129.2,2250.18,0.23544,0.08312
169230128,123.05,1455.07,0.23851,0.04061
110843146,123.05,2271.85,0.20823,0.09255
194053606,117.45,2253.12,0.20255,0.0906
191833257,129.2,1727.9,0.25427,0.05197
106863190,123.05,3081.56,0.20857,0.15783
81776469,123.05,2897.15,0.2106,0.13885
196929063,123.05,1907.28,0.15452,0.08217
65475025,123.05,1744.14,0.20864,0.07868
203281219,129.2,1734.35,0.29119,0.05259
75761963,123.05,2476.97,0.28872,0.07272
12369871,123.05,2750.64,0.16124,0.07422
100522005,129.2,2648.32,0.33863,0.11749
113594130,123.05,1898.01,0.30343,0.06685
153974128,63.02,2298.88,0.24069,0.09351
171444195,123.05,2157.23,0.26083,0.0676
192802419,117.45,2941.02,0.20942,0.13797
96581523,123.05,2041.64,0.25156,0.04714
145746207,123.05,2397.33,0.25988,0.08067
84167354,123.05,2667.48,0.25743,0.11243
132921507,123.05,2499.66,0.20651,0.09198
54953960,123.05,2821.15,0.19614,0.07873
7792899,123.05,1860.64,0.26239,0.06072
99899562,123.05,2040.73,0.12175,0.10392
44588669,123.05,2369.04,0.23476,0.10596
148480891,123.05,2202.79,0.25181,0.0662
87847427,129.2,1941.55,0.22303,0.05991
261720315,129.2,2566.13,0.30529,0.07753
91459727,117.45,1366.71,0.32168,0.04218
156129656,117.45,1664.67,0.31823,0.09551
168350924,117.45,1700.08,0.276,0.04634
144408632,117.45,1502.75,0.36495,0.03793
179056035,117.45,1697.57,0.227,0.05403
1792244,123.05,2755.26,0.25956,0.10238
192962450,112.35,2420.29,0.18914,0.09859
231092370,117.45,1678.7,0.2651,0.05285
109947503,112.35,1106.88,0.31873,0.03377
224524792,123.05,3569.2,0.25039,0.16012
73130289,123.05,2348.53,0.29445,0.08701
62105291,123.05,2284.81,0.34996,0.06842
130129782,112.35,1188.1,0.25007,0.04005
240942643,117.45,1971.64,0.22085,0.05407
183594582,129.2,2045.68,0.23286,0.06433
73313630,123.05,2042.56,0.33492,0.04839
13460303,123.05,2052.66,0.35498,0.06508
172527374,112.35,1711.75,0.28943,0.0656
175290299,129.2,2404.41,0.30758,0.1104
137874068,123.05,2807.18,0.32257,0.09175
180389381,123.05,2659.07,0.30982,0.09555
50845125,117.45,3505.24,0.15559,0.1816
126601377,117.45,2462.98,0.2231,0.11088
50545917,103.36,2365.42,0.15454,0.09699
208178059,129.2,2238.65,0.1199,0.08975
13327220,129.2,2214.03,0.24634,0.09551
235567059,123.05,2398.82,0.27151,0.07273
52594495,129.2,1915.17,0.29337,0.06021
247691324,123.05,2291.0,0.24326,0.07291
225013083,123.05,1890.22,0.14768,0.06134
153359410,123.05,1399.77,0.25554,0.03976
132671488,129.2,2368.97,0.27487,0.06846
218323981,129.2,2334.08,0.27606,0.06712
209199360,129.2,2520.95,0.28833,0.08008
250867270,117.45,1659.81,0.24021,0.05572
156660423,123.05,2571.47,0.26819,0.09213
255374851,123.05,2642.79,0.25475,0.10812
85487324,117.45,2387.63,0.13314,0.08116
168965772,129.2,2005.35,0.22016,0.06442
77962434,123.05,2878.23,0.22359,0.11903
129902331,117.45,1598.22,0.14306,0.04184
167461806,123.05,2107.63,0.17858,0.07975
252577790,123.05,1382.05,0.21138,0.04248
121882720,123.05,1799.48,0.24708,0.05582
155944977,123.05,2881.89,0.19799,0.14659
241581841,129.2,1472.15,0.14543,0.04796
66240399,83.35,2067.33,0.26297,0.07655
170501388,99.38,1568.91,0.3116,0.04473
69380174,123.05,3087.13,0.21326,0.15916
230968373,129.2,3088.77,0.23335,0.1251
146081837,123.05,2951.93,0.28137,0.14416
249363280,123.05,2267.63,0.23786,0.07547
71912965,123.05,2351.45,0.26986,0.09895
196166248,123.05,2184.78,0.28318,0.07613
145627154,123.05,3366.35,0.22463,0.1449
199659557,123.05,1997.56,0.26923,0.06393
44596664,123.05,2155.76,0.23682,0.0661
135936318,117.45,2855.17,0.24923,0.13493
88961718,117.45,2523.08,0.27367,0.08254
149747862,123.05,2468.15,0.18523,0.11047
219233516,123.05,1296.61,0.2093,0.05126
171913629,123.05,1650.24,0.22054,0.05757
164521948,129.2,3315.28,0.2973,0.15519
4529810,129.2,2851.9,0.21102,0.11668
99232350,117.45,1899.41,0.23446,0.05142
210516192,123.05,874.1,0.30304,0.02359
169212912,117.45,2144.85,0.24044,0.09421
167743038,129.2,2415.4,0.24652,0.109
91623108,112.35,1836.02,0.21272,0.06207
216312840,117.45,2294.7,0.1742,0.09175
209461903,123.05,2244.25,0.23579,0.05761
87265837,123.05,2584.2,0.26694,0.06487
31111238,123.05,2473.85,0.20223,0.1137
239180134,117.45,2791.97,0.19556,0.12854
60148831,123.05,3250.2,0.26079,0.17176
113736465,123.05,2567.07,0.28572,0.08329
33837313,61.52,3130.21,0.17704,0.14898
226374450,129.2,2539.21,0.17565,0.12526
5858019,129.2,2847.28,0.21999,0.14213
244017013,123.05,3043.85,0.21945,0.13768
99950920,117.45,2679.2,0.25872,0.09489
204608788,129.2,2556.6,0.16322,0.13357
79036653,123.05,3081.78,0.20594,0.12032
34803773,123.05,2205.65,0.32424,0.07885
117729483,129.2,2250.68,0.26085,0.09444
181944557,123.05,2280.17,0.31259,0.06952
123402632,129.2,2526.64,0.25435,0.09798
149531927,123.05,2743.56,0.2353,0.13182
143131990,123.05,2357.41,0.24852,0.09327
196604881,123.05,2893.32,0.15713,0.14162
235677447,123.05,2223.61,0.22004,0.0931
237802344,123.05,2971.42,0.26682,0.12528
52570629,123.05,2124.22,0.22555,0.07161
259083677,129.2,2513.86,0.27514,0.0675
204676741,123.05,2686.13,0.29996,0.09123
78079158,123.05,2624.45,0.26366,0.10021
145552010,123.05,3074.82,0.2117,0.16304
132914037,123.05,2784.54,0.26208,0.12748
120454604,117.45,3179.0,0.22188,0.15556
129827143,123.05,2658.49,0.14638,0.11828
49716051,129.2,2074.76,0.30364,0.08321
219983493,123.05,3567.2,0.25638,0.17513
60242464,117.45,2434.13,0.26797,0.10082
41959087,129.2,2680.47,0.27333,0.09174
248159069,123.05,2745.26,0.2235,0.11774
58913471,129.2,2840.47,0.29929,0.12504
52364873,129.2,2205.62,0.28279,0.06517
210655624,129.2,2796.13,0.26801,0.07255
80149148,117.45,2845.45,0.21333,0.13366
134042468,123.05,2647.48,0.24973,0.08221
194905317,129.2,2809.17,0.33418,0.10773
193705336,123.05,2864.23,0.24995,0.11676
127194978,117.45,1943.27,0.2907,0.08849
267500133,123.05,2687.56,0.28267,0.10279
131356543,129.2,2493.51,0.29306,0.0855
184041369,129.2,2919.39,0.27506,0.11885
222076330,129.2,3288.49,0.27092,0.09451
9710958,123.05,3101.82,0.23279,0.09977
243029119,129.2,2078.06,0.20247,0.08159
168760108,123.05,2966.92,0.22352,0.14245
215455247,123.05,1894.93,0.24324,0.07697
18209768,123.05,1993.06,0.27022,0.05842
6817601,117.45,2516.73,0.26309,0.08319
190242280,129.2,1572.76,0.29618,0.06121
255385153,123.05,3230.46,0.12288,0.14349
122151831,103.36,1124.25,0.25468,0.0348
148398258,123.05,2081.78,0.29703,0.06396
237670724,129.2,2185.64,0.26488,0.08132
169233324,161.5,2915.72,0.18989,0.12865
100754841,117.45,1969.56,0.1949,0.06883
61999006,123.05,2194.38,0.20096,0.09784
64382634,129.2,2502.63,0.26305,0.10031
180470489,129.2,2473.3,0.27084,0.09519
41526978,123.05,2789.12,0.26266,0.11005
189455857,123.05,2102.76,0.2643,0.08016
224005820,123.05,2194.32,0.27489,0.05701
222139213,129.2,2147.31,0.12864,0.06203
98717516,123.05,2813.79,0.29879,0.1188
90664925,129.2,1855.72,0.23787,0.06247
247283995,129.2,2247.64,0.28555,0.08866
57446672,123.05,2169.23,0.23331,0.08386
247588761,117.45,1929.91,0.25893,0.04938
11251759,123.05,1956.59,0.19634,0.08479
247664535,123.05,2062.51,0.25828,0.04831
67889768,129.2,2751.75,0.28725,0.11981
35621568,123.05,2170.51,0.26198,0.07512
184227069,129.2,2231.99,0.25498,0.0801
121872055,129.2,2379.22,0.19111,0.12466
83663320,123.05,3108.88,0.17824,0.17801
173689407,123.05,2802.44,0.22672,0.11547
70596632,123.05,3751.49,0.23229,0.19116
11259719,129.2,2093.24,0.17672,0.09071
225534254,123.05,2622.62,0.32019,0.09455
155521399,129.2,2638.99,0.24328,0.09535
128666806,123.05,2869.19,0.28296,0.12907
170868908,129.2,2270.34,0.30108,0.08791
31671010,92.29,2664.21,0.30086,0.08725
74367269,129.2,2423.21,0.23998,0.07671
69815651,129.2,3103.48,0.23128,0.12781
36973133,136.0,2102.6,0.22702,0.06626
139125286,129.2,1658.23,0.22082,0.04758
45936553,129.2,2821.68,0.29368,0.09255
78586013,129.2,2705.06,0.1882,0.11353
44241087,123.05,2908.5,0.22673,0.1093
196214560,129.2,1994.55,0.23658,0.06727
188169006,123.05,2247.27,0.2541,0.08677
156971140,123.05,3465.66,0.26702,0.15961
183644879,123.05,2434.36,0.30972,0.07937
203331560,129.2,1315.05,0.23593,0.03656
12814215,129.2,2577.49,0.25891,0.08093
262095149,123.05,3430.07,0.22072,0.13823
244389238,129.2,2687.76,0.25795,0.10643
68232411,129.2,3045.44,0.2152,0.15333
266263596,129.2,3379.25,0.25421,0.10303
197823218,123.05,2433.27,0.29658,0.08123
47757839,129.2,1856.86,0.22466,0.06184
36611382,129.2,2161.93,0.2842,0.08101
175467328,123.05,2502.82,0.17902,0.11552
259473761,117.45,1302.24,0.2256,0.06459
219764199,123.05,2544.45,0.35117,0.09008
254419456,129.2,2010.49,0.24278,0.08783
201952650,123.05,2015.4,0.2224,0.06344
2936368,123.05,2294.3,0.26781,0.07486
142155472,123.05,1742.6,0.24828,0.04489
47198946,123.05,2473.64,0.17196,0.11115
98660266,123.05,3541.53,0.2409,0.17269
228057327,152.0,2421.79,0.19261,0.09182
139197504,129.2,2144.54,0.26385,0.05986
246652704,129.2,2432.46,0.30245,0.09802
259919659,123.05,3109.37,0.24688,0.16502
101216695,129.2,2393.52,0.27209,0.09917
229660550,123.05,2588.91,0.22285,0.08439
186872979,123.05,2910.01,0.29522,0.12759
251750051,107.67,2243.89,0.31787,0.08122
89774878,107.67,2803.18,0.40055,0.10374
61057758,136.0,3379.91,0.20029,0.13617
208370439,143.55,3011.24,0.28631,0.1492
165143324,136.0,3092.47,0.32228,0.12364
206398387,136.0,2989.42,0.30766,0.14261
131780706,136.0,2351.19,0.32094,0.07818
141958374,136.0,2627.43,0.29462,0.10532
7297707,136.0,2387.02,0.31261,0.06392
235787032,136.0,2612.07,0.28161,0.1108
73693198,92.29,2077.85,0.2752,0.07103
149767186,129.2,2298.9,0.34943,0.07443
216118384,136.0,3256.2,0.30432,0.13336
170494829,129.2,2741.16,0.26361,0.12639
107642056,129.2,3147.67,0.35734,0.13793
190384185,136.0,2007.95,0.28887,0.08288
110543650,136.0,2404.25,0.25898,0.13011
24695015,129.2,2592.38,0.31994,0.12689
18304234,92.29,2154.9,0.25879,0.08991
92919390,129.2,2707.06,0.23284,0.12203
83730212,129.2,2513.95,0.24033,0.10134
115669268,129.2,2696.81,0.25024,0.12425
55811224,129.2,2010.35,0.24594,0.0748
27352800,117.45,2843.32,0.22938,0.09876
161700808,143.55,1971.31,0.29974,0.06724
111584424,136.0,2541.35,0.36971,0.06491
170913441,117.45,2028.24,0.19702,0.05115
106428599,123.05,2344.94,0.20421,0.07553
262278415,123.05,1275.11,0.26418,0.03006
231110406,123.05,1527.22,0.26576,0.0527
155743418,123.05,2910.1,0.31672,0.1315
1812860,143.55,2571.12,0.31253,0.09535
237042313,143.55,2617.27,0.3711,0.09734
259652324,136.0,2350.58,0.30161,0.09073
147787694,129.2,2023.7,0.27312,0.08377
197440526,123.05,2854.15,0.25484,0.12993
145484915,123.05,1721.5,0.15791,0.05751
25812244,117.45,1265.46,0.32324,0.04934
231546200,123.05,2468.92,0.15699,0.12335
262682278,123.05,2206.3,0.201,0.08772
93124534,129.2,2677.53,0.26306,0.12313
205778345,129.2,2431.57,0.33597,0.08184
15164022,129.2,2983.53,0.26744,0.127
155041005,123.05,2769.39,0.30044,0.11833
172553298,129.2,2832.92,0.25496,0.1257
207166869,123.05,2740.16,0.3313,0.11086
157388086,129.2,2514.65,0.19539,0.10504
36541792,117.45,2798.48,0.22764,0.12904
21559883,117.45,1758.59,0.20511,0.04986
258318563,123.05,2235.22,0.31702,0.06913
137510286,123.05,2309.23,0.31855,0.06272
45449741,123.05,1847.27,0.28706,0.07399
47135549,123.05,2789.01,0.32083,0.10452
241771396,129.2,2766.14,0.30776,0.11852
233427107,129.2,2561.18,0.32994,0.07303
194369499,129.2,2967.84,0.33393,0.10201
158101453,123.05,1957.83,0.21078,0.07513
171628908,123.05,1421.32,0.27198,0.04613
202895722,123.05,2040.73,0.19213,0.07608
39752987,117.45,1492.71,0.24634,0.04013
125174182,123.05,1024.77,0.14238,0.04054
56559734,107.67,2195.49,0.25821,0.10023
241571934,129.2,2299.96,0.20848,0.10055
93900503,136.0,2055.61,0.27214,0.06649
126747446,107.67,2282.69,0.24289,0.10051
228641856,107.67,1994.61,0.26636,0.06853
265765460,99.38,2188.46,0.27408,0.07957
179254354,117.45,2492.66,0.22606,0.10201
157082047,117.45,2388.44,0.27039,0.09079
137884761,129.2,2442.47,0.26633,0.09302
197505842,136.0,2542.08,0.19579,0.12136
18110568,129.2,2736.27,0.23457,0.12923
219037915,136.0,1744.03,0.26762,0.06062
213598650,123.05,2049.43,0.30514,0.04234
214486801,123.05,1684.5,0.21861,0.04618
123903965,117.45,2697.93,0.25252,0.1162
20956722,129.2,2293.2,0.18464,0.09234
151664160,136.0,2343.58,0.23679,0.09444
74262458,136.0,2211.1,0.28355,0.05088
210787670,136.0,3154.34,0.23031,0.11184
81127844,123.05,2381.81,0.21299,0.09468
153039173,129.2,3322.72,0.37269,0.11995
240502590,123.05,3389.72,0.25239,0.19022
83706699,123.05,1861.83,0.21284,0.07313
173863647,92.29,2182.28,0.28852,0.07408
141679416,129.2,2098.47,0.28756,0.08239
142704538,129.2,2469.01,0.17461,0.1001
180558020,123.05,1382.66,0.20187,0.04545
70190300,112.35,2081.17,0.13967,0.08003
166690107,117.45,2261.13,0.20909,0.10295
88020108,123.05,2349.78,0.17318,0.08969
133339405,129.2,2667.18,0.29139,0.08928
5038562,117.45,2855.83,0.15578,0.12189
652092,112.35,2848.81,0.34331,0.10808
162586278,129.2,2194.08,0.14153,0.09514
251024658,112.35,2054.0,0.14212,0.08436
212289717,129.2,2177.02,0.30356,0.07025
50823741,123.05,1850.17,0.15576,0.07066
189806112,123.05,2539.35,0.2507,0.11016
166235974,123.05,2986.65,0.26486,0.13095
9517515,123.05,2475.08,0.21916,0.10787
110289649,129.2,2236.15,0.30919,0.07785
139949465,117.45,2150.85,0.13563,0.07466
59154936,123.05,2050.63,0.31696,0.0555
113474629,123.05,3527.04,0.27162,0.16111
104028259,123.05,1847.54,0.31922,0.05746
115704019,123.05,2016.05,0.18636,0.07942
140733734,123.05,2018.26,0.24546,0.06206
209061199,117.45,2394.33,0.25814,0.08187
247131480,123.05,1208.75,0.26825,0.03876
119907418,123.05,2590.88,0.30865,0.07433
240437142,123.05,1260.89,0.2738,0.05083
51821472,103.36,2842.69,0.30746,0.09652
6097929,123.05,2505.91,0.32598,0.1136
228520049,123.05,2402.1,0.23996,0.09464
86213427,143.55,2916.99,0.36387,0.1178
208460508,136.0,3058.08,0.34804,0.12714
46170663,123.05,1989.68,0.20243,0.07461
57085225,143.55,3207.05,0.35957,0.1202
162326794,129.2,2499.77,0.28535,0.08974
21232130,123.05,2332.01,0.28853,0.06854
256699560,136.0,2945.3,0.20637,0.10062
231028015,136.0,2806.31,0.20042,0.12705
243319368,129.2,2778.28,0.29782,0.11091
248880619,129.2,1586.45,0.26253,0.05325
35603513,129.2,2422.72,0.27092,0.09381
163682679,129.2,2590.18,0.2138,0.10851
220510420,129.2,2548.97,0.29535,0.07531
138572805,117.45,3003.62,0.2422,0.12018
194183578,123.05,1873.82,0.20666,0.04451
80689530,123.05,1443.48,0.28963,0.04389
209245701,123.05,1546.57,0.24597,0.03914
164545883,117.45,1712.1,0.24659,0.06115
102445509,123.05,2109.43,0.24503,0.07053
265415250,123.05,1978.46,0.22315,0.07295
79107014,129.2,2766.78,0.24945,0.10599
187598158,103.36,2797.72,0.28829,0.10597
191624942,129.2,2970.54,0.3239,0.11937
180718908,95.7,2084.81,0.24205,0.06842
235874103,129.2,3553.88,0.22749,0.18346
157185884,129.2,2670.11,0.25465,0.11569
54663938,123.05,2838.61,0.19883,0.11557
104751328,123.05,2656.71,0.2604,0.12342
109231393,123.05,2537.4,0.20193,0.09905
190454613,129.2,2920.27,0.27363,0.10885
219755029,117.45,2389.86,0.15063,0.08692
46831927,123.05,2609.32,0.25836,0.09173
79957504,117.45,1780.66,0.2538,0.04174
46388696,161.5,2327.59,0.26623,0.06937
146885979,123.05,2907.32,0.26827,0.11582
166895530,117.45,2589.08,0.27396,0.08126
91825050,123.05,1582.94,0.30535,0.05029
131672583,123.05,2339.24,0.21028,0.07532
75320208,123.05,2499.77,0.19487,0.09876
201440117,123.05,1966.2,0.39531,0.05062
57658967,123.05,2089.84,0.23175,0.07129
220079856,123.05,2124.83,0.24031,0.07088
114885078,117.45,2127.42,0.25795,0.07835
161576542,117.45,1564.73,0.17764,0.05904
223308018,117.45,2771.59,0.19855,0.10662
145573947,123.05,1910.45,0.25163,0.05891
98429132,123.05,1988.73,0.15819,0.08099
94224101,117.45,1442.62,0.25668,0.04127
210900561,123.05,2086.13,0.22527,0.06705
60947284,117.45,1735.77,0.23373,0.05768
112631366,123.05,3220.44,0.23381,0.12477
38120951,117.45,2227.95,0.22112,0.08432
107821328,117.45,1996.4,0.18517,0.04812
260468882,117.45,2016.16,0.17554,0.0666
115516621,123.05,2439.87,0.23511,0.09084
78652741,117.45,2141.59,0.20809,0.0874
111794410,123.05,3009.07,0.1812,0.13204
216309973,123.05,2447.08,0.22243,0.09783
147196492,123.05,2561.61,0.25106,0.09683
243021945,123.05,1973.33,0.18164,0.06805
76999015,117.45,2782.24,0.24786,0.11949
25971942,117.45,2421.85,0.20242,0.09913
114901550,69.84,2321.19,0.21256,0.10498
2241756,123.05,2347.33,0.22147,0.0957
221058532,117.45,1643.55,0.15104,0.06524
120731983,152.0,1948.18,0.2382,0.07319
245577457,117.45,2314.67,0.21005,0.0996
5014635,129.2,3034.26,0.16525,0.11316
21752679,123.05,2136.64,0.16418,0.09799
222783159,123.05,2095.54,0.19722,0.06034
46490285,123.05,2076.45,0.21003,0.07428
161754631,129.2,3147.59,0.2332,0.18062
173190813,117.45,2447.85,0.19229,0.10008
202579005,129.2,3461.84,0.2664,0.18292
231967950,129.2,1541.17,0.24298,0.06733
242508358,123.05,2303.35,0.18742,0.07355
101649699,129.2,1856.48,0.22122,0.0441
88487611,117.45,2352.51,0.24098,0.06818
136113766,117.45,2920.77,0.12219,0.14637
86017820,123.05,2441.22,0.20815,0.09454
12671795,123.05,2741.31,0.24984,0.1164
59489871,123.05,2174.21,0.26814,0.06997
245616223,129.2,2814.77,0.2023,0.1223
127032946,129.2,3441.94,0.26655,0.14584
134167830,129.2,2494.94,0.19602,0.09002
187463920,123.05,2244.18,0.37981,0.03391
54073903,129.2,2012.22,0.43863,0.05687
254300595,129.2,2125.78,0.34465,0.05917
38849261,123.05,2239.97,0.16283,0.09874
58983631,123.05,2762.68,0.21924,0.10805
101282087,123.05,2320.11,0.2618,0.08506
250946944,123.05,2785.98,0.21883,0.12514
206872283,129.2,2426.99,0.32668,0.08827
81223610,129.2,2437.43,0.45327,0.08438
133315494,129.2,2652.89,0.26724,0.10288
228426127,123.05,2136.6,0.29022,0.07762
108086968,123.05,2360.3,0.20226,0.08678
2376459,123.05,2379.88,0.26704,0.07722
71053633,123.05,2396.62,0.24093,0.07651
98175002,123.05,2172.89,0.26712,0.07182
13541424,129.2,2641.72,0.2457,0.06661
54564214,123.05,2613.63,0.34115,0.08748
76546239,123.05,2614.93,0.26552,0.08816
87723883,123.05,2870.47,0.273,0.09261
173010420,117.45,2626.55,0.28337,0.10262
81556170,129.2,2797.69,0.26777,0.07297
154159629,123.05,2036.97,0.27677,0.06414
217743745,123.05,2871.62,0.2945,0.09384
142524341,117.45,2715.55,0.28248,0.09746
165629173,123.05,3293.32,0.2227,0.14015
189582082,117.45,2610.27,0.20659,0.09087
249410113,123.05,2791.57,0.25068,0.12929
257866761,123.05,2425.89,0.26721,0.09966
101028110,123.05,2586.73,0.14814,0.12337
102549208,136.0,2676.82,0.27898,0.1078
192042537,123.05,2104.13,0.22796,0.05845
260156429,123.05,1783.57,0.20729,0.07465
42294340,123.05,1452.44,0.28175,0.03582
261969134,123.05,2731.2,0.27712,0.11951
196837753,123.05,1558.27,0.25814,0.04821
54195814,123.05,2869.1,0.21726,0.13504
52707894,123.05,2460.79,0.24757,0.09071
7778984,123.05,2057.63,0.29481,0.05405
218872317,123.05,2039.96,0.22683,0.0824
26834205,123.05,3258.11,0.22639,0.12568
101752067,95.7,2363.97,0.3052,0.07543
200722078,123.05,2698.44,0.38825,0.06675
151932251,123.05,2278.02,0.20429,0.09922
180166722,129.2,3366.28,0.27952,0.14415
92878549,123.05,2236.62,0.27762,0.0644
245509499,123.05,935.67,0.23683,0.03526
61732739,117.45,1383.95,0.24723,0.04529
182178006,123.05,2475.82,0.23321,0.08202
73458650,123.05,1579.21,0.22006,0.05358
104048148,123.05,2429.06,0.17415,0.08718
26113991,123.05,2668.28,0.20105,0.09196
229990888,123.05,2736.95,0.26244,0.10219
22878325,123.05,2757.1,0.20362,0.10443
181653707,117.45,1754.75,0.26808,0.05668
51991339,117.45,1627.7,0.27112,0.05126
187503024,123.05,2072.99,0.2999,0.05796
265178745,129.2,2739.84,0.28603,0.12174
124994273,136.0,2312.67,0.36867,0.06808
89690324,136.0,2386.35,0.31261,0.06402
66637948,123.05,3194.53,0.27963,0.14347
119980847,129.2,2836.96,0.32029,0.1131
97797308,123.05,2641.08,0.3276,0.08909
15319877,117.45,2427.27,0.27879,0.08229
208912355,123.05,2776.28,0.26113,0.13544
184747642,123.05,2611.62,0.21993,0.09211
22493992,129.2,2921.85,0.23156,0.10248
137466487,129.2,2745.46,0.16212,0.12277
86336984,63.02,2059.73,0.12326,0.07848
259292415,161.5,1125.23,0.23464,0.05206
214461887,123.05,3434.0,0.18985,0.12307
176831494,123.05,2946.55,0.12588,0.11109
227963155,107.67,1980.89,0.37175,0.08214
146274185,95.7,2462.5,0.21003,0.10124
63439361,123.05,2460.55,0.27235,0.09669
15561852,112.35,2986.01,0.2131,0.11401
125880745,107.67,2270.31,0.32058,0.07217
178603494,129.2,2616.35,0.35395,0.07735
33164297,92.29,2566.34,0.19398,0.08918
16489848,136.0,2587.0,0.21751,0.09384
120390667,129.2,3075.12,0.26203,0.14605
267737215,123.05,3349.24,0.22093,0.16441
110815358,123.05,2861.96,0.20572,0.1457
21321928,117.45,2717.72,0.21074,0.10564
150399650,123.05,2294.27,0.22068,0.09023
66351712,123.05,2258.82,0.23282,0.08154
164957702,123.05,2757.82,0.28762,0.10027
60725820,123.05,2431.81,0.2968,0.08286
216814257,123.05,1836.68,0.25434,0.06952
174531289,123.05,2485.7,0.20309,0.07933
69963570,123.05,1841.39,0.21099,0.07005
188153882,123.05,3002.89,0.23481,0.12767
194688226,123.05,2353.15,0.29352,0.0703
91662295,123.05,2065.58,0.24998,0.0825
258785610,123.05,2329.35,0.22016,0.07483
111872400,129.2,2261.35,0.22295,0.09442
72703414,129.2,2878.47,0.31268,0.11495
96012367,123.05,1837.83,0.24215,0.05391
191872687,129.2,2561.54,0.28309,0.08733
158014114,129.2,3380.32,0.28502,0.15553
197866969,129.2,2994.92,0.26853,0.13523
9709580,129.2,2365.92,0.25622,0.10794
31439171,129.2,2727.74,0.21281,0.10557
159885188,123.05,2696.76,0.24457,0.09512
241731714,123.05,2510.06,0.29211,0.0936
87702570,123.05,2454.48,0.29528,0.08844
78214807,123.05,2626.6,0.24093,0.09591
69218459,123.05,1976.44,0.30518,0.04764
71873252,123.05,2140.62,0.17183,0.08886
32352780,136.0,2670.5,0.2561,0.08942
171612690,123.05,2355.1,0.2818,0.0913
137690305,123.05,2847.73,0.23701,0.12893
113391485,123.05,2375.72,0.17992,0.11464
47546211,123.05,2049.32,0.29795,0.06308
162457886,123.05,2734.27,0.26316,0.10349
176417890,129.2,1955.48,0.28078,0.08237
103746521,123.05,2059.14,0.2587,0.0666
114789530,123.05,2884.83,0.24499,0.1162
26335080,129.2,2430.5,0.28088,0.09782
247354019,123.05,1780.18,0.21494,0.05217
216214165,123.05,1975.23,0.25204,0.06778
203797235,123.05,1697.69,0.38494,0.04485
103625276,123.05,2021.74,0.20832,0.07034
262466014,123.05,2020.85,0.24102,0.07624
24791643,123.05,3000.07,0.21579,0.14248
87595613,123.05,2670.86,0.25594,0.10387
268398954,123.05,2468.35,0.29525,0.07682
177463232,123.05,2136.59,0.18578,0.08398
42995207,129.2,2816.29,0.21853,0.09743
62847478,129.2,2823.2,0.18974,0.11028
47881040,123.05,3161.33,0.27992,0.13952
49317349,143.55,3475.49,0.16442,0.16635
113464009,129.2,2252.83,0.28396,0.07716
6312815,129.2,2563.14,0.28401,0.08205
111213748,129.2,3475.98,0.25612,0.1771
214467793,129.2,2340.12,0.29165,0.09566
144789088,129.2,2984.53,0.2774,0.10362
153124239,129.2,2745.02,0.26472,0.09738
246686997,123.05,2711.49,0.21672,0.10331
219418886,123.05,2309.76,0.3139,0.0663
124804758,123.05,2308.64,0.2684,0.0945
120792642,112.35,2149.21,0.20223,0.07808
226401976,123.05,1594.76,0.31631,0.05027
20936701,129.2,2178.59,0.34565,0.08751
131964548,123.05,1838.1,0.19901,0.06325
80541833,123.05,2166.85,0.27053,0.07123
260958590,117.45,1689.26,0.22864,0.06056
13388181,129.2,3035.37,0.17711,0.11262
264414971,123.05,2290.94,0.29087,0.04426
55323901,123.05,1853.97,0.18708,0.06982
70505674,129.2,2039.89,0.29507,0.06574
8211395,123.05,2381.16,0.24054,0.08637
31060902,123.05,3044.61,0.19639,0.14436
27971190,123.05,2517.62,0.24798,0.08305
245257704,123.05,2852.69,0.24006,0.11264
81943901,123.05,2506.32,0.17624,0.10466
233476473,117.45,1912.6,0.16677,0.07135
176796744,123.05,1364.58,0.228,0.05895
225214674,123.05,2953.65,0.2944,0.14032
230969365,123.05,2022.3,0.29255,0.0566
208307899,123.05,2321.94,0.20685,0.06669
37001360,117.45,1938.13,0.21724,0.05437
89985058,123.05,1867.72,0.25454,0.08259
255852233,123.05,2451.39,0.18461,0.11718
77829458,123.05,2477.39,0.30016,0.08986
58731481,123.05,2160.65,0.23646,0.0795
56821188,95.7,2423.08,0.31734,0.07163
163922371,123.05,2200.27,0.36698,0.07613
33513094,123.05,1734.74,0.25537,0.07523
176066666,123.05,2007.6,0.20652,0.07289
109615463,123.05,2624.06,0.25226,0.08037
20214040,129.2,2106.79,0.225,0.05954
72451659,129.2,3234.28,0.25493,0.09692
93827564,129.2,2761.41,0.29456,0.09471
66366823,123.05,3229.64,0.27413,0.13337
210906515,117.45,2698.89,0.16232,0.12067
202048623,123.05,1669.91,0.29131,0.03851
214679415,129.2,2785.49,0.26369,0.11819
80355869,123.05,2595.37,0.27321,0.11549
68796145,129.2,2086.33,0.28521,0.07561
77308048,129.2,1286.79,0.37624,0.03933
51803640,129.2,2415.17,0.29439,0.08852
144723816,129.2,2828.13,0.24097,0.11095
214677275,86.13,1882.72,0.31179,0.07254
256307205,123.05,1499.59,0.28308,0.05055
234264960,129.2,2537.81,0.26743,0.10826
152814301,123.05,2424.4,0.24259,0.08383
57400069,123.05,2315.51,0.25407,0.08482
128723449,123.05,2928.48,0.24321,0.10962
159890712,123.05,2787.13,0.21755,0.11396
207313178,123.05,2364.2,0.20342,0.09621
267400672,112.35,2131.58,0.25274,0.05979
138884456,112.35,1825.39,0.22474,0.04433
223797497,117.45,1444.15,0.21033,0.04556
68564829,112.35,2402.29,0.20554,0.0841
94892817,129.2,1977.13,0.33228,0.07239
4946577,136.0,2720.23,0.23632,0.10302
113851449,123.05,2170.46,0.39387,0.0656
103859284,123.05,3594.09,0.28423,0.16821
244625209,129.2,2561.51,0.27702,0.10212
216159453,129.2,1918.41,0.32235,0.06054
217290412,123.05,2231.17,0.24728,0.08658
178175822,129.2,2257.48,0.24842,0.08039
202301836,123.05,2865.92,0.30406,0.14514
196968694,129.2,2948.04,0.25203,0.11396
152592950,123.05,2851.95,0.29416,0.09029
16651900,129.2,2173.59,0.35258,0.08043
233689202,129.2,2690.56,0.26806,0.10656
204452271,123.05,2558.91,0.3088,0.09155
76156508,123.05,2539.73,0.3478,0.08921
33495734,123.05,2943.17,0.31201,0.13201
90827834,129.2,3123.05,0.2716,0.17313
34078390,129.2,2984.67,0.22491,0.11652
91942965,123.05,2681.32,0.1614,0.08635
62070917,143.55,2417.52,0.29072,0.06045
114177923,123.05,1533.06,0.26079,0.03936
29273835,117.45,2190.54,0.25519,0.08534
93998915,129.2,3824.01,0.24435,0.21533
7629666,129.2,2619.44,0.25963,0.10257
75900626,136.0,2384.17,0.34467,0.08376
85366378,123.05,2290.81,0.23792,0.05197
138370875,123.05,3514.77,0.19395,0.15967
98165535,123.05,2538.6,0.17724,0.13179
73434784,123.05,1970.91,0.2502,0.06814
32530285,123.05,2264.98,0.24402,0.09842
133047839,123.05,1782.49,0.26705,0.06521
230927440,117.45,2236.71,0.30405,0.0697
35836630,123.05,2687.61,0.33192,0.11982
246783761,123.05,2458.59,0.2788,0.08378
160969165,123.05,1612.76,0.33296,0.04138
240762718,123.05,2889.95,0.25738,0.12994
263572083,129.2,3007.43,0.24055,0.14097
63463627,123.05,3021.92,0.24262,0.13154
74305649,123.05,3054.87,0.24962,0.12418
50814675,117.45,2250.89,0.24282,0.06887
27894123,123.05,2160.62,0.32942,0.05787
57043587,123.05,1841.68,0.2155,0.05925
37089994,123.05,2736.51,0.24361,0.12467
180733356,123.05,1979.88,0.31043,0.05893
72240430,123.05,2473.39,0.25411,0.08444
54052694,123.05,2382.43,0.29939,0.08217
193116888,129.2,1700.11,0.26514,0.04711
71767771,123.05,2437.44,0.23674,0.09058
1560896,123.05,2238.02,0.22399,0.08034
248944035,123.05,1910.9,0.27957,0.05978
164839551,123.05,2306.97,0.19756,0.10565
57467304,123.05,2405.99,0.19932,0.09565
160966198,123.05,1964.14,0.24355,0.05305
245667153,123.05,2257.47,0.22029,0.09203
195650333,123.05,2415.95,0.29447,0.09994
243803324,123.05,2966.47,0.1698,0.12271
65929435,123.05,2044.36,0.21083,0.08298
91919865,123.05,2285.43,0.19778,0.08767
243868070,123.05,3250.39,0.24393,0.13687
161587048,123.05,2516.87,0.24877,0.10059
165971007,123.05,1831.54,0.27803,0.06359
37841357,123.05,1793.46,0.17578,0.08271
149893404,123.05,2488.71,0.20289,0.11378
239903631,123.05,2613.87,0.32349,0.0872
155514041,103.36,2995.32,0.28496,0.14406
28738557,123.05,1637.86,0.21354,0.05736
89314402,123.05,2778.52,0.22819,0.10219
140287082,123.05,2335.74,0.24908,0.08973
32635683,123.05,1623.7,0.22491,0.04756
261169857,117.45,1545.12,0.20738,0.04716
82868726,123.05,2283.74,0.20495,0.07797
65788230,123.05,2391.37,0.20425,0.1024
236461457,99.38,3020.69,0.2299,0.13821
243204114,123.05,3644.99,0.26289,0.16758
256994579,123.05,1507.45,0.23896,0.05427
109357531,129.2,1736.7,0.29675,0.05466
5805578,123.05,2732.52,0.32213,0.10673
254609530,136.0,2940.27,0.17768,0.11604
105596511,123.05,3228.66,0.21769,0.14362
33643883,123.05,2675.69,0.27085,0.10344
98813256,117.45,1911.1,0.2615,0.06269
112400191,129.2,2258.61,0.16643,0.09592
106980849,123.05,2185.13,0.19726,0.06822
243895137,129.2,1658.06,0.23805,0.04072
14202885,83.35,2000.56,0.17133,0.06701
205715797,129.2,2104.18,0.24471,0.06269
113279507,129.2,2265.81,0.25684,0.06551
185576928,83.35,2437.07,0.31831,0.07969
80707450,117.45,1672.79,0.23003,0.06401
96847335,117.45,1215.18,0.34613,0.02501
44556556,129.2,2136.83,0.27735,0.07884
34378253,123.05,2474.95,0.22654,0.08068
76914977,123.05,2498.08,0.20044,0.08408
196030916,123.05,3165.12,0.19909,0.14752
221220725,129.2,1769.8,0.25241,0.04939
174152692,129.2,2882.67,0.27573,0.13908
166477857,129.2,2005.4,0.29322,0.05965
229922147,123.05,1919.89,0.19211,0.05947
149061210,123.05,2253.9,0.23928,0.07663
15737235,123.05,1975.31,0.24676,0.07607
168126046,129.2,2801.05,0.24488,0.09422
118146347,123.05,2430.49,0.26736,0.07606
200850686,129.2,2629.16,0.28578,0.10375
260498649,129.2,2790.16,0.22582,0.0844
108186408,123.05,978.59,0.22664,0.02918
115400031,136.0,2564.47,0.15767,0.11822
67645610,123.05,3120.17,0.20316,0.13836
44722870,123.05,2076.68,0.23561,0.07597
119319950,117.45,1915.06,0.20971,0.07258
55534612,129.2,896.19,0.11225,0.04242
82078459,129.2,2130.83,0.24361,0.08818
36512899,123.05,2254.87,0.18685,0.09224
55203398,129.2,2035.27,0.24141,0.08273
2007115,129.2,1617.19,0.21594,0.05642
133995966,129.2,1702.71,0.24994,0.06295
41862380,129.2,2566.68,0.29144,0.09599
165913631,129.2,1895.43,0.27243,0.06815
147179104,123.05,3279.09,0.24388,0.12055
155908509,117.45,2146.06,0.21869,0.0792
205543150,129.2,1592.48,0.21063,0.04725
232899337,129.2,2520.81,0.10919,0.10445
175452700,129.2,2613.92,0.04994,0.11537
14831138,129.2,2109.08,0.13236,0.0977
51494034,129.2,2799.62,0.09366,0.11757
68588866,129.2,2924.22,0.1099,0.15234
124010435,117.45,1699.52,0.2303,0.04732
110406975,129.2,2884.2,0.18726,0.14711
203201580,123.05,2619.77,0.20922,0.11302
34186350,123.05,2901.2,0.23961,0.11261
138744353,123.05,2166.43,0.27516,0.06227
759385,123.05,1270.88,0.20824,0.04602
100875985,129.2,2853.99,0.16752,0.11922
166399018,123.05,2503.83,0.17579,0.10014
72376457,123.05,2711.86,0.21369,0.12346
10527374,129.2,1751.46,0.18741,0.07393
221103082,129.2,2072.71,0.26794,0.06759
72905282,129.2,1541.64,0.31106,0.04501
236832521,123.05,1682.8,0.35511,0.04373
188665843,129.2,3342.54,0.20789,0.13818
211928939,123.05,2966.25,0.31601,0.12152
126877242,123.05,2856.15,0.25009,0.1229
22693494,123.05,1876.54,0.18072,0.08742
113179824,117.45,1619.0,0.37302,0.04752
123677344,129.2,2629.52,0.25633,0.10609
233500590,123.05,3481.16,0.30096,0.17058
49170941,129.2,2805.18,0.23214,0.10359
115957579,123.05,3052.86,0.27535,0.13898
132557171,123.05,1918.37,0.16575,0.0602
99853174,129.2,2300.45,0.26813,0.10004
69964830,129.2,2968.76,0.2299,0.14466
198527270,123.05,2755.54,0.12012,0.13024
137209330,129.2,2675.51,0.28863,0.08953
109903774,123.05,3369.29,0.25502,0.16049
224344557,123.05,1832.16,0.21924,0.04688
97540400,129.2,1950.2,0.3039,0.07829
41384663,123.05,3257.28,0.24056,0.12329
160922718,123.05,2570.3,0.21891,0.09716
236766330,123.05,2056.96,0.21994,0.07698
250466784,123.05,2811.14,0.24552,0.11613
238129462,117.45,1870.33,0.2412,0.06187
155804197,123.05,2722.76,0.23351,0.11946
158816620,123.05,1985.24,0.22658,0.06816
105552432,123.05,1687.38,0.34446,0.03878
160292894,123.05,1827.09,0.32328,0.04197
229412760,117.45,2698.27,0.2918,0.08736
260389235,117.45,2767.64,0.2597,0.1054
131053904,123.05,1895.96,0.29543,0.04839
38022788,123.05,2702.28,0.21333,0.11487
92905345,129.2,1511.97,0.33514,0.03748
36679630,123.05,1530.33,0.13527,0.05757
21700433,123.05,2212.77,0.3264,0.05549
92037925,129.2,1463.75,0.19809,0.0354
252349774,123.05,1814.3,0.22218,0.05731
81717713,123.05,1351.32,0.24911,0.03528
214711884,123.05,1551.89,0.22691,0.05131
101813665,123.05,1903.72,0.22566,0.05595
190120092,123.05,1917.39,0.40659,0.0422
56742540,129.2,2316.25,0.27594,0.07443
76993145,99.38,2200.03,0.16852,0.06225
111866620,129.2,1960.58,0.25181,0.05988
103606167,83.35,1828.06,0.2055,0.04108
62651171,129.2,2288.95,0.24099,0.10511
9573433,123.05,2589.92,0.20165,0.09605
69457587,129.2,2097.8,0.22908,0.0748
32093453,123.05,2291.51,0.27633,0.08782
128621447,129.2,2737.66,0.28371,0.1013
260191364,123.05,1563.37,0.17158,0.04372
235477278,123.05,2454.65,0.21379,0.09822
248750496,117.45,1944.21,0.32015,0.06505
232042541,123.05,1851.55,0.23299,0.05881
88493163,117.45,1858.82,0.35199,0.05873
87304726,103.36,2711.55,0.28325,0.108
151269264,129.2,1686.72,0.285,0.0713
201275303,123.05,2390.84,0.3106,0.05996
101419096,123.05,3310.86,0.22709,0.12774
157969957,123.05,2639.84,0.27183,0.08891
220553349,123.05,2789.15,0.23175,0.09624
153344561,123.05,2128.01,0.26763,0.07302
180478817,129.2,2408.96,0.27689,0.08636
218180720,123.05,1315.6,0.31,0.03786
160247363,123.05,2849.76,0.23258,0.10387
42009269,123.05,1954.32,0.25422,0.06894
231229161,123.05,2853.5,0.29822,0.1033
143217896,117.45,1461.04,0.20789,0.0612
99872930,129.2,2834.54,0.26595,0.08575
8144353,129.2,3204.18,0.2968,0.12626
250493742,136.0,2981.5,0.3305,0.11362
87906143,123.05,2509.62,0.2157,0.0873
133544107,129.2,2644.83,0.28713,0.11311
229614270,129.2,2021.06,0.28795,0.06999
4962231,129.2,2099.57,0.2248,0.06209
253862812,117.45,1996.14,0.26474,0.0693
16222049,123.05,2596.97,0.27284,0.06121
14064142,129.2,2539.95,0.32124,0.11463
70865870,123.05,1652.37,0.17359,0.06336
25636133,117.45,2595.84,0.20238,0.1113
77019177,129.2,1653.08,0.2357,0.05316
85532982,129.2,2198.52,0.33847,0.06175
135713810,123.05,3180.37,0.2476,0.15836
186283572,129.2,2869.16,0.20636,0.13437
162434477,136.0,2159.16,0.26581,0.07345
13055160,92.29,2197.17,0.23072,0.0865
262055603,129.2,2263.75,0.25747,0.0815
196594783,129.2,3588.48,0.10034,0.21675
168083711,123.05,2565.67,0.34718,0.07547
177880047,123.05,2433.78,0.29807,0.0861
73756659,123.05,2687.95,0.20043,0.09015
105884230,123.05,2474.96,0.2282,0.08017
200722097,123.05,2238.19,0.29352,0.06359
11529779,123.05,2396.1,0.26552,0.08914
96864559,123.05,2596.39,0.36752,0.07189
240065118,123.05,2204.97,0.21924,0.08536
118818580,123.05,3264.56,0.23041,0.12478
144112929,123.05,2279.23,0.23787,0.07282
115721881,129.2,1956.09,0.26656,0.07482
231211488,123.05,2757.04,0.27692,0.0891
53247560,123.05,2876.13,0.2522,0.10883
114210551,129.2,2113.11,0.23383,0.07223
28473075,123.05,2743.59,0.26118,0.09943
145064120,123.05,2131.38,0.18491,0.10403
149948218,123.05,2740.02,0.23043,0.13288
120256845,129.2,2832.72,0.22023,0.13589
144811814,129.2,3246.06,0.22729,0.12694
133711296,123.05,1365.45,0.22126,0.03828
117994420,123.05,2391.41,0.28051,0.07029
10870401,129.2,1703.59,0.26374,0.03609
143159329,117.45,2458.64,0.24815,0.08989
80506032,123.05,1914.26,0.25803,0.0531
8572383,123.05,3549.38,0.11489,0.1664
109409661,123.05,2132.5,0.28638,0.05823
217111314,123.05,2707.84,0.3133,0.06755
120396120,123.05,2743.12,0.22313,0.12562
139533046,117.45,3092.58,0.25422,0.10684
238389713,123.05,2719.73,0.20042,0.10634
71466895,123.05,1488.69,0.27405,0.03743
172971288,123.05,2054.31,0.29838,0.05086
250028407,123.05,1494.29,0.27284,0.04886
175978658,123.05,1960.47,0.29671,0.05838
114595968,103.36,2154.98,0.22622,0.07382
74077990,123.05,2407.14,0.17666,0.09268
160569506,129.2,2829.96,0.15488,0.13364
179253101,123.05,2164.28,0.29718,0.06829
245958645,129.2,2199.76,0.23551,0.0894
222277390,123.05,1645.14,0.20152,0.05885
226579957,129.2,2297.95,0.13042,0.12178
180320602,129.2,2471.1,0.28736,0.0953
107934318,123.05,2801.04,0.26218,0.13605
868027,123.05,2942.59,0.35673,0.12454
8876713,123.05,2561.19,0.25089,0.09108
205385989,123.05,1676.12,0.29335,0.05868
251596751,129.2,2756.25,0.23992,0.09551
254288176,129.2,1975.61,0.22237,0.06459
110036836,129.2,2600.28,0.25292,0.13003
142482628,129.2,3551.52,0.21034,0.17344
151196082,123.05,1718.46,0.29945,0.0697
171965959,117.45,1859.2,0.22312,0.06401
6456592,129.2,1867.63,0.19033,0.0592
107214789,117.45,2143.36,0.18153,0.08914
66002765,107.67,2189.64,0.16013,0.07389
143282755,123.05,1536.46,0.26754,0.05891
264246038,123.05,2546.05,0.28704,0.07915
189128587,136.0,3182.11,0.34163,0.1249
225162288,129.2,3137.39,0.25112,0.12517
110508043,123.05,2519.63,0.32748,0.10537
161624698,129.2,1834.0,0.43261,0.05336
95511736,123.05,2286.62,0.30468,0.07032
123948732,123.05,2564.66,0.28261,0.08616
65851897,123.05,1418.87,0.31533,0.05833
234730634,123.05,1522.76,0.30782,0.03729
209155403,117.45,2775.89,0.27471,0.10279
187254702,123.05,2559.12,0.23527,0.08096
177277314,83.35,2324.26,0.28334,0.06113
53504415,129.2,2899.46,0.27882,0.09712
246218994,129.2,2120.05,0.22232,0.08253
205343488,129.2,2912.77,0.26926,0.14282
79344908,129.2,2344.13,0.30376,0.0747
142291057,129.2,2821.27,0.24915,0.13695
203618737,123.05,2278.45,0.21774,0.09521
160339994,129.2,2073.57,0.32166,0.05971
210081207,117.45,2309.0,0.30658,0.07032
68850055,123.05,2453.85,0.18197,0.10206
81957932,123.05,1869.13,0.25531,0.05335
164430549,117.45,3468.26,0.23934,0.17639
247299634,123.05,3254.59,0.2676,0.13883
41553823,123.05,2391.97,0.28472,0.08839
147853693,123.05,2339.33,0.29337,0.0618
120649009,123.05,2877.64,0.1061,0.13482
37221727,123.05,2444.51,0.17023,0.09134
213324341,129.2,2866.63,0.25301,0.11846
241970385,123.05,1551.98,0.31875,0.0316
135852736,123.05,1346.59,0.26017,0.03482
142852562,123.05,1276.15,0.26919,0.05014
226548242,123.05,1373.88,0.19252,0.03958
246336537,123.05,1382.0,0.17635,0.03061
205089886,123.05,1606.87,0.28861,0.06575
207578682,123.05,1971.35,0.22432,0.06707
206531485,123.05,2123.94,0.24921,0.09857
50566952,123.05,2614.94,0.24936,0.10674
3256524,117.45,2161.95,0.28724,0.05905
62236267,112.35,2127.07,0.25271,0.05963
90240040,123.05,1850.47,0.27185,0.04498
49685878,123.05,2730.13,0.24259,0.09814
242846059,129.2,1874.77,0.21315,0.06291
239491507,129.2,2105.3,0.35702,0.06052
265405532,123.05,2004.44,0.22696,0.05612
71802337,117.45,2111.46,0.21185,0.05688
203562457,117.45,1699.73,0.2274,0.05598
233225880,123.05,2647.35,0.23452,0.06471
101999775,129.2,2679.12,0.2321,0.0983
200424944,123.05,2330.65,0.22017,0.07341
179273628,123.05,854.25,0.27414,0.01781
118963202,117.45,1796.62,0.27864,0.0571
124753345,123.05,2390.68,0.2077,0.0864
241959927,161.5,2962.73,0.1841,0.16078
120075250,112.35,3212.22,0.16829,0.11794
258984490,129.2,2894.53,0.23436,0.11818
162888181,129.2,2718.67,0.2379,0.10219
57666379,123.05,1203.81,0.22903,0.04343
51288485,136.0,2508.24,0.13829,0.09999
232882584,112.35,2601.43,0.17531,0.07428
143995729,112.35,3802.21,0.14045,0.14727
178147121,123.05,2825.2,0.09648,0.11969
95790075,136.0,2755.77,0.26269,0.08421
221199771,136.0,2527.39,0.26405,0.11856
86954331,123.05,2900.33,0.21786,0.11622
66508778,107.67,2180.65,0.18285,0.09471
120207517,129.2,2638.47,0.28777,0.11167
241861863,136.0,2960.79,0.22108,0.15115
31199851,123.05,2927.46,0.17733,0.11814
90628967,103.36,2584.27,0.24157,0.12412
59807796,143.55,2718.34,0.17253,0.11728
2576102,117.45,2745.25,0.22617,0.11091
130189449,129.2,2803.91,0.28955,0.09719
260592423,123.05,2275.01,0.27154,0.07979
105293118,129.2,2111.29,0.16931,0.10154
223325702,136.0,2651.99,0.36302,0.07428
221500035,112.35,3406.87,0.34404,0.14775
29763804,112.35,3183.88,0.35302,0.1208
165820835,123.05,2057.07,0.23289,0.07652
126717370,129.2,2448.22,0.28807,0.08218
60936410,117.45,2024.92,0.26771,0.05574
179603671,129.2,2403.99,0.13299,0.1086
228313209,95.7,2805.1,0.22642,0.09925
14725363,123.05,3178.93,0.26427,0.14473
192611372,129.2,3012.32,0.26601,0.13542
88205667,161.5,2045.85,0.28339,0.08708
80066726,86.13,2677.01,0.13294,0.07362
15596020,136.0,2182.35,0.19182,0.09184
75316203,89.1,2707.43,0.18918,0.11862
6411561,129.2,1688.36,0.34559,0.06087
235224392,117.45,2550.42,0.20449,0.08983
184638524,117.45,2970.76,0.22085,0.14128
15833924,123.05,2024.68,0.28181,0.07473
222451034,123.05,2446.56,0.17241,0.09318
47902166,129.2,2679.64,0.20998,0.11951
161378388,123.05,2850.28,0.2334,0.10298
77241606,123.05,2268.89,0.2649,0.07147
39096762,117.45,2177.6,0.16951,0.06486
141877080,123.05,2290.62,0.15521,0.07219
192836932,129.2,2584.88,0.31096,0.09884
260794613,117.45,1974.74,0.25741,0.05987
94048170,123.05,2012.17,0.18836,0.067
205443422,123.05,2918.02,0.28435,0.13129
167082981,123.05,2409.49,0.23555,0.08117
208831221,123.05,2454.74,0.25996,0.08513
253841690,117.45,1250.61,0.14782,0.04306
164783338,123.05,3355.42,0.23401,0.15222
6739720,123.05,1486.71,0.22488,0.04322
34208182,117.45,2232.72,0.19793,0.09246
210167360,117.45,3284.17,0.21852,0.14596
152747405,117.45,2602.32,0.23782,0.10532
63222079,129.2,2968.58,0.2938,0.10961
104557639,129.2,2613.3,0.24814,0.09453
32345676,123.05,3235.17,0.30721,0.12763
99028810,129.2,2570.2,0.25159,0.11604
48531465,123.05,2663.92,0.24175,0.10068
256166131,129.2,2761.84,0.24907,0.13399
12692813,129.2,2520.23,0.21151,0.08676
15819665,129.2,3113.18,0.2686,0.13322
78136538,129.2,2873.99,0.24219,0.10821
52656849,129.2,2639.23,0.22642,0.07387
23998696,129.2,2818.21,0.16413,0.11214
104299003,129.2,2508.69,0.28918,0.08911
55062459,129.2,3148.3,0.22694,0.15134
31649842,129.2,3074.8,0.17271,0.12726
2522041,129.2,3059.12,0.23903,0.13439
197134978,86.13,2925.53,0.24348,0.13353
60497462,86.13,2874.17,0.23503,0.12181
247496628,123.05,2997.76,0.18046,0.09045
155478286,117.45,2122.43,0.21007,0.08153
126499407,129.2,2975.27,0.27193,0.12913
246182683,129.2,2741.01,0.24469,0.10668
11164333,123.05,2588.65,0.30307,0.11424
54620072,129.2,3160.37,0.25112,0.12599
99242051,123.05,2027.48,0.22933,0.07952
54321940,123.05,1974.18,0.32797,0.05455
193325295,123.05,2707.22,0.18595,0.13763
156371510,123.05,3369.54,0.32406,0.14589
183793576,123.05,2899.21,0.32945,0.10257
16074655,123.05,2325.48,0.25625,0.07948
36405901,123.05,2979.94,0.22662,0.13721
33477677,117.45,2511.25,0.32819,0.07534
51818595,83.35,3134.16,0.27114,0.11639
28339009,123.05,3597.91,0.26095,0.15974
260087601,123.05,2626.6,0.24093,0.09591
76237251,123.05,3228.59,0.22201,0.13995
157190901,123.05,3482.97,0.27016,0.15238
13051216,123.05,2845.58,0.22886,0.11005
133303555,123.05,3225.38,0.20223,0.13716
193389203,129.2,3122.39,0.24629,0.12634
53187328,123.05,2925.5,0.23764,0.11288
248612290,123.05,3081.98,0.27668,0.14176
253550759,123.05,3096.19,0.24233,0.15758
122402383,123.05,2509.99,0.22437,0.10588
63857485,117.45,2854.73,0.28128,0.11094
43366243,123.05,3185.87,0.25789,0.11443
117453108,123.05,2491.53,0.27907,0.09493
106486169,129.2,2402.66,0.24917,0.09632
46895769,123.05,3267.43,0.33612,0.11055
122073655,123.05,2517.03,0.2817,0.09177
82143842,123.05,2353.05,0.29632,0.06524
202285829,123.05,2592.73,0.26736,0.09884
103882809,123.05,3075.99,0.25093,0.12711
243613355,123.05,2982.87,0.30447,0.13537
233073388,123.05,2907.15,0.31224,0.1235
42817,123.05,2661.58,0.30019,0.08984
101797701,123.05,2913.51,0.25687,0.11415
207635129,123.05,3039.44,0.32704,0.13447
21249631,123.05,3122.31,0.23916,0.11414
56628209,123.05,2679.04,0.26955,0.10886
128092935,123.05,2935.51,0.2427,0.12902
243555710,123.05,2498.78,0.28602,0.10776
50980858,123.05,3670.39,0.22218,0.2085
122279295,123.05,2691.06,0.2497,0.1383
38889007,123.05,3593.22,0.14748,0.20292
115391433,123.05,2549.64,0.27403,0.11539
183730268,123.05,3385.79,0.225,0.18974
217099000,123.05,2927.93,0.28219,0.10786
249043622,123.05,2741.23,0.37468,0.08655
217053592,129.2,2161.58,0.3349,0.0664
108207542,123.05,2173.78,0.27312,0.0558
211298468,123.05,2685.05,0.3089,0.0877
39005338,129.2,2108.04,0.19285,0.07508
194567880,129.2,1928.83,0.30783,0.07125
191224851,129.2,2258.6,0.33292,0.10264
25018834,123.05,2875.95,0.22145,0.12802
70877919,123.05,2880.18,0.19316,0.14176
210549534,123.05,1327.65,0.22028,0.04171
104822399,123.05,2315.48,0.35363,0.08844
18657487,123.05,3236.68,0.25599,0.14282
3088674,123.05,3553.32,0.23089,0.16748
178320270,123.05,3344.26,0.25422,0.18633
211043626,123.05,2937.39,0.19858,0.15145
57860442,123.05,2714.49,0.32639,0.11259
36546076,123.05,2869.03,0.23962,0.12755
237649767,123.05,3439.46,0.31343,0.13543
241917082,117.45,1933.27,0.28234,0.05662
238120945,123.05,1811.44,0.3108,0.05351
57232977,123.05,2601.23,0.1879,0.10033
56189464,123.05,3188.4,0.24279,0.13052
248373422,129.2,2966.37,0.24066,0.11836
66361430,123.05,3243.23,0.23821,0.13985
246189500,123.05,3296.06,0.13915,0.14323
99443474,123.05,2288.69,0.30466,0.07055
158485928,123.05,2084.37,0.31665,0.03529
99999823,117.45,2164.91,0.27587,0.07518
57263074,123.05,2433.45,0.20817,0.10198
215638744,123.05,1562.4,0.21208,0.0348
255352120,129.2,2599.83,0.21698,0.08829
7648747,123.05,2931.77,0.2862,0.10217
146485670,123.05,2535.87,0.23292,0.10313
109646361,123.05,3206.07,0.2753,0.12285
11987517,123.05,2832.15,0.23538,0.10524
213121373,83.35,3319.33,0.30403,0.1254
97209575,129.2,2343.76,0.34505,0.06535
56288066,123.05,1437.44,0.31197,0.04051
142255562,123.05,1213.71,0.19205,0.04476
155915113,117.45,2387.2,0.27699,0.0794
66036943,123.05,1666.27,0.18001,0.05978
232126191,123.05,1844.75,0.29993,0.04052
174356448,123.05,1109.52,0.11962,0.04468
193219178,123.05,1155.64,0.215,0.03067
74164206,123.05,2299.99,0.18954,0.08307
257918665,123.05,3225.34,0.21078,0.15289
257790209,123.05,2131.36,0.22945,0.07846
24030003,123.05,2149.17,0.23656,0.06826
79743417,123.05,2432.68,0.24597,0.08887
33373979,123.05,1928.37,0.24689,0.05574
239246995,123.05,2986.04,0.24855,0.12893
242816555,123.05,2788.26,0.20702,0.14798
94510059,83.35,2254.16,0.27338,0.07831
94250942,123.05,2558.76,0.19815,0.08493
155559284,129.2,2452.54,0.26804,0.09701
66549871,129.2,2531.48,0.33626,0.11127
89852876,152.0,1846.61,0.22973,0.05881
92210048,123.05,3014.95,0.29468,0.1078
205528470,123.05,3248.52,0.2803,0.14811
37671642,123.05,2546.05,0.1826,0.09093
46149138,123.05,2950.93,0.20895,0.1387
263838110,123.05,2761.55,0.30568,0.11295
206083510,123.05,2117.04,0.16506,0.08239
192748585,129.2,2829.9,0.28892,0.08076
177243562,129.2,2697.2,0.19654,0.16007
132669544,123.05,2233.86,0.29842,0.07207
96715301,123.05,2251.65,0.2045,0.09039
50361589,129.2,2521.19,0.21825,0.11436
11752734,129.2,2448.26,0.24854,0.11535
60843445,129.2,2654.36,0.13587,0.14197
158568994,129.2,2959.87,0.28938,0.10599
266055610,129.2,1794.33,0.22471,0.05818
138185723,129.2,2770.92,0.24024,0.10143
92618349,123.05,1789.48,0.2508,0.05853
245286149,123.05,2164.03,0.24968,0.08724
72241471,123.05,1411.45,0.34554,0.0387
73555401,123.05,2482.71,0.26896,0.0927
69893860,123.05,1779.4,0.22572,0.06108
258455697,117.45,626.46,0.19172,0.02414
65334094,117.45,2166.65,0.24812,0.06339
233798151,123.05,716.75,0.13911,0.02096
156019769,117.45,958.33,0.22932,0.02497
262466056,117.45,2408.87,0.13242,0.0854
217797939,172.27,1447.33,0.17708,0.05055
64499418,184.57,2064.79,0.17979,0.09186
98074513,172.27,1965.57,0.20355,0.08211
116955098,86.13,1679.71,0.16887,0.05573
30256061,161.5,1552.19,0.11089,0.06143
30371328,129.2,1865.48,0.21042,0.06573
194691064,123.05,2232.66,0.22456,0.08898
213695369,112.35,670.12,0.1403,0.04651
95342033,123.05,1332.75,0.23702,0.05428
262563510,123.05,2045.08,0.30488,0.07777
100853199,129.2,3683.31,0.25495,0.20029
244422683,123.05,1829.02,0.30484,0.03484
259934430,117.45,2842.3,0.20693,0.10343
58750145,123.05,1776.76,0.2763,0.05406
224016883,123.05,2736.3,0.20086,0.11549
37965302,117.45,1420.94,0.25768,0.04092
166749781,129.2,2291.23,0.18731,0.08395
1252394,117.45,2574.16,0.23457,0.08792
130274233,123.05,1813.29,0.26799,0.04416
66097820,117.45,3366.53,0.19137,0.14388
128131303,117.45,2687.28,0.21658,0.09306
168566909,123.05,3678.31,0.21971,0.22226
226457984,123.05,1608.55,0.17965,0.04865
10907626,123.05,1008.17,0.15931,0.03755
53487092,123.05,1047.66,0.17029,0.03394
224865103,172.27,966.85,0.16386,0.04769
115555717,143.55,483.99,0.07771,0.0386
227542983,103.36,749.19,0.14141,0.05408
239399695,123.05,754.06,0.24179,0.03126
139102897,161.5,1185.98,0.21158,0.03298
118445982,129.2,1139.0,0.07539,0.05985
161190722,123.05,2339.51,0.275,0.07094
166644004,123.05,2743.24,0.2192,0.08134
124969028,123.05,2737.15,0.28198,0.09039
3377316,123.05,2912.78,0.31664,0.10279
173759724,117.45,1628.02,0.27858,0.04348
2553085,123.05,2121.79,0.26494,0.04106
122593086,117.45,2898.68,0.22761,0.08604
111947582,117.45,1420.81,0.20161,0.03867
191660897,117.45,1766.07,0.2177,0.05122
80880564,123.05,1876.0,0.22059,0.05251
83174497,129.2,2437.75,0.20357,0.10646
143774300,129.2,3003.02,0.20556,0.13219
62924226,117.45,1956.44,0.28666,0.06415
7718177,123.05,2567.8,0.19824,0.13144
82118020,123.05,3107.79,0.256,0.12543
62018699,123.05,2620.87,0.30174,0.11497
252282253,123.05,3250.06,0.23062,0.13452
144332392,123.05,2200.85,0.20665,0.07547
36249535,123.05,2456.64,0.30596,0.08355
98011135,123.05,2460.13,0.339,0.0955
83802649,123.05,1358.67,0.17677,0.03152
102787493,123.05,2266.96,0.31562,0.08061
74765790,123.05,1647.79,0.32253,0.04213
45914089,123.05,2901.53,0.19815,0.09309
132085448,123.05,1905.05,0.27559,0.05351
23884660,129.2,2087.69,0.0677,0.07497
9591340,129.2,2899.89,0.28225,0.11072
67265897,129.2,3731.47,0.21282,0.13207
144735268,143.55,2610.97,0.23588,0.0926
58930826,129.2,2905.4,0.2918,0.12196
117696522,123.05,2487.39,0.30603,0.10355
120684489,129.2,2677.04,0.23696,0.12823
229295356,129.2,2372.38,0.24927,0.08485
216866691,129.2,2286.38,0.22371,0.10443
213288014,123.05,1387.1,0.20166,0.05597
226861714,123.05,2145.31,0.28668,0.05944
26012895,117.45,2352.43,0.26711,0.09088
203530737,123.05,2623.18,0.25709,0.09166
214746582,123.05,2008.86,0.22796,0.07701
208798450,123.05,1601.3,0.27215,0.05093
198948852,123.05,2336.53,0.2532,0.0843
230554954,123.05,1205.43,0.16883,0.05323
123232682,123.05,2690.34,0.34457,0.09354
67978892,99.38,2704.13,0.22131,0.11905
92847563,129.2,3196.11,0.24839,0.15664
261421035,117.45,1764.33,0.0795,0.08664
100643644,129.2,2297.56,0.23334,0.08774
181791876,129.2,2594.34,0.23333,0.11925
210395754,123.05,1810.15,0.2577,0.05688
101313874,129.2,2175.67,0.20151,0.08999
46591672,123.05,2080.09,0.31251,0.06077
166140080,123.05,2565.67,0.28974,0.10987
112935246,123.05,2221.19,0.38727,0.08055
258700135,129.2,2970.09,0.34809,0.10466
155089379,136.0,2133.77,0.25246,0.06694
34147214,123.05,2183.38,0.23423,0.09233
12035450,129.2,2581.79,0.22409,0.12757
72978642,143.55,2725.43,0.39586,0.10742
175204661,129.2,3223.3,0.24716,0.16244
47383931,123.05,2181.96,0.30777,0.08545
128010681,129.2,2060.74,0.33994,0.06488
19533882,83.35,2636.91,0.24698,0.10442
194518919,117.45,2067.92,0.26565,0.05868
142178931,123.05,2276.31,0.28607,0.07173
253980762,99.38,2036.21,0.25917,0.06451
228123629,123.05,2205.84,0.22821,0.08379
159600434,129.2,2523.21,0.30312,0.08717
182272934,123.05,1910.77,0.25807,0.06713
27721894,123.05,3008.73,0.21303,0.12603
44505841,123.05,2959.96,0.22691,0.13587
193244527,123.05,3893.07,0.18539,0.1931
44061017,129.2,2649.19,0.24844,0.11572
212015421,129.2,2662.1,0.16336,0.09196
68804519,83.35,2218.0,0.29018,0.05858
110878448,123.05,2453.03,0.20341,0.09699
250661625,123.05,1852.45,0.20217,0.05992
173106546,123.05,1606.43,0.19501,0.05045
57619020,123.05,2810.1,0.20648,0.12269
260857010,123.05,2321.58,0.25279,0.08645
87331148,123.05,2255.94,0.31567,0.08179
100192052,123.05,2326.19,0.29606,0.08264
65833280,92.29,3279.69,0.26652,0.14131
188501304,123.05,2120.55,0.16083,0.10982
248477963,129.2,2073.49,0.31285,0.07427
126723294,123.05,3027.24,0.22191,0.12425
138163211,123.05,1916.09,0.17403,0.06779
81398455,123.05,1752.03,0.32284,0.05592
35615013,123.05,1850.84,0.30548,0.07151
231049991,123.05,3210.34,0.18193,0.13724
77425921,123.05,2302.48,0.3136,0.07295
246105608,123.05,2809.86,0.23641,0.10377
78752155,129.2,2222.93,0.19328,0.1083
207318538,123.05,2253.55,0.24487,0.05287
222126104,123.05,2918.51,0.24969,0.12545
244682052,123.05,2932.68,0.19572,0.13407
266253839,123.05,2673.23,0.37862,0.08329
54328170,123.05,2915.31,0.31681,0.11015
175560840,123.05,3679.04,0.23971,0.182
82072556,129.2,2660.84,0.25161,0.1259
226804559,123.05,2557.49,0.2226,0.12198
140279177,123.05,2752.12,0.16515,0.11269
64664628,123.05,1973.72,0.24911,0.06495
220064614,136.0,2559.58,0.24311,0.10238
70301940,123.05,1953.74,0.21206,0.09716
67777204,123.05,2748.65,0.22579,0.13844
83157809,129.2,3434.75,0.23719,0.13871
34651732,129.2,2378.38,0.2676,0.09799
4660066,117.45,2112.89,0.30181,0.06373
144254439,123.05,2238.56,0.26419,0.07091
73231862,123.05,2492.32,0.24337,0.08736
114742623,129.2,1853.67,0.37253,0.04666
136312174,123.05,2398.97,0.30987,0.09341
123668515,123.05,2155.21,0.26253,0.07611
2870356,123.05,2728.12,0.26049,0.08178
251622595,123.05,2788.08,0.22798,0.11429
247166717,123.05,1694.49,0.20576,0.05639
44463798,123.05,2312.89,0.16137,0.09814
227896933,123.05,3052.52,0.31735,0.10995
113420552,129.2,2215.0,0.25292,0.07284
183986557,129.2,3188.5,0.29228,0.12932
260551555,123.05,2812.93,0.26067,0.09694
49435172,117.45,2361.39,0.28015,0.0984
222476245,123.05,2220.2,0.27155,0.07317
35286308,129.2,3385.92,0.22965,0.19122
216290388,129.2,3200.36,0.24186,0.16313
145681345,129.2,3106.56,0.23392,0.13764
14542833,129.2,3974.76,0.09919,0.25562
181456237,129.2,2718.61,0.23881,0.11142
165337978,129.2,3000.34,0.18058,0.13396
262721257,123.05,3232.61,0.25219,0.10486
124516643,129.2,2414.12,0.30806,0.09041
146422667,129.2,2519.58,0.34361,0.07734
248079097,129.2,2524.19,0.33217,0.07807
177170427,123.05,2876.83,0.22733,0.11969
167983346,129.2,2942.68,0.26439,0.14099
202261534,129.2,2865.84,0.30257,0.09361
182239883,123.05,1506.02,0.247,0.05277
242423615,123.05,2613.7,0.21308,0.10723
222898469,129.2,2078.57,0.29409,0.06197
266015357,129.2,3135.98,0.23526,0.1404
268344549,123.05,2199.81,0.21809,0.09809
257418135,123.05,2117.38,0.33824,0.05894
161952906,129.2,3057.68,0.2237,0.1483
45476051,123.05,2365.48,0.23909,0.08517
54823463,129.2,2427.67,0.26174,0.08414
242076249,123.05,3201.0,0.33897,0.12037
63590651,123.05,2439.69,0.25411,0.07774
106450801,123.05,2592.53,0.15882,0.09077
70518781,129.2,3083.77,0.27973,0.12521
138503574,123.05,2508.0,0.26824,0.10691
12664201,129.2,2337.89,0.19519,0.09474
160761280,123.05,2321.17,0.26581,0.10113
73290940,123.05,2579.57,0.23693,0.09765
208128296,123.05,2539.81,0.28536,0.08308
160933251,123.05,3185.91,0.29445,0.1392
116600543,123.05,2796.94,0.34228,0.09728
106859969,129.2,2369.31,0.11021,0.09127
16363123,129.2,2626.14,0.29196,0.09643
74315702,123.05,3345.16,0.26609,0.14191
176601408,129.2,2421.92,0.1976,0.09617
135105938,129.2,2847.15,0.25831,0.12213
57602274,129.2,2730.51,0.33338,0.10707
40055949,123.05,2247.34,0.26102,0.08908
82207343,129.2,2746.5,0.22708,0.12886
90819520,129.2,2781.69,0.23373,0.12062
80105272,123.05,2219.38,0.23906,0.08541
1204310,123.05,2226.17,0.23153,0.08535
42907651,123.05,3654.77,0.25053,0.18496
154890399,123.05,3883.14,0.28387,0.19382
177606753,129.2,2633.53,0.20673,0.10785
185277128,123.05,3237.99,0.18324,0.13154
190586303,129.2,3192.29,0.21653,0.13993
12184528,123.05,2246.77,0.16383,0.09412
21518702,129.2,2507.97,0.34524,0.11151
149766101,136.0,3037.03,0.25001,0.15331
238497453,123.05,2743.7,0.33837,0.06266
32057694,129.2,1478.12,0.25136,0.05749
266210060,143.55,2652.79,0.32251,0.1075
229597841,123.05,2213.95,0.23544,0.07548
221441172,129.2,2957.08,0.24376,0.1175
40767270,123.05,2292.28,0.28135,0.08592
198001944,117.45,2838.92,0.18348,0.12077
246483809,123.05,3372.06,0.25732,0.12235
237185345,129.2,2900.92,0.19675,0.10513
104634959,123.05,2259.03,0.19795,0.10059
256329897,129.2,2318.82,0.2938,0.08168
226256361,123.05,2347.2,0.30953,0.05798
157347970,123.05,2502.51,0.25415,0.10104
244073587,123.05,3187.35,0.34494,0.10512
212902407,123.05,3233.32,0.2126,0.15276
18282426,123.05,2411.45,0.27877,0.09465
212118654,129.2,2820.73,0.37141,0.07781
171375868,129.2,3318.22,0.25951,0.12048
264410330,123.05,3239.64,0.22225,0.15825
53012580,123.05,3433.41,0.21106,0.17212
255248031,123.05,3223.62,0.35371,0.08542
136426595,123.05,3150.77,0.22336,0.13221
83425330,123.05,3592.52,0.19295,0.17549
188266223,123.05,2681.57,0.19009,0.11741
257872757,123.05,3645.6,0.21365,0.20183
186490709,129.2,2910.83,0.38193,0.08679
37939547,123.05,2192.05,0.15074,0.09344
176362929,123.05,2530.75,0.26475,0.10113
162245950,123.05,2752.54,0.0647,0.08313
162960809,123.05,2403.62,0.225,0.11231
233401210,129.2,2790.36,0.26005,0.10766
145018311,123.05,2632.56,0.22781,0.09255
123819654,129.2,2220.68,0.26438,0.08019
73840231,123.05,2620.27,0.23604,0.07923
168652789,123.05,2253.44,0.27422,0.08933
259672871,123.05,2014.2,0.26854,0.07658
61414869,123.05,2960.04,0.27051,0.09601
206229469,129.2,2204.96,0.28406,0.07902
18215426,123.05,3502.97,0.30545,0.17255
126988717,123.05,3502.97,0.30545,0.17255
252373531,123.05,3452.95,0.24304,0.16678
14100046,123.05,1962.93,0.23506,0.07212
241330621,123.05,2521.86,0.21854,0.08456
61464348,117.45,1938.42,0.21765,0.07654
83952264,123.05,2834.51,0.26881,0.09947
199120915,123.05,3446.57,0.21542,0.15388
127697968,83.35,2857.2,0.15129,0.1269
59605050,123.05,3433.07,0.276,0.17876
83939860,123.05,2644.35,0.20493,0.1091
259113998,123.05,2605.25,0.25494,0.1173
28179895,123.05,2541.4,0.20362,0.11111
95971987,129.2,2803.27,0.29763,0.08676
6962149,123.05,1512.17,0.33118,0.05396
223956703,129.2,3140.04,0.18103,0.12457
233511102,123.05,2202.35,0.20339,0.07119
53146043,161.5,3074.49,0.15844,0.13152
228138514,129.2,4500.79,0.14256,0.26971
159075700,129.2,2826.73,0.33539,0.1027
170881323,123.05,2965.08,0.26332,0.12195
168933964,129.2,4500.79,0.14256,0.26971
5779086,129.2,2098.15,0.28875,0.07259
126252321,123.05,2752.54,0.0647,0.08313
143140831,129.2,3445.96,0.27219,0.17678
90344715,123.05,2865.39,0.27201,0.12879
219297375,123.05,3216.1,0.25669,0.11911
108446548,117.45,1900.42,0.15062,0.06573
258114607,123.05,1748.43,0.27568,0.05492
244861211,123.05,2649.08,0.16294,0.11188
76286544,123.05,2554.24,0.31503,0.07912
182315975,123.05,2594.87,0.21003,0.08178
246838128,117.45,1741.27,0.18803,0.05642
185842081,123.05,1526.16,0.20443,0.05366
151519858,123.05,3208.95,0.21446,0.12343
67947353,123.05,3500.02,0.25702,0.12165
112131096,123.05,2833.26,0.22525,0.14398
48230120,123.05,3218.46,0.26531,0.14308
69169679,123.05,2564.68,0.22056,0.101
102684890,117.45,2216.39,0.27934,0.07627
42736441,117.45,2101.02,0.16622,0.06783
218742640,123.05,1854.27,0.23909,0.06052
169181380,117.45,2833.94,0.17486,0.12013
213809385,123.05,2729.52,0.28389,0.09502
84641877,129.2,2278.51,0.25763,0.06954
244773918,129.2,1035.65,0.27981,0.05203
19061999,123.05,2425.1,0.29757,0.0952
239007742,129.2,3299.17,0.3137,0.13237
240844730,123.05,2824.71,0.2384,0.10298
262472767,129.2,2216.21,0.22309,0.06754
97397942,83.35,1729.22,0.34311,0.04929
30485732,172.27,1003.41,0.17634,0.03315
257492977,123.05,2457.24,0.29017,0.10122
70612287,123.05,3061.39,0.2433,0.11921
181149276,123.05,2539.68,0.23449,0.10647
226296583,123.05,2273.43,0.25255,0.08325
232880138,123.05,1976.96,0.16544,0.0645
96807360,123.05,3418.9,0.27696,0.11246
119549782,123.05,2933.46,0.20125,0.12888
78571056,123.05,2783.0,0.30225,0.09024
225148434,123.05,2602.15,0.3744,0.09609
192179557,123.05,2637.04,0.14793,0.13663
79325697,123.05,3014.58,0.1775,0.15533
117968564,123.05,2536.06,0.23204,0.09195
36947286,129.2,2919.26,0.2507,0.11932
188822477,123.05,3444.21,0.2765,0.15975
236787459,123.05,1965.7,0.18874,0.07422
71190843,123.05,2653.03,0.33019,0.11539
103117835,123.05,2572.95,0.24528,0.1067
81097197,123.05,2274.66,0.25711,0.06377
254006392,129.2,2955.01,0.21302,0.10258
81188252,129.2,2967.48,0.23911,0.09156
190119041,123.05,2828.58,0.17502,0.10147
231621664,129.2,2473.2,0.27293,0.07384
31227636,129.2,3281.12,0.23773,0.14772
144719859,123.05,2454.27,0.14509,0.09721
7058919,129.2,3415.19,0.27817,0.13562
33896181,123.05,2413.01,0.18416,0.08835
141581005,129.2,2225.04,0.28567,0.06989
237265786,123.05,2350.75,0.34119,0.06599
69923647,136.0,2181.56,0.18734,0.07977
